{"type":"FeatureCollection","name":"FMD Sumy 2x2 km experiment","bbox":[34.75081392347039,50.85607938825009,34.77927982652962,50.874045611749914],"metadata":{"center":[34.765046875,50.8650625],"plus_code":"9G2PVQ88+22F","area":"2x2 km","source":"OpenStreetMap via Overpass API","building_icons":"unique procedural roofs sized from both footprint axes at reference zoom 16","tree_decorations":"233 deterministic trees placed near clear residential buildings","region_id":"sumy-v1","refreshed_at":"2026-07-19T11:12:15.315Z"},"features":[{"type":"Feature","id":"node/6159156918","properties":{"amenity":"bar","name":"Ластівка","name:uk":"Ластівка","opening_hours":"Mo-Su 10:00-22:00","osm_id":6159156918,"osm_type":"node","kind":"poi","label":"Ластівка","fantasy_icon":"•"},"geometry":{"type":"Point","coordinates":[34.771876,50.8733055]}},{"type":"Feature","id":"node/6159157136","properties":{"amenity":"fuel","brand":"ANP","fuel:lpg":"yes","osm_id":6159157136,"osm_type":"node","kind":"poi","label":"","fantasy_icon":"•"},"geometry":{"type":"Point","coordinates":[34.7718734,50.8724321]}},{"type":"Feature","id":"node/6477358298","properties":{"amenity":"cafe","name":"Авто \"Stop\"","name:uk":"Авто \"Stop\"","osm_id":6477358298,"osm_type":"node","kind":"poi","label":"Авто \"Stop\"","fantasy_icon":"•"},"geometry":{"type":"Point","coordinates":[34.7764958,50.8735939]}},{"type":"Feature","id":"node/8002579027","properties":{"amenity":"recycling","phone":"+380 66 070 2164;+380 67 978 2774","recycling:glass":"yes","recycling:paper":"yes","recycling:plastic":"yes","recycling:scrap_metal":"yes","recycling_type":"centre","osm_id":8002579027,"osm_type":"node","kind":"poi","label":"","fantasy_icon":"•"},"geometry":{"type":"Point","coordinates":[34.7697812,50.8733326]}},{"type":"Feature","id":"node/8118060071","properties":{"amenity":"car_wash","osm_id":8118060071,"osm_type":"node","kind":"poi","label":"","fantasy_icon":"•"},"geometry":{"type":"Point","coordinates":[34.7773251,50.8733069]}},{"type":"Feature","id":"node/8899122885","properties":{"amenity":"bench","backrest":"no","material":"wood","osm_id":8899122885,"osm_type":"node","kind":"poi","label":"","fantasy_icon":"•"},"geometry":{"type":"Point","coordinates":[34.7697295,50.8712863]}},{"type":"Feature","id":"node/9115842660","properties":{"amenity":"recycling","phone":"+380 66 070 2164;+380 67 978 2774","recycling:glass_bottles":"yes","recycling:paper":"yes","recycling:scrap_metal":"yes","recycling_type":"centre","osm_id":9115842660,"osm_type":"node","kind":"poi","label":"","fantasy_icon":"•"},"geometry":{"type":"Point","coordinates":[34.7765516,50.8733505]}},{"type":"Feature","id":"node/9350527289","properties":{"name":"Тімірязєвка","name:ru":"Тимирязевка","name:uk":"Тімірязєвка","place":"neighbourhood","osm_id":9350527289,"osm_type":"node","kind":"poi","label":"Тімірязєвка","fantasy_icon":"•"},"geometry":{"type":"Point","coordinates":[34.7683569,50.8670666]}},{"type":"Feature","id":"way/28598672","properties":{"highway":"secondary","lit":"yes","loc_ref":"Т-19-09","maxspeed":"50","name":"вулиця Герасима Кондратьєва","name:etymology:wikidata":"Q4230601","name:ru":"улица Герасима Кондратьева","name:uk":"вулиця Герасима Кондратьєва","old_name":"вулиця Кірова","ref":"Т-19-09","sidewalk":"both","surface":"asphalt","trolley_wire":"yes","osm_id":28598672,"osm_type":"way","kind":"road","label":"вулиця Герасима Кондратьєва"},"geometry":{"type":"LineString","coordinates":[[34.7843693,50.8815929],[34.7841222,50.8814834],[34.7839719,50.8814152],[34.7838556,50.8813641],[34.7837489,50.8813173],[34.7836148,50.8812588],[34.7828862,50.880945],[34.7821697,50.8806285],[34.7817313,50.8804345],[34.7812753,50.8802336],[34.7809618,50.8800926],[34.7804753,50.8798738],[34.7802963,50.8798001],[34.7799016,50.879623],[34.7794884,50.8794372],[34.7791932,50.8792986],[34.7786647,50.8790601],[34.7779849,50.8787504],[34.7767895,50.8782016],[34.7761265,50.8778686],[34.7759305,50.8777374],[34.7757656,50.8776033],[34.775587,50.877455],[34.7753055,50.8771879],[34.7752247,50.8770815],[34.7751078,50.8769305],[34.7750561,50.8768622],[34.7746325,50.8762942],[34.7739668,50.8754231],[34.7732804,50.8745118],[34.7730529,50.8742416],[34.7726119,50.8737029]]}},{"type":"Feature","id":"way/28598803","properties":{"highway":"secondary","loc_ref":"Т-19-09","ref":"Т-19-09","surface":"asphalt","osm_id":28598803,"osm_type":"way","kind":"road","label":""},"geometry":{"type":"LineString","coordinates":[[34.7705677,50.8719398],[34.7698159,50.8714878],[34.767315,50.8699839],[34.7668458,50.8697126]]}},{"type":"Feature","id":"way/145320631","properties":{"highway":"residential","name":"вулиця Івана Багряного","name:ru":"Ивана Багряного улица","name:uk":"вулиця Івана Багряного","surface":"gravel","osm_id":145320631,"osm_type":"way","kind":"road","label":"вулиця Івана Багряного"},"geometry":{"type":"LineString","coordinates":[[34.7771469,50.8689896],[34.7769392,50.8689328],[34.7768439,50.8689197],[34.7766928,50.8689074],[34.7765577,50.8689352],[34.7743197,50.8679457],[34.7720289,50.8669371]]}},{"type":"Feature","id":"way/145320688","properties":{"highway":"residential","name":"вулиця Калнишевського","name:pl":"ulica Kalniszewskiego","name:ru":"Калнышевского улица","name:uk":"вулиця Калнишевського","osm_id":145320688,"osm_type":"way","kind":"road","label":"вулиця Калнишевського"},"geometry":{"type":"LineString","coordinates":[[34.765048,50.8733393],[34.7637087,50.8739808],[34.7623239,50.8746856],[34.7607629,50.8754252],[34.7593237,50.8761007],[34.7579361,50.8768195]]}},{"type":"Feature","id":"way/145320698","properties":{"highway":"unclassified","osm_id":145320698,"osm_type":"way","kind":"road","label":""},"geometry":{"type":"LineString","coordinates":[[34.7677862,50.8687203],[34.7680614,50.868513],[34.7691967,50.867955],[34.7693499,50.8677775]]}},{"type":"Feature","id":"way/145320714","properties":{"highway":"residential","name":"вулиця Полковника Перехрестова-Осипова","name:en":"Polkovnyka Perekhrestova-Osypova Street","name:uk":"вулиця Полковника Перехрестова-Осипова","old_name:pl":"ulica Nesterowa","old_name:uk":"вулиця Нестерова","osm_id":145320714,"osm_type":"way","kind":"road","label":"вулиця Полковника Перехрестова-Осипова"},"geometry":{"type":"LineString","coordinates":[[34.7693394,50.867648],[34.7693359,50.8672616],[34.7699051,50.8669206],[34.7710244,50.8662512],[34.7710962,50.8662063],[34.7711352,50.8661334]]}},{"type":"Feature","id":"way/165049779","properties":{"hgv":"no","highway":"tertiary","loc_ref":"О-191512","maxspeed":"50","name":"Лебединська вулиця","name:etymology:wikidata":"Q476688","name:ru":"Лебединская улица","name:uk":"Лебединська вулиця","ref":"О-191512","surface":"asphalt","osm_id":165049779,"osm_type":"way","kind":"road","label":"Лебединська вулиця"},"geometry":{"type":"LineString","coordinates":[[34.775587,50.877455],[34.775689,50.8769856],[34.7757928,50.8765192],[34.7758713,50.8760815],[34.77591,50.875849],[34.7760221,50.8751612],[34.7760611,50.8749221],[34.776225,50.8739041],[34.7763084,50.8734415],[34.7763533,50.8731265],[34.7764962,50.8723982],[34.7766384,50.8715798],[34.7766638,50.8714632],[34.7767724,50.8709676],[34.7768176,50.8707025],[34.7769008,50.8702566]]}},{"type":"Feature","id":"way/165049780","properties":{"highway":"unclassified","maxspeed":"50","name":"Лебединська вулиця","name:ru":"Лебединская улица","name:uk":"Лебединська вулиця","surface":"asphalt","osm_id":165049780,"osm_type":"way","kind":"road","label":"Лебединська вулиця"},"geometry":{"type":"LineString","coordinates":[[34.7763533,50.8731265],[34.7798736,50.8745324],[34.7807701,50.8748954],[34.7810479,50.8750003]]}},{"type":"Feature","id":"way/165049790","properties":{"highway":"service","osm_id":165049790,"osm_type":"way","kind":"road","label":""},"geometry":{"type":"LineString","coordinates":[[34.776225,50.8739041],[34.7766365,50.873851]]}},{"type":"Feature","id":"way/165049827","properties":{"highway":"residential","osm_id":165049827,"osm_type":"way","kind":"road","label":""},"geometry":{"type":"LineString","coordinates":[[34.7766638,50.8714632],[34.7771652,50.8715119],[34.777505,50.8716498],[34.7777384,50.8717495],[34.778587,50.872128],[34.7791578,50.8723319],[34.7792475,50.8723178],[34.7793837,50.8722015],[34.7795816,50.8720406],[34.7801544,50.8722792]]}},{"type":"Feature","id":"way/165726845","properties":{"highway":"residential","name":"вулиця Полковника Перехрестова-Осипова","name:en":"Polkovnyka Perekhrestova-Osypova Street","name:uk":"вулиця Полковника Перехрестова-Осипова","old_name:pl":"ulica Nesterowa","old_name:uk":"вулиця Нестерова","surface":"gravel","osm_id":165726845,"osm_type":"way","kind":"road","label":"вулиця Полковника Перехрестова-Осипова"},"geometry":{"type":"LineString","coordinates":[[34.7747641,50.8690567],[34.7740834,50.8689089],[34.7736693,50.8688318],[34.7733875,50.8687215],[34.7726823,50.8683935],[34.7718525,50.8680138],[34.7709799,50.8675993],[34.7704782,50.8673754],[34.7699051,50.8669206]]}},{"type":"Feature","id":"way/165726853","properties":{"highway":"service","surface":"gravel","osm_id":165726853,"osm_type":"way","kind":"road","label":""},"geometry":{"type":"LineString","coordinates":[[34.7709799,50.8675993],[34.7720289,50.8669371]]}},{"type":"Feature","id":"way/165726856","properties":{"highway":"tertiary","loc_ref":"О-191512","ref":"О-191512","surface":"asphalt","osm_id":165726856,"osm_type":"way","kind":"road","label":""},"geometry":{"type":"LineString","coordinates":[[34.7769008,50.8702566],[34.7769773,50.8698516],[34.7769875,50.8697977],[34.7770691,50.869266],[34.7771026,50.869124],[34.7771469,50.8689896],[34.7772192,50.8688001],[34.7772705,50.868724],[34.7774261,50.868556],[34.7774913,50.8684942],[34.7776011,50.8684073]]}},{"type":"Feature","id":"way/233652338","properties":{"building":"hut","osm_id":233652338,"osm_type":"way","kind":"building","label":""},"geometry":{"type":"Polygon","coordinates":[[[34.7772585,50.870831],[34.7772761,50.8708084],[34.7773059,50.8708176],[34.7772883,50.8708403],[34.7772585,50.870831]]]}},{"type":"Feature","id":"way/233653193","properties":{"bicycle":"dismount","foot":"yes","highway":"path","motor_vehicle":"no","sidewalk":"none","surface":"grass","osm_id":233653193,"osm_type":"way","kind":"road","label":""},"geometry":{"type":"LineString","coordinates":[[34.7797609,50.8702508],[34.7797286,50.8702836],[34.7793138,50.8704947],[34.7788921,50.870669],[34.7786647,50.8707824],[34.7783482,50.8710668],[34.778227,50.8712411],[34.7780102,50.8713308],[34.7778225,50.8714764],[34.7776776,50.8714967],[34.777505,50.8716498]]}},{"type":"Feature","id":"way/233653196","properties":{"bicycle":"yes","foot":"yes","highway":"unclassified","sidewalk":"no","surface":"dirt","osm_id":233653196,"osm_type":"way","kind":"road","label":""},"geometry":{"type":"LineString","coordinates":[[34.782627,50.8705622],[34.78191,50.8704411],[34.7817189,50.8703282],[34.7816611,50.870308],[34.7804428,50.8702761],[34.7797609,50.8702508],[34.7785567,50.8702202],[34.777723,50.8701813],[34.7774494,50.8701847],[34.7772585,50.870227],[34.7771651,50.8702862],[34.7770385,50.8704166],[34.7769398,50.8705537],[34.7768176,50.8707025]]}},{"type":"Feature","id":"way/233831571","properties":{"foot":"yes","highway":"path","motor_vehicle":"no","osm_id":233831571,"osm_type":"way","kind":"road","label":""},"geometry":{"type":"LineString","coordinates":[[34.7764024,50.8723965],[34.7762317,50.8722624],[34.7760332,50.8721337],[34.7757278,50.8718694],[34.7755665,50.8716801],[34.7752426,50.8713628]]}},{"type":"Feature","id":"way/233831572","properties":{"foot":"yes","highway":"path","motor_vehicle":"no","osm_id":233831572,"osm_type":"way","kind":"road","label":""},"geometry":{"type":"LineString","coordinates":[[34.774907,50.87226],[34.775191,50.8725196],[34.775427,50.8727269],[34.7756094,50.8728852],[34.7759742,50.8732915],[34.7763084,50.8734415]]}},{"type":"Feature","id":"way/233831573","properties":{"foot":"yes","highway":"path","motor_vehicle":"no","osm_id":233831573,"osm_type":"way","kind":"road","label":""},"geometry":{"type":"LineString","coordinates":[[34.7766384,50.8715798],[34.7764201,50.8715548],[34.7757278,50.8718694],[34.774907,50.87226],[34.7746491,50.8723744]]}},{"type":"Feature","id":"way/233831574","properties":{"highway":"track","surface":"grass","osm_id":233831574,"osm_type":"way","kind":"road","label":""},"geometry":{"type":"LineString","coordinates":[[34.7766202,50.8707845],[34.7764402,50.8708093],[34.7760413,50.8709773],[34.7752426,50.8713628],[34.775036,50.8714635]]}},{"type":"Feature","id":"way/233831575","properties":{"foot":"yes","highway":"path","motor_vehicle":"no","osm_id":233831575,"osm_type":"way","kind":"road","label":""},"geometry":{"type":"LineString","coordinates":[[34.7732804,50.8745118],[34.7733844,50.8743939],[34.7736385,50.8741059],[34.7739464,50.8739346],[34.7742683,50.8734743],[34.774558,50.8731425],[34.7751266,50.8729123],[34.775427,50.8727269],[34.7758025,50.8725874],[34.7761244,50.8724113],[34.7764024,50.8723965],[34.7764962,50.8723982]]}},{"type":"Feature","id":"way/234106899","properties":{"foot":"yes","highway":"path","surface":"grass","osm_id":234106899,"osm_type":"way","kind":"road","label":""},"geometry":{"type":"LineString","coordinates":[[34.7726235,50.8733737],[34.7731444,50.8731381],[34.7736594,50.8728876],[34.7742065,50.8726235],[34.7746491,50.8723744]]}},{"type":"Feature","id":"way/236543221","properties":{"highway":"unclassified","source":"Bing","osm_id":236543221,"osm_type":"way","kind":"road","label":""},"geometry":{"type":"LineString","coordinates":[[34.7668458,50.8697126],[34.767011,50.8696073],[34.7671297,50.8695316],[34.7678769,50.8690553]]}},{"type":"Feature","id":"way/238257134","properties":{"barrier":"kerb","landuse":"grass","osm_id":238257134,"osm_type":"way","kind":"green","label":""},"geometry":{"type":"Polygon","coordinates":[[[34.7570541,50.8638325],[34.7569841,50.8637997],[34.7569286,50.8637573],[34.7568908,50.8637078],[34.7568728,50.8636539],[34.7568758,50.863599],[34.7568996,50.863546],[34.7569427,50.8634982],[34.7570027,50.8634583],[34.757076,50.8634287],[34.7571585,50.8634109],[34.7572453,50.8634062],[34.7573314,50.8634147],[34.7574118,50.8634359],[34.7574818,50.8634687],[34.7575373,50.8635111],[34.7575752,50.8635606],[34.7575931,50.8636145],[34.7575901,50.8636694],[34.7575664,50.8637224],[34.7575233,50.8637702],[34.7574633,50.8638101],[34.7573899,50.8638397],[34.7573074,50.8638575],[34.7572206,50.8638622],[34.7571345,50.8638537],[34.7570541,50.8638325]]]}},{"type":"Feature","id":"way/238257135","properties":{"building":"yes","osm_id":238257135,"osm_type":"way","kind":"building","label":""},"geometry":{"type":"Polygon","coordinates":[[[34.7552678,50.8614341],[34.7554518,50.8614486],[34.7555154,50.8611279],[34.7564949,50.8612122],[34.7565101,50.8610901],[34.7559465,50.8610456],[34.7559539,50.8610085],[34.7558138,50.8609974],[34.7558066,50.8610337],[34.7553542,50.860998],[34.7552678,50.8614341]]]}},{"type":"Feature","id":"way/238257136","properties":{"building":"yes","osm_id":238257136,"osm_type":"way","kind":"building","label":""},"geometry":{"type":"Polygon","coordinates":[[[34.7538763,50.8610545],[34.7539119,50.8608844],[34.7545997,50.8609417],[34.7545642,50.8611118],[34.7538763,50.8610545]]]}},{"type":"Feature","id":"way/238257138","properties":{"highway":"track","osm_id":238257138,"osm_type":"way","kind":"road","label":""},"geometry":{"type":"LineString","coordinates":[[34.7500965,50.8633047],[34.7500053,50.8633555],[34.7499935,50.8633638],[34.7499597,50.8633876],[34.7498094,50.8634512],[34.7496861,50.8634836],[34.7495855,50.8635032],[34.7483654,50.8634501],[34.7482753,50.8634683],[34.7481921,50.8635063],[34.7481612,50.8635681],[34.748218,50.8636166],[34.7482703,50.8636613],[34.7485721,50.8638978],[34.7490451,50.8642402],[34.7492287,50.8643876],[34.7492781,50.8644273],[34.7498023,50.8648686],[34.7504219,50.8653522],[34.7508278,50.8656681],[34.7510008,50.8657458],[34.7511367,50.8657634],[34.7513202,50.865797],[34.7515109,50.8658464],[34.7517941,50.8659531],[34.7519525,50.8660527],[34.7521313,50.8661191],[34.7523893,50.8662188],[34.7526447,50.8663516],[34.7528056,50.8664614],[34.7530049,50.8666198],[34.7531428,50.8667552],[34.7531939,50.8669187],[34.753268,50.8670771],[34.753433,50.8673677],[34.7534928,50.867473],[34.7536869,50.8677514],[34.75383,50.8679175],[34.7540394,50.8681295],[34.7543194,50.8683353],[34.7543868,50.8683849],[34.7546916,50.8685832],[34.7548657,50.8687289],[34.7550284,50.8688632],[34.7552289,50.8690069],[34.7555353,50.8691942],[34.7556299,50.8692642],[34.7556772,50.8693285],[34.7557567,50.8694893],[34.7557874,50.8695264],[34.7558758,50.8696331],[34.7560707,50.8697995],[34.7562182,50.8698922],[34.7564849,50.8700795],[34.756606,50.8701703],[34.7566836,50.8702725],[34.756723,50.8703307],[34.7567616,50.8703877],[34.7568027,50.8704484],[34.7568444,50.8705789],[34.7568425,50.8707567],[34.7568122,50.8708835],[34.7567195,50.8710575],[34.7566022,50.8712542],[34.7563998,50.8717234],[34.7561974,50.8721168],[34.7560782,50.8723363],[34.7558966,50.8726087],[34.7558153,50.8727657],[34.7557775,50.8729019],[34.7557718,50.8730118],[34.7558077,50.8730721],[34.7558248,50.8731686],[34.7558021,50.8733577],[34.7558039,50.8736245],[34.7557907,50.8739177],[34.7557567,50.8741466],[34.7557321,50.8743301],[34.7556848,50.8746895],[34.7555864,50.8751397],[34.7555202,50.8752286],[34.755367,50.875378],[34.7550284,50.8756391],[34.7547465,50.8759096],[34.7543984,50.8761574],[34.7540296,50.876479],[34.7536559,50.8767279]]}},{"type":"Feature","id":"way/238257139","properties":{"highway":"service","service":"parking_aisle","osm_id":238257139,"osm_type":"way","kind":"road","label":""},"geometry":{"type":"LineString","coordinates":[[34.7583693,50.8615898],[34.7586313,50.861616],[34.7586822,50.8616439],[34.758693,50.8616786],[34.7586232,50.8620214],[34.7585884,50.8620612],[34.7585253,50.8620858],[34.7584583,50.8620959],[34.7583244,50.8620992]]}},{"type":"Feature","id":"way/238257141","properties":{"highway":"service","osm_id":238257141,"osm_type":"way","kind":"road","label":""},"geometry":{"type":"LineString","coordinates":[[34.7751955,50.8698166],[34.7751068,50.8698367],[34.7750394,50.8698504],[34.7749471,50.8698205],[34.7744753,50.8696832],[34.7740497,50.8695609],[34.7739249,50.8695346],[34.773855,50.8695309],[34.7737876,50.8695484],[34.7737115,50.8695983],[34.7736491,50.8696445],[34.773563,50.8697318],[34.7734766,50.8698148]]}},{"type":"Feature","id":"way/238257145","properties":{"highway":"unclassified","osm_id":238257145,"osm_type":"way","kind":"road","label":""},"geometry":{"type":"LineString","coordinates":[[34.7732806,50.8697621],[34.7734766,50.8698148],[34.7738767,50.8699334],[34.7744614,50.8700914],[34.7748335,50.8701738],[34.7749257,50.8701754],[34.7749702,50.8701623],[34.7750344,50.8701211],[34.7751234,50.869991],[34.7751955,50.8698166],[34.77539,50.869662],[34.7754532,50.8696118],[34.7758776,50.8693504],[34.7760801,50.8691758],[34.7762751,50.8690411]]}},{"type":"Feature","id":"way/238257146","properties":{"highway":"unclassified","osm_id":238257146,"osm_type":"way","kind":"road","label":""},"geometry":{"type":"LineString","coordinates":[[34.7568358,50.863528],[34.7568422,50.8633183],[34.7569024,50.862149],[34.7570135,50.861529],[34.7570503,50.8614926],[34.7571149,50.8614822],[34.7583693,50.8615898],[34.7584121,50.861612],[34.7584257,50.8616459],[34.7583612,50.8620196],[34.7583244,50.8620992],[34.7582355,50.8622569],[34.7581867,50.8623775],[34.7581501,50.8624678],[34.7581234,50.8625338],[34.7580165,50.8627979],[34.7577659,50.8634214],[34.7576852,50.8635993]]}},{"type":"Feature","id":"way/238257147","properties":{"highway":"track","osm_id":238257147,"osm_type":"way","kind":"road","label":""},"geometry":{"type":"LineString","coordinates":[[34.7720289,50.8669371],[34.7722561,50.8667987],[34.7726016,50.8665358],[34.7729774,50.8662324],[34.7730785,50.8662105],[34.7732403,50.8662105],[34.773483,50.8661953],[34.7741083,50.8661566],[34.774174,50.8662088],[34.7742835,50.8662712],[34.7744133,50.8663318],[34.7745987,50.8664768],[34.7750234,50.8667633],[34.7754127,50.8670026],[34.7765171,50.8676648],[34.777348,50.8682138]]}},{"type":"Feature","id":"way/238257149","properties":{"highway":"track","osm_id":238257149,"osm_type":"way","kind":"road","label":""},"geometry":{"type":"LineString","coordinates":[[34.7738219,50.8646939],[34.7736186,50.8647113],[34.7734209,50.8646724],[34.7732797,50.8645559],[34.773142,50.8644606],[34.7729761,50.8644465],[34.7727996,50.8644395],[34.7726302,50.864383],[34.7722277,50.8642559],[34.7720901,50.8642135],[34.7719595,50.8642559],[34.77149,50.8646618],[34.7712429,50.8648772],[34.7710311,50.8650007],[34.7707557,50.8651243],[34.7705298,50.8652655],[34.7704274,50.8653396],[34.7703422,50.865416],[34.770317,50.8655391]]}},{"type":"Feature","id":"way/238257151","properties":{"highway":"unclassified","osm_id":238257151,"osm_type":"way","kind":"road","label":""},"geometry":{"type":"LineString","coordinates":[[34.7569024,50.862149],[34.7582355,50.8622569]]}},{"type":"Feature","id":"way/238257153","properties":{"highway":"secondary","junction":"roundabout","loc_ref":"Т-19-09","oneway":"yes","ref":"Т-19-09","surface":"asphalt","osm_id":238257153,"osm_type":"way","kind":"road","label":""},"geometry":{"type":"LineString","coordinates":[[34.7571362,50.8638933],[34.7570278,50.8638652],[34.7569351,50.86382],[34.7568645,50.8637609],[34.7568212,50.8636922],[34.7568082,50.8636187],[34.7568358,50.863528],[34.7568915,50.8634624],[34.7569728,50.8634084],[34.7570739,50.8633701],[34.7571876,50.8633501],[34.7573055,50.86335],[34.7574193,50.8633696],[34.7575207,50.8634076],[34.7576025,50.8634613],[34.7576586,50.8635268],[34.7576852,50.8635993],[34.7576803,50.8636737],[34.7576319,50.8637596],[34.757542,50.8638309],[34.7574203,50.86388],[34.75728,50.8639016],[34.7571362,50.8638933]]}},{"type":"Feature","id":"way/238257155","properties":{"highway":"track","osm_id":238257155,"osm_type":"way","kind":"road","label":""},"geometry":{"type":"LineString","coordinates":[[34.7741083,50.8661566],[34.7740097,50.8655867],[34.7738219,50.8646939]]}},{"type":"Feature","id":"way/238257156","properties":{"highway":"secondary","loc_ref":"Т-19-09","oneway":"yes","ref":"Т-19-09","surface":"asphalt","osm_id":238257156,"osm_type":"way","kind":"road","label":""},"geometry":{"type":"LineString","coordinates":[[34.7576803,50.8636737],[34.7576994,50.8638014],[34.7577565,50.8639264],[34.7578868,50.8640736]]}},{"type":"Feature","id":"way/238257157","properties":{"highway":"residential","name":"вулиця Ольги Кобилянської","name:en":"Olhy Kobylianskoi Street","name:uk":"вулиця Ольги Кобилянської","old_name:pl":"ulica Twardowskiego","old_name:uk":"вулиця Твардовського","osm_id":238257157,"osm_type":"way","kind":"road","label":"вулиця Ольги Кобилянської"},"geometry":{"type":"LineString","coordinates":[[34.7658587,50.865307],[34.7663945,50.8649079],[34.7676869,50.864006]]}},{"type":"Feature","id":"way/238257159","properties":{"highway":"residential","name":"вулиця Ґете","name:en":"Goethe Street","name:uk":"вулиця Ґете","old_name:uk":"вулиця Гризодубової","osm_id":238257159,"osm_type":"way","kind":"road","label":"вулиця Ґете"},"geometry":{"type":"LineString","coordinates":[[34.767466,50.8662458],[34.768314,50.8656295],[34.7692957,50.8649288]]}},{"type":"Feature","id":"way/238257160","properties":{"highway":"service","osm_id":238257160,"osm_type":"way","kind":"road","label":""},"geometry":{"type":"LineString","coordinates":[[34.7483477,50.8625225],[34.7483142,50.8628467],[34.748337,50.8628696],[34.7483759,50.8628857],[34.7496687,50.8630795],[34.7509307,50.8632463],[34.7511466,50.8632632],[34.7511112,50.863389]]}},{"type":"Feature","id":"way/238257161","properties":{"highway":"residential","name":"вулиця Максима Сущенка","name:uk":"вулиця Максима Сущенка","old_name":"Аерофлотська вулиця","osm_id":238257161,"osm_type":"way","kind":"road","label":"вулиця Максима Сущенка"},"geometry":{"type":"LineString","coordinates":[[34.7618822,50.8650938],[34.7677862,50.8687203],[34.7680428,50.8689495],[34.7686109,50.8693611],[34.7689038,50.869589],[34.7695096,50.8701125],[34.7697452,50.8703184]]}},{"type":"Feature","id":"way/238257162","properties":{"highway":"secondary","loc_ref":"Т-19-09","oneway":"yes","ref":"Т-19-09","surface":"asphalt","osm_id":238257162,"osm_type":"way","kind":"road","label":""},"geometry":{"type":"LineString","coordinates":[[34.7565007,50.8638221],[34.7566202,50.8637852],[34.7566808,50.8637572],[34.7567418,50.8637035],[34.7568082,50.8636187]]}},{"type":"Feature","id":"way/238257164","properties":{"highway":"residential","name":"вулиця Миколи Хвильового","name:ru":"Николая Хвылевого улица","name:uk":"вулиця Миколи Хвильового","old_name":"вулиця Заярного","osm_id":238257164,"osm_type":"way","kind":"road","label":"вулиця Миколи Хвильового"},"geometry":{"type":"LineString","coordinates":[[34.7676869,50.864006],[34.76634,50.8631397],[34.7642368,50.8646208],[34.7641428,50.8647302]]}},{"type":"Feature","id":"way/238257165","properties":{"highway":"track","osm_id":238257165,"osm_type":"way","kind":"road","label":""},"geometry":{"type":"LineString","coordinates":[[34.7729774,50.8662324],[34.7727837,50.8662221],[34.7726602,50.866155],[34.7726002,50.8660527],[34.772519,50.8657138],[34.7722719,50.8649266],[34.7722789,50.8648525]]}},{"type":"Feature","id":"way/238257166","properties":{"highway":"track","osm_id":238257166,"osm_type":"way","kind":"road","label":""},"geometry":{"type":"LineString","coordinates":[[34.772519,50.8657138],[34.7740097,50.8655867],[34.7756271,50.8654843],[34.7755777,50.8651737],[34.7754965,50.8647113],[34.775433,50.8646054],[34.7753518,50.8645912],[34.7749529,50.8646089],[34.7738219,50.8646939]]}},{"type":"Feature","id":"way/238968362","properties":{"highway":"residential","name":"вулиця Ґете","name:en":"Goethe Street","name:uk":"вулиця Ґете","old_name:uk":"вулиця Гризодубової","osm_id":238968362,"osm_type":"way","kind":"road","label":"вулиця Ґете"},"geometry":{"type":"LineString","coordinates":[[34.768268,50.8666995],[34.7698805,50.8655005]]}},{"type":"Feature","id":"way/253684928","properties":{"abandoned":"yes","building":"yes","description":"Заброшенное недостроенное здание аэропорта","osm_id":253684928,"osm_type":"way","kind":"building","label":""},"geometry":{"type":"Polygon","coordinates":[[[34.7570568,50.8613408],[34.7571386,50.8609836],[34.7584972,50.8611072],[34.7584435,50.8614534],[34.7583644,50.8614483],[34.758359,50.8614763],[34.7581874,50.8614644],[34.7581954,50.8614356],[34.7581391,50.8614297],[34.7581525,50.8613595],[34.7573774,50.8613002],[34.7573613,50.8613671],[34.7572969,50.8613603],[34.7572929,50.8613942],[34.7571386,50.8613865],[34.7571427,50.8613485],[34.7570568,50.8613408]]]}},{"type":"Feature","id":"way/253684929","properties":{"building":"yes","osm_id":253684929,"osm_type":"way","kind":"building","label":""},"geometry":{"type":"Polygon","coordinates":[[[34.756542,50.86084],[34.756569,50.8606963],[34.756757,50.8607103],[34.75673,50.860854],[34.756542,50.86084]]]}},{"type":"Feature","id":"way/253684931","properties":{"building":"yes","osm_id":253684931,"osm_type":"way","kind":"building","label":""},"geometry":{"type":"Polygon","coordinates":[[[34.7572294,50.8608593],[34.7572575,50.8607359],[34.7578118,50.8607863],[34.7577837,50.8609097],[34.7572294,50.8608593]]]}},{"type":"Feature","id":"way/253684932","properties":{"building":"yes","osm_id":253684932,"osm_type":"way","kind":"building","label":""},"geometry":{"type":"Polygon","coordinates":[[[34.7567623,50.8608522],[34.7567931,50.8607087],[34.7571444,50.8607387],[34.7571136,50.8608822],[34.7567623,50.8608522]]]}},{"type":"Feature","id":"way/253684934","properties":{"building":"yes","osm_id":253684934,"osm_type":"way","kind":"building","label":""},"geometry":{"type":"Polygon","coordinates":[[[34.75285,50.8608381],[34.753227,50.8608639],[34.7531564,50.8611336],[34.7528175,50.8611037],[34.75285,50.8608381]]]}},{"type":"Feature","id":"way/253684935","properties":{"building":"hangar","osm_id":253684935,"osm_type":"way","kind":"building","label":""},"geometry":{"type":"Polygon","coordinates":[[[34.7518747,50.8607826],[34.7525006,50.8608176],[34.7524588,50.8610927],[34.7518532,50.8610605],[34.7518747,50.8607826]]]}},{"type":"Feature","id":"way/253684936","properties":{"building":"yes","osm_id":253684936,"osm_type":"way","kind":"building","label":""},"geometry":{"type":"Polygon","coordinates":[[[34.7515321,50.8624489],[34.7515518,50.8623468],[34.7519939,50.8623808],[34.7519741,50.862483],[34.7515321,50.8624489]]]}},{"type":"Feature","id":"way/253684944","properties":{"access":"no","highway":"service","osm_id":253684944,"osm_type":"way","kind":"road","label":""},"geometry":{"type":"LineString","coordinates":[[34.7585344,50.8606242],[34.7585807,50.8603121],[34.7585942,50.8602214],[34.7585782,50.860177],[34.7585366,50.8601468],[34.7584696,50.8601306],[34.7581557,50.8601043],[34.757895,50.8600825],[34.7576459,50.8600615],[34.7573163,50.8600338],[34.757246,50.8600399],[34.7572012,50.860058],[34.7571757,50.8600863],[34.7571597,50.8601266],[34.7571536,50.860191]]}},{"type":"Feature","id":"way/253684950","properties":{"highway":"secondary","loc_ref":"Т-19-09","oneway":"yes","ref":"Т-19-09","surface":"asphalt","osm_id":253684950,"osm_type":"way","kind":"road","label":""},"geometry":{"type":"LineString","coordinates":[[34.7578868,50.8640736],[34.7576469,50.8639769],[34.7574866,50.8639348],[34.75728,50.8639016]]}},{"type":"Feature","id":"way/253770648","properties":{"highway":"unclassified","oneway":"yes","source":"Bing","trolley_wire":"yes","osm_id":253770648,"osm_type":"way","kind":"road","label":""},"geometry":{"type":"LineString","coordinates":[[34.7721754,50.8731933],[34.7717991,50.8730981],[34.7713731,50.8729837],[34.7712672,50.8729027],[34.7712297,50.8728056],[34.7713315,50.8726962],[34.7715127,50.8726226]]}},{"type":"Feature","id":"way/253770649","properties":{"highway":"secondary","loc_ref":"Т-19-09","maxspeed":"50","name":"вулиця Герасима Кондратьєва","name:ru":"улица Герасима Кондратьева","name:uk":"вулиця Герасима Кондратьєва","old_name":"вулиця Кірова","ref":"Т-19-09","surface":"asphalt","osm_id":253770649,"osm_type":"way","kind":"road","label":"вулиця Герасима Кондратьєва"},"geometry":{"type":"LineString","coordinates":[[34.7715127,50.8726226],[34.7713578,50.8725107],[34.7709216,50.8721955],[34.7705677,50.8719398]]}},{"type":"Feature","id":"way/253770650","properties":{"highway":"secondary","loc_ref":"Т-19-09","maxspeed":"50","name":"вулиця Герасима Кондратьєва","name:ru":"улица Герасима Кондратьева","name:uk":"вулиця Герасима Кондратьєва","old_name":"вулиця Кірова","ref":"Т-19-09","surface":"asphalt","osm_id":253770650,"osm_type":"way","kind":"road","label":"вулиця Герасима Кондратьєва"},"geometry":{"type":"LineString","coordinates":[[34.7721754,50.8731933],[34.7718447,50.8728652],[34.7716907,50.8727527],[34.7715127,50.8726226]]}},{"type":"Feature","id":"way/360766650","properties":{"highway":"track","osm_id":360766650,"osm_type":"way","kind":"road","label":""},"geometry":{"type":"LineString","coordinates":[[34.767315,50.8699839],[34.7672204,50.8701187],[34.7669784,50.8704638],[34.7667426,50.8706485],[34.7658467,50.8709843],[34.7651408,50.8712489],[34.764841,50.8714609],[34.7642454,50.8718821],[34.7640684,50.8719362],[34.7634326,50.8720581],[34.763261,50.8721055],[34.7627192,50.8724169],[34.7622077,50.8727408],[34.7609497,50.8735478],[34.7601335,50.8741332],[34.7595019,50.874479]]}},{"type":"Feature","id":"way/391566019","properties":{"highway":"residential","name":"Льотна вулиця","name:pl":"ulica Lotna","name:ru":"Лётная улица","name:uk":"Льотна вулиця","osm_id":391566019,"osm_type":"way","kind":"road","label":"Льотна вулиця"},"geometry":{"type":"LineString","coordinates":[[34.7634326,50.8720581],[34.765048,50.8733393],[34.7664877,50.8744362],[34.7666359,50.8746054],[34.7674258,50.8753076],[34.767712,50.8755525],[34.7678887,50.8756966],[34.7688034,50.8764427]]}},{"type":"Feature","id":"way/413151261","properties":{"highway":"service","service":"alley","osm_id":413151261,"osm_type":"way","kind":"road","label":""},"geometry":{"type":"LineString","coordinates":[[34.7357053,50.8630264],[34.7361955,50.8630979],[34.7366007,50.863201],[34.7368339,50.863361],[34.7370613,50.8635524],[34.7372828,50.8636793],[34.7374577,50.8638541],[34.7377666,50.8640565],[34.7380406,50.8642643],[34.7384575,50.8644814],[34.7389967,50.864658],[34.7391366,50.8647224],[34.7392369,50.8647376],[34.739536,50.8647831],[34.7399382,50.8648034],[34.7401947,50.864764],[34.7402501,50.8647555],[34.7403607,50.8647213],[34.7405707,50.8646562],[34.7407281,50.864601],[34.7409846,50.8646065],[34.741279,50.8647096],[34.7417717,50.8649211],[34.7423022,50.8652081],[34.742622,50.8653941],[34.7427102,50.8654454],[34.7432437,50.8657012],[34.7433799,50.8657639],[34.7436634,50.8658943],[34.7440277,50.8660415],[34.7442522,50.8661537],[34.7443125,50.8661937],[34.7445378,50.8663432],[34.7448264,50.8665051],[34.74508,50.8667038],[34.7450975,50.8668381],[34.7453045,50.8670055],[34.7454232,50.8670769],[34.7456834,50.8672336],[34.7461119,50.8674727],[34.7463684,50.8676236],[34.746435,50.8677223],[34.7465025,50.8678223],[34.7466249,50.8678811],[34.7468173,50.8680927],[34.7469834,50.8683005],[34.7471612,50.8685783],[34.7474206,50.8688469],[34.7476159,50.8690474],[34.7479949,50.8693601],[34.7483476,50.86966],[34.7487207,50.8700224],[34.7489323,50.8702227],[34.7490821,50.8703645],[34.7494698,50.8707287],[34.7495786,50.8708697],[34.7496855,50.8710083],[34.7499274,50.8712677],[34.7503151,50.8715436],[34.7506241,50.8716632],[34.7510176,50.8716724],[34.7515422,50.8717975],[34.7520669,50.8719409],[34.7523458,50.8720735],[34.7525387,50.8721853],[34.7527111,50.8722702],[34.7527781,50.8724376],[34.752781,50.8726123],[34.7525945,50.8728864],[34.752373,50.8731513],[34.7520815,50.8734088],[34.7516297,50.8737012],[34.7512537,50.8739036],[34.7507581,50.8741923],[34.7503297,50.8744682],[34.7499868,50.8747047],[34.7498283,50.874814],[34.7492191,50.8752444],[34.7491083,50.8754045],[34.7491142,50.8755479],[34.7493736,50.8758477],[34.7496272,50.8760979],[34.749805,50.8762137],[34.7499536,50.8764492],[34.7498938,50.8770451],[34.7498866,50.8772603],[34.7499507,50.8778212],[34.7499886,50.8786636],[34.7500236,50.8789174],[34.7501373,50.8790663],[34.7504667,50.8792447],[34.7507931,50.8794158],[34.75107,50.8796107],[34.7513178,50.879802],[34.7514918,50.8799978],[34.7517813,50.8803781],[34.7520781,50.8808268],[34.7522306,50.8809834],[34.7523074,50.8810796],[34.7522808,50.8813258],[34.7522732,50.8815432]]}},{"type":"Feature","id":"way/435942339","properties":{"highway":"path","osm_id":435942339,"osm_type":"way","kind":"road","label":""},"geometry":{"type":"LineString","coordinates":[[34.762807,50.8644243],[34.7635854,50.8647082],[34.7641428,50.8647302]]}},{"type":"Feature","id":"way/435942341","properties":{"highway":"residential","source":"Bing","osm_id":435942341,"osm_type":"way","kind":"road","label":""},"geometry":{"type":"LineString","coordinates":[[34.7618822,50.8650938],[34.7613242,50.8655224],[34.760753,50.8658931],[34.760604,50.8659898]]}},{"type":"Feature","id":"way/435942343","properties":{"highway":"residential","name":"вулиця Ґете","name:en":"Goethe Street","name:uk":"вулиця Ґете","old_name:uk":"вулиця Гризодубової","osm_id":435942343,"osm_type":"way","kind":"road","label":"вулиця Ґете"},"geometry":{"type":"LineString","coordinates":[[34.7641428,50.8647302],[34.7641703,50.8648272],[34.7643216,50.8649001],[34.7646235,50.8650227],[34.7655858,50.865246],[34.7658587,50.865307],[34.7659886,50.8654137],[34.7664338,50.8656138],[34.7670949,50.8660073],[34.767466,50.8662458],[34.7679389,50.8664894],[34.768268,50.8666995],[34.7693394,50.867648],[34.7693499,50.8677775]]}},{"type":"Feature","id":"way/435942345","properties":{"highway":"unclassified","osm_id":435942345,"osm_type":"way","kind":"road","label":""},"geometry":{"type":"LineString","coordinates":[[34.7711352,50.8661334],[34.7711085,50.8660748],[34.7710137,50.8659925],[34.7707766,50.8658327],[34.770317,50.8655391],[34.7692957,50.8649288],[34.7686225,50.8644847],[34.7681665,50.8642764],[34.7676869,50.864006]]}},{"type":"Feature","id":"way/435942348","properties":{"highway":"unclassified","name":"вулиця Полковника Перехрестова-Осипова","name:en":"Polkovnyka Perekhrestova-Osypova Street","name:uk":"вулиця Полковника Перехрестова-Осипова","old_name:pl":"ulica Nesterowa","old_name:uk":"вулиця Нестерова","osm_id":435942348,"osm_type":"way","kind":"road","label":"вулиця Полковника Перехрестова-Осипова"},"geometry":{"type":"LineString","coordinates":[[34.7693499,50.8677775],[34.7696411,50.8679382],[34.7698902,50.8680383],[34.7704083,50.8681851],[34.7710977,50.8683385],[34.7718488,50.8684982]]}},{"type":"Feature","id":"way/435942349","properties":{"barrier":"fence","landuse":"cemetery","name":"Тимірязівське кладовище","name:uk":"Тимірязівське кладовище","religion":"christian","osm_id":435942349,"osm_type":"way","kind":"other","label":"Тимірязівське кладовище"},"geometry":{"type":"Polygon","coordinates":[[[34.7718232,50.8685448],[34.7716644,50.8686479],[34.7714589,50.8687187],[34.7713375,50.8687923],[34.7730608,50.8691814],[34.7744711,50.8692521],[34.7747513,50.8691254],[34.77358,50.8688931],[34.7718947,50.868559],[34.7718232,50.8685448]]]}},{"type":"Feature","id":"way/435942351","properties":{"highway":"service","osm_id":435942351,"osm_type":"way","kind":"road","label":""},"geometry":{"type":"LineString","coordinates":[[34.7718488,50.8684982],[34.7718947,50.868559],[34.7719081,50.8685768],[34.7735475,50.8689086]]}},{"type":"Feature","id":"way/437493835","properties":{"highway":"residential","name":"Запорізька вулиця","name:pl":"ulica Zaporoska","name:ru":"Запорожская улица","name:uk":"Запорізька вулиця","smoothness":"very_bad","osm_id":437493835,"osm_type":"way","kind":"road","label":"Запорізька вулиця"},"geometry":{"type":"LineString","coordinates":[[34.7609497,50.8735478],[34.761064,50.8736322],[34.7611687,50.8737185],[34.7613537,50.8738742],[34.7616917,50.8741535],[34.7620538,50.8744598],[34.7623239,50.8746856],[34.7624481,50.8747594],[34.7625607,50.874844],[34.7627243,50.8750065],[34.7630274,50.8752807],[34.7633842,50.8755803],[34.7636957,50.8758026],[34.7638234,50.875894],[34.7641888,50.8762149],[34.7643457,50.8763723],[34.7646475,50.8766736],[34.7649382,50.8769539],[34.7656815,50.877541],[34.7658303,50.877667],[34.765971,50.877799],[34.766044,50.8778632],[34.766105,50.87792],[34.7661732,50.8779867],[34.7662629,50.87807],[34.7664057,50.8782183],[34.7664778,50.8783074],[34.7665834,50.8784225],[34.766678,50.8785092],[34.7667865,50.8786156],[34.7668853,50.8787035],[34.7669589,50.8787658],[34.767046,50.8788242],[34.7672164,50.8789541],[34.767262,50.8789837],[34.7673069,50.8790163],[34.7673491,50.8790485],[34.7673887,50.8790844],[34.7675428,50.8792213]]}},{"type":"Feature","id":"way/438180815","properties":{"highway":"tertiary","loc_ref":"О-191512","ref":"О-191512","surface":"asphalt","osm_id":438180815,"osm_type":"way","kind":"road","label":""},"geometry":{"type":"LineString","coordinates":[[34.7776011,50.8684073],[34.7783353,50.867872],[34.7803783,50.8664586],[34.7820437,50.8653181],[34.7826639,50.8648934],[34.7865904,50.8622947],[34.7885557,50.8609814],[34.7906207,50.8596057],[34.7908545,50.8594577],[34.7909489,50.8593979]]}},{"type":"Feature","id":"way/438180822","properties":{"highway":"track","osm_id":438180822,"osm_type":"way","kind":"road","label":""},"geometry":{"type":"LineString","coordinates":[[34.777348,50.8682138],[34.7776011,50.8684073]]}},{"type":"Feature","id":"way/449130570","properties":{"highway":"track","osm_id":449130570,"osm_type":"way","kind":"road","label":""},"geometry":{"type":"LineString","coordinates":[[34.7772192,50.8688001],[34.7775528,50.8687463],[34.7778157,50.8687362],[34.7780624,50.8687531],[34.7785506,50.868726],[34.7792533,50.8686685],[34.7800312,50.8686448],[34.7808895,50.8686075],[34.7811134,50.8685872],[34.7813387,50.8686245],[34.7826262,50.8686888],[34.7839244,50.8686955],[34.7842141,50.8687294],[34.7843321,50.8688005],[34.784611,50.8689156],[34.7855391,50.8691424],[34.7859951,50.8692271],[34.7861868,50.8693456],[34.7868252,50.8696739],[34.7875668,50.8700413],[34.7880711,50.8702782],[34.7885137,50.8703849],[34.7887926,50.8704746],[34.7891306,50.8705051],[34.7897602,50.870814],[34.7900526,50.8709426],[34.7905139,50.8710594],[34.7907768,50.8710916],[34.7912059,50.8711],[34.7914795,50.8711322],[34.7918121,50.8712033],[34.7920937,50.8712371],[34.7923298,50.8713201],[34.7925148,50.871403],[34.7926302,50.871403],[34.792767,50.8713624],[34.7929038,50.8712913],[34.7930282,50.8712507],[34.7933601,50.8711792],[34.7935284,50.8711563],[34.7942667,50.8711377],[34.7945644,50.8711834],[34.7948407,50.8711732],[34.7951572,50.8711004],[34.795426,50.8708948],[34.7956862,50.87064],[34.795886,50.8704386],[34.7960121,50.8703142],[34.7961462,50.870216],[34.7963044,50.8700324],[34.796657,50.8697713],[34.7974536,50.8690451],[34.7979777,50.8685921],[34.7980296,50.868551]]}},{"type":"Feature","id":"way/449215263","properties":{"building":"industrial","osm_id":449215263,"osm_type":"way","kind":"building","label":""},"geometry":{"type":"Polygon","coordinates":[[[34.7779986,50.8695048],[34.7775211,50.8694912],[34.7775127,50.8696095],[34.7779902,50.869623],[34.7779986,50.8695048]]]}},{"type":"Feature","id":"way/449215267","properties":{"building":"industrial","osm_id":449215267,"osm_type":"way","kind":"building","label":""},"geometry":{"type":"Polygon","coordinates":[[[34.7798574,50.8695674],[34.778865,50.8695267],[34.7788312,50.8698553],[34.7798236,50.8698959],[34.7798574,50.8695674]]]}},{"type":"Feature","id":"way/454561585","properties":{"building":"yes","osm_id":454561585,"osm_type":"way","kind":"building","label":""},"geometry":{"type":"Polygon","coordinates":[[[34.7751922,50.8738967],[34.7750606,50.8739356],[34.7752189,50.8741488],[34.7753505,50.8741099],[34.7751922,50.8738967]]]}},{"type":"Feature","id":"way/454561612","properties":{"building":"yes","osm_id":454561612,"osm_type":"way","kind":"building","label":""},"geometry":{"type":"Polygon","coordinates":[[[34.7766183,50.8734218],[34.7765975,50.8735774],[34.7767771,50.873587],[34.776798,50.8734314],[34.7766183,50.8734218]]]}},{"type":"Feature","id":"way/454561619","properties":{"building":"yes","osm_id":454561619,"osm_type":"way","kind":"building","label":""},"geometry":{"type":"Polygon","coordinates":[[[34.7771606,50.8737811],[34.7778848,50.8741213],[34.7779915,50.874031],[34.7772673,50.8736908],[34.7771606,50.8737811]]]}},{"type":"Feature","id":"way/454561636","properties":{"building":"yes","osm_id":454561636,"osm_type":"way","kind":"building","label":""},"geometry":{"type":"Polygon","coordinates":[[[34.7793876,50.8735932],[34.7791228,50.873876],[34.7793588,50.873964],[34.7796236,50.8736812],[34.7793876,50.8735932]]]}},{"type":"Feature","id":"way/454561642","properties":{"building":"yes","osm_id":454561642,"osm_type":"way","kind":"building","label":""},"geometry":{"type":"Polygon","coordinates":[[[34.7771251,50.8716434],[34.7769651,50.8717955],[34.7775552,50.8720427],[34.7777152,50.8718905],[34.7771251,50.8716434]]]}},{"type":"Feature","id":"way/454561643","properties":{"building":"yes","osm_id":454561643,"osm_type":"way","kind":"building","label":""},"geometry":{"type":"Polygon","coordinates":[[[34.7769373,50.8722358],[34.7768059,50.8724406],[34.7770136,50.8724937],[34.7771451,50.8722889],[34.7769373,50.8722358]]]}},{"type":"Feature","id":"way/454561644","properties":{"building":"yes","osm_id":454561644,"osm_type":"way","kind":"building","label":""},"geometry":{"type":"Polygon","coordinates":[[[34.7773196,50.8725574],[34.7770405,50.8728284],[34.7778908,50.873177],[34.7781698,50.8729061],[34.7773196,50.8725574]]]}},{"type":"Feature","id":"way/454561645","properties":{"building":"yes","osm_id":454561645,"osm_type":"way","kind":"building","label":""},"geometry":{"type":"Polygon","coordinates":[[[34.7786177,50.8733258],[34.7781912,50.8737185],[34.7784669,50.8738377],[34.7788934,50.873445],[34.7786177,50.8733258]]]}},{"type":"Feature","id":"way/454561646","properties":{"building":"yes","osm_id":454561646,"osm_type":"way","kind":"building","label":""},"geometry":{"type":"Polygon","coordinates":[[[34.779464,50.8726522],[34.7787452,50.8733275],[34.7788927,50.8733901],[34.7796115,50.8727147],[34.779464,50.8726522]]]}},{"type":"Feature","id":"way/454571778","properties":{"highway":"unclassified","osm_id":454571778,"osm_type":"way","kind":"road","label":""},"geometry":{"type":"LineString","coordinates":[[34.7758145,50.8701577],[34.7762611,50.8701221],[34.7764918,50.8700459],[34.7766205,50.8699698],[34.7768002,50.8698479],[34.7769875,50.8697977]]}},{"type":"Feature","id":"way/454571779","properties":{"highway":"unclassified","osm_id":454571779,"osm_type":"way","kind":"road","label":""},"geometry":{"type":"LineString","coordinates":[[34.7749257,50.8701754],[34.7750823,50.8701966],[34.7758145,50.8701577],[34.7759191,50.8701898],[34.7764985,50.8706435],[34.7766202,50.8707845],[34.7766826,50.8708901],[34.7767724,50.8709676]]}},{"type":"Feature","id":"way/498646607","properties":{"building":"industrial","osm_id":498646607,"osm_type":"way","kind":"building","label":""},"geometry":{"type":"Polygon","coordinates":[[[34.7539253,50.8622905],[34.7541338,50.862304],[34.7541944,50.8619306],[34.7539858,50.8619172],[34.7539253,50.8622905]]]}},{"type":"Feature","id":"way/507482979","properties":{"highway":"secondary","lit":"yes","loc_ref":"Т-19-09","maxspeed":"50","name":"вулиця Герасима Кондратьєва","name:ru":"улица Герасима Кондратьева","name:uk":"вулиця Герасима Кондратьєва","old_name":"вулиця Кірова","ref":"Т-19-09","sidewalk":"both","surface":"asphalt","trolley_wire":"yes","osm_id":507482979,"osm_type":"way","kind":"road","label":"вулиця Герасима Кондратьєва"},"geometry":{"type":"LineString","coordinates":[[34.7725016,50.873577],[34.7724117,50.8734695],[34.7721754,50.8731933]]}},{"type":"Feature","id":"way/507495076","properties":{"highway":"secondary","lit":"yes","loc_ref":"Т-19-09","maxspeed":"50","name":"вулиця Герасима Кондратьєва","name:ru":"улица Герасима Кондратьева","name:uk":"вулиця Герасима Кондратьєва","old_name":"вулиця Кірова","ref":"Т-19-09","sidewalk":"both","surface":"asphalt","trolley_wire":"yes","osm_id":507495076,"osm_type":"way","kind":"road","label":"вулиця Герасима Кондратьєва"},"geometry":{"type":"LineString","coordinates":[[34.7726119,50.8737029],[34.7725016,50.873577]]}},{"type":"Feature","id":"way/528782514","properties":{"highway":"service","service":"alley","osm_id":528782514,"osm_type":"way","kind":"road","label":""},"geometry":{"type":"LineString","coordinates":[[34.7527111,50.8722702],[34.752904,50.8722868],[34.7533187,50.8721435],[34.7534865,50.8719909],[34.7536099,50.8718476],[34.7538321,50.8717385],[34.754069,50.8716825],[34.7543208,50.8715672],[34.7546614,50.8712713],[34.7549723,50.8710065],[34.7551895,50.870832],[34.7555252,50.8706451],[34.7558658,50.8705081],[34.7560583,50.8704551],[34.7563693,50.8704613],[34.7566062,50.8704271],[34.7567616,50.8703877]]}},{"type":"Feature","id":"way/528782515","properties":{"highway":"service","service":"alley","osm_id":528782515,"osm_type":"way","kind":"road","label":""},"geometry":{"type":"LineString","coordinates":[[34.7556772,50.8693285],[34.7556665,50.8693332],[34.7554314,50.8695268],[34.7552488,50.8697417],[34.7550612,50.86991],[34.7544688,50.8702931],[34.7539999,50.8705953],[34.7536149,50.8708757],[34.7532792,50.8710626],[34.7531657,50.871209],[34.7530176,50.8713211],[34.7528201,50.8713305],[34.7525634,50.8712464],[34.7522327,50.8710719],[34.7518082,50.8708289],[34.7515318,50.8706763],[34.75128,50.8707261],[34.7508012,50.8708632],[34.7505099,50.8710501],[34.7504211,50.8710408],[34.7502681,50.8709691],[34.7502286,50.8707697],[34.7500756,50.8706514],[34.7496461,50.8704146],[34.7493795,50.8702776],[34.7492561,50.8702121],[34.7491229,50.8701903],[34.7489323,50.8702227]]}},{"type":"Feature","id":"way/528782516","properties":{"highway":"service","service":"alley","osm_id":528782516,"osm_type":"way","kind":"road","label":""},"geometry":{"type":"LineString","coordinates":[[34.7492561,50.8702121],[34.7494733,50.8701997],[34.7501595,50.8700034],[34.7505593,50.8698819],[34.7509443,50.8698009],[34.7511961,50.8697262],[34.7517391,50.8696078],[34.7521142,50.8695548],[34.7528201,50.8693804],[34.7532595,50.8693274],[34.7536198,50.8692682],[34.7537333,50.8692184],[34.7538123,50.8691498],[34.7537876,50.868885],[34.753763,50.868776],[34.7543868,50.8683849]]}},{"type":"Feature","id":"way/528782518","properties":{"highway":"service","service":"alley","osm_id":528782518,"osm_type":"way","kind":"road","label":""},"geometry":{"type":"LineString","coordinates":[[34.753763,50.868776],[34.7532841,50.868505],[34.753141,50.8685299],[34.7519267,50.8688788],[34.7515564,50.8690003],[34.7511418,50.8690813],[34.7500163,50.8694956],[34.7492956,50.8696981],[34.7487921,50.8696794],[34.7485305,50.8695766],[34.7485502,50.8693773],[34.7485054,50.8692263],[34.7482839,50.8690313],[34.7482198,50.8689099],[34.748453,50.8690129],[34.748657,50.8690129],[34.7490476,50.8689504],[34.7493974,50.8689246],[34.7497297,50.8689025],[34.7500503,50.8688179],[34.7508431,50.8685052],[34.7514786,50.8681851],[34.7523006,50.8678393],[34.7525629,50.8677068],[34.7527495,50.8675449],[34.7528777,50.8675081],[34.7529768,50.867556],[34.753433,50.8673677]]}},{"type":"Feature","id":"way/528782521","properties":{"highway":"service","service":"alley","osm_id":528782521,"osm_type":"way","kind":"road","label":""},"geometry":{"type":"LineString","coordinates":[[34.7538123,50.8691498],[34.7538375,50.8692952],[34.753068,50.8698729],[34.7527007,50.8701377],[34.7523626,50.8702481],[34.7520711,50.8703364],[34.7515318,50.8706763]]}},{"type":"Feature","id":"way/528782523","properties":{"highway":"service","service":"alley","osm_id":528782523,"osm_type":"way","kind":"road","label":""},"geometry":{"type":"LineString","coordinates":[[34.7528056,50.8664614],[34.7524733,50.8668486],[34.7521119,50.8671172],[34.7510684,50.8676875],[34.7506719,50.867934],[34.7503979,50.8680775],[34.7499491,50.8682136],[34.7489172,50.8684674],[34.7480253,50.8686661],[34.7480777,50.8688096],[34.7482198,50.8689099]]}},{"type":"Feature","id":"way/528782527","properties":{"highway":"service","service":"alley","osm_id":528782527,"osm_type":"way","kind":"road","label":""},"geometry":{"type":"LineString","coordinates":[[34.7519525,50.8660527],[34.7514551,50.8663144],[34.7505165,50.8667779],[34.749747,50.8672195],[34.7490241,50.8675616],[34.748651,50.8678707],[34.7482461,50.8682174],[34.7479436,50.868427]]}},{"type":"Feature","id":"way/528790010","properties":{"highway":"service","service":"alley","osm_id":528790010,"osm_type":"way","kind":"road","label":""},"geometry":{"type":"LineString","coordinates":[[34.7510008,50.8657458],[34.7506558,50.865971],[34.7495611,50.8665619],[34.748611,50.8669921],[34.7480051,50.8674136],[34.7476678,50.8676569],[34.747139,50.8679081]]}},{"type":"Feature","id":"way/528790012","properties":{"highway":"service","service":"alley","osm_id":528790012,"osm_type":"way","kind":"road","label":""},"geometry":{"type":"LineString","coordinates":[[34.7520669,50.8719409],[34.7523191,50.8717552],[34.7525807,50.8715206],[34.7528201,50.8713305]]}},{"type":"Feature","id":"way/528790017","properties":{"highway":"service","service":"alley","osm_id":528790017,"osm_type":"way","kind":"road","label":""},"geometry":{"type":"LineString","coordinates":[[34.7557718,50.8730118],[34.7555091,50.8729701],[34.7552888,50.8729352],[34.7549033,50.872857],[34.7546072,50.8728744],[34.7542492,50.872996],[34.7539945,50.8731741],[34.7539351,50.8732509],[34.7538499,50.873361],[34.7537191,50.8735304],[34.753726,50.8738476],[34.7536571,50.8739692],[34.7533054,50.87426],[34.7532578,50.8742994],[34.7527415,50.8745861],[34.7522802,50.8747729],[34.7516743,50.8750293],[34.7513209,50.8752293],[34.7512061,50.8752943],[34.7510295,50.8754197],[34.7508206,50.875568],[34.7491142,50.8755479]]}},{"type":"Feature","id":"way/528790020","properties":{"highway":"service","service":"alley","osm_id":528790020,"osm_type":"way","kind":"road","label":""},"geometry":{"type":"LineString","coordinates":[[34.7548163,50.8747458],[34.7550272,50.8741864],[34.7552613,50.8736434],[34.7553921,50.8733306],[34.7555091,50.8729701]]}},{"type":"Feature","id":"way/528790021","properties":{"highway":"service","service":"alley","osm_id":528790021,"osm_type":"way","kind":"road","label":""},"geometry":{"type":"LineString","coordinates":[[34.7552613,50.8736434],[34.7539351,50.8732509]]}},{"type":"Feature","id":"way/528790022","properties":{"highway":"service","service":"alley","osm_id":528790022,"osm_type":"way","kind":"road","label":""},"geometry":{"type":"LineString","coordinates":[[34.753726,50.8738476],[34.7550272,50.8741864]]}},{"type":"Feature","id":"way/579289875","properties":{"highway":"service","service":"parking_aisle","osm_id":579289875,"osm_type":"way","kind":"road","label":""},"geometry":{"type":"LineString","coordinates":[[34.7769773,50.8698516],[34.7772472,50.8699202],[34.7772485,50.8700082]]}},{"type":"Feature","id":"way/579289883","properties":{"highway":"service","osm_id":579289883,"osm_type":"way","kind":"road","label":""},"geometry":{"type":"LineString","coordinates":[[34.7769875,50.8697977],[34.777278,50.8697645],[34.777434,50.8697627],[34.7786325,50.869778]]}},{"type":"Feature","id":"way/581495724","properties":{"landuse":"grass","osm_id":581495724,"osm_type":"way","kind":"green","label":""},"geometry":{"type":"Polygon","coordinates":[[[34.7570112,50.8619588],[34.7570158,50.8619819],[34.7570307,50.8620032],[34.7570547,50.862021],[34.7570857,50.8620336],[34.7571212,50.86204],[34.7581501,50.8621171],[34.7581957,50.8620864],[34.758231,50.8620803],[34.758262,50.8620682],[34.7582861,50.8620508],[34.7583014,50.8620299],[34.758355,50.8616913],[34.7583503,50.8616722],[34.7583372,50.8616547],[34.7583168,50.8616404],[34.7582907,50.8616303],[34.7582611,50.8616253],[34.7571909,50.8615406],[34.7571498,50.8615431],[34.7571118,50.8615535],[34.7570807,50.8615707],[34.7570595,50.8615931],[34.7570112,50.8619588]]]}},{"type":"Feature","id":"way/581495727","properties":{"landuse":"grass","osm_id":581495727,"osm_type":"way","kind":"green","label":""},"geometry":{"type":"Polygon","coordinates":[[[34.756912,50.8632285],[34.7569224,50.8632608],[34.7569496,50.8632889],[34.7569902,50.8633096],[34.7570395,50.8633203],[34.7570917,50.8633199],[34.7572226,50.8633005],[34.757357,50.863305],[34.7574839,50.8633331],[34.7575933,50.8633826],[34.7576114,50.8633925],[34.7576337,50.8633978],[34.7576577,50.8633981],[34.7576803,50.8633932],[34.7576989,50.8633837],[34.7577113,50.8633707],[34.7581083,50.8623956],[34.7581154,50.8623789],[34.7581138,50.8623617],[34.7581037,50.8623457],[34.7580861,50.8623325],[34.7580595,50.8623234],[34.7571383,50.8622692],[34.7570918,50.8622754],[34.7570504,50.8622901],[34.7570178,50.8623119],[34.7569969,50.8623388],[34.7569898,50.8623685],[34.756912,50.8632285]]]}},{"type":"Feature","id":"way/581495728","properties":{"addr:housenumber":"20","addr:street":"вулиця Максима Сущенка","building":"detached","osm_id":581495728,"osm_type":"way","kind":"building","label":""},"geometry":{"type":"Polygon","coordinates":[[[34.7660235,50.867806],[34.765931,50.8678729],[34.7660356,50.8679305],[34.7661281,50.8678635],[34.7660235,50.867806]]]}},{"type":"Feature","id":"way/581495729","properties":{"addr:housenumber":"35","addr:street":"вулиця Максима Сущенка","building":"detached","osm_id":581495729,"osm_type":"way","kind":"building","label":""},"geometry":{"type":"Polygon","coordinates":[[[34.766289,50.8675724],[34.766203,50.8676375],[34.7663318,50.8677052],[34.7664177,50.8676401],[34.766289,50.8675724]]]}},{"type":"Feature","id":"way/581495730","properties":{"addr:housenumber":"22","addr:street":"вулиця Максима Сущенка","building":"detached","osm_id":581495730,"osm_type":"way","kind":"building","label":""},"geometry":{"type":"Polygon","coordinates":[[[34.7657472,50.8676909],[34.765605,50.8677738],[34.7656985,50.8678376],[34.7658406,50.8677547],[34.7657472,50.8676909]]]}},{"type":"Feature","id":"way/581495731","properties":{"building":"yes","osm_id":581495731,"osm_type":"way","kind":"building","label":""},"geometry":{"type":"Polygon","coordinates":[[[34.7654092,50.8675809],[34.7652671,50.8676858],[34.7653814,50.8677475],[34.7655236,50.8676425],[34.7654092,50.8675809]]]}},{"type":"Feature","id":"way/581495732","properties":{"addr:housenumber":"41","addr:street":"вулиця Максима Сущенка","building":"detached","osm_id":581495732,"osm_type":"way","kind":"building","label":""},"geometry":{"type":"Polygon","coordinates":[[[34.7657579,50.8672457],[34.765656,50.86731],[34.7657418,50.8673642],[34.7658437,50.8672998],[34.7657579,50.8672457]]]}},{"type":"Feature","id":"way/581495733","properties":{"addr:housenumber":"43","addr:street":"вулиця Максима Сущенка","building":"detached","osm_id":581495733,"osm_type":"way","kind":"building","label":""},"geometry":{"type":"Polygon","coordinates":[[[34.7654951,50.8670882],[34.7654133,50.8671399],[34.7655259,50.867211],[34.7656077,50.8671593],[34.7654951,50.8670882]]]}},{"type":"Feature","id":"way/581495734","properties":{"addr:housenumber":"26-А","addr:street":"вулиця Максима Сущенка","building":"detached","osm_id":581495734,"osm_type":"way","kind":"building","label":""},"geometry":{"type":"Polygon","coordinates":[[[34.7651169,50.8672389],[34.7650198,50.8672934],[34.7651271,50.8673695],[34.7652242,50.8673151],[34.7651169,50.8672389]]]}},{"type":"Feature","id":"way/581495735","properties":{"addr:housenumber":"28","addr:street":"вулиця Максима Сущенка","building":"detached","osm_id":581495735,"osm_type":"way","kind":"building","label":""},"geometry":{"type":"Polygon","coordinates":[[[34.764846,50.8670747],[34.7647548,50.8671356],[34.764853,50.8671942],[34.7649442,50.8671332],[34.764846,50.8670747]]]}},{"type":"Feature","id":"way/581495736","properties":{"addr:housenumber":"47","addr:street":"вулиця Максима Сущенка","building":"detached","osm_id":581495736,"osm_type":"way","kind":"building","label":""},"geometry":{"type":"Polygon","coordinates":[[[34.7650284,50.8667446],[34.7649452,50.8668022],[34.7650495,50.8668622],[34.7651326,50.8668046],[34.7650284,50.8667446]]]}},{"type":"Feature","id":"way/581495737","properties":{"addr:housenumber":"49","addr:street":"вулиця Максима Сущенка","building":"detached","osm_id":581495737,"osm_type":"way","kind":"building","label":""},"geometry":{"type":"Polygon","coordinates":[[[34.7647414,50.8666193],[34.7646475,50.8666752],[34.7647262,50.8667279],[34.7648201,50.8666721],[34.7647414,50.8666193]]]}},{"type":"Feature","id":"way/581495738","properties":{"addr:housenumber":"30","addr:street":"вулиця Максима Сущенка","building":"detached","osm_id":581495738,"osm_type":"way","kind":"building","label":""},"geometry":{"type":"Polygon","coordinates":[[[34.7645268,50.8669528],[34.7644267,50.8670108],[34.7645474,50.8670938],[34.7646475,50.8670358],[34.7645268,50.8669528]]]}},{"type":"Feature","id":"way/581495739","properties":{"addr:housenumber":"45","addr:street":"вулиця Максима Сущенка","building":"detached","osm_id":581495739,"osm_type":"way","kind":"building","label":""},"geometry":{"type":"Polygon","coordinates":[[[34.765192,50.8668377],[34.7650799,50.8669183],[34.7652113,50.8669911],[34.7653234,50.8669105],[34.765192,50.8668377]]]}},{"type":"Feature","id":"way/581495740","properties":{"building":"yes","osm_id":581495740,"osm_type":"way","kind":"building","label":""},"geometry":{"type":"Polygon","coordinates":[[[34.7643632,50.8664027],[34.7642773,50.8664534],[34.7643628,50.866511],[34.7644487,50.8664602],[34.7643632,50.8664027]]]}},{"type":"Feature","id":"way/581495741","properties":{"building":"yes","osm_id":581495741,"osm_type":"way","kind":"building","label":""},"geometry":{"type":"Polygon","coordinates":[[[34.7642478,50.8663079],[34.76417,50.8663637],[34.7642652,50.8664165],[34.764343,50.8663606],[34.7642478,50.8663079]]]}},{"type":"Feature","id":"way/581495743","properties":{"building":"yes","osm_id":581495743,"osm_type":"way","kind":"building","label":""},"geometry":{"type":"Polygon","coordinates":[[[34.7637168,50.8663705],[34.7635987,50.8664382],[34.7636913,50.8665025],[34.7638094,50.8664348],[34.7637168,50.8663705]]]}},{"type":"Feature","id":"way/581495744","properties":{"addr:housenumber":"40","addr:street":"вулиця Максима Сущенка","building":"detached","osm_id":581495744,"osm_type":"way","kind":"building","label":""},"geometry":{"type":"Polygon","coordinates":[[[34.7633922,50.8661555],[34.7632849,50.8662215],[34.7633564,50.8662678],[34.7634637,50.8662018],[34.7633922,50.8661555]]]}},{"type":"Feature","id":"way/581495746","properties":{"addr:housenumber":"44","addr:street":"вулиця Максима Сущенка","building":"detached","osm_id":581495746,"osm_type":"way","kind":"building","label":""},"geometry":{"type":"Polygon","coordinates":[[[34.7630301,50.8659439],[34.7629443,50.8660076],[34.7630516,50.8660652],[34.7631374,50.8660015],[34.7630301,50.8659439]]]}},{"type":"Feature","id":"way/581495749","properties":{"addr:housenumber":"59","addr:street":"вулиця Максима Сущенка","building":"detached","osm_id":581495749,"osm_type":"way","kind":"building","label":""},"geometry":{"type":"Polygon","coordinates":[[[34.7638509,50.8660235],[34.7637355,50.8660878],[34.7638159,50.8661452],[34.7639312,50.8660809],[34.7638509,50.8660235]]]}},{"type":"Feature","id":"way/581495752","properties":{"addr:housenumber":"65","addr:street":"вулиця Максима Сущенка","building":"detached","osm_id":581495752,"osm_type":"way","kind":"building","label":""},"geometry":{"type":"Polygon","coordinates":[[[34.7629979,50.8655325],[34.7629201,50.8655952],[34.763029,50.865649],[34.7631068,50.8655864],[34.7629979,50.8655325]]]}},{"type":"Feature","id":"way/581495755","properties":{"addr:housenumber":"63","addr:street":"вулиця Максима Сущенка","building":"detached","osm_id":581495755,"osm_type":"way","kind":"building","label":""},"geometry":{"type":"Polygon","coordinates":[[[34.7632313,50.8656172],[34.7631052,50.8657018],[34.763244,50.8657842],[34.7633701,50.8656995],[34.7632313,50.8656172]]]}},{"type":"Feature","id":"way/581495757","properties":{"addr:housenumber":"67","addr:street":"вулиця Максима Сущенка","building":"detached","osm_id":581495757,"osm_type":"way","kind":"building","label":""},"geometry":{"type":"Polygon","coordinates":[[[34.7628665,50.8653954],[34.7626734,50.8655071],[34.762771,50.8655744],[34.7629641,50.8654626],[34.7628665,50.8653954]]]}},{"type":"Feature","id":"way/581495760","properties":{"building":"yes","osm_id":581495760,"osm_type":"way","kind":"building","label":""},"geometry":{"type":"Polygon","coordinates":[[[34.7627431,50.865326],[34.7626305,50.8654022],[34.7627291,50.8654603],[34.7628417,50.8653841],[34.7627431,50.865326]]]}},{"type":"Feature","id":"way/581495763","properties":{"building":"yes","osm_id":581495763,"osm_type":"way","kind":"building","label":""},"geometry":{"type":"Polygon","coordinates":[[[34.7624937,50.8650992],[34.7623984,50.8651593],[34.7624923,50.8652185],[34.7625875,50.8651584],[34.7624937,50.8650992]]]}},{"type":"Feature","id":"way/581495766","properties":{"addr:housenumber":"1","addr:street":"провулок Олександри Деревської","building":"yes","osm_id":581495766,"osm_type":"way","kind":"building","label":""},"geometry":{"type":"Polygon","coordinates":[[[34.762271,50.8649383],[34.7623837,50.8650145],[34.7625128,50.8649385],[34.7624002,50.8648623],[34.762271,50.8649383]]]}},{"type":"Feature","id":"way/581495767","properties":{"addr:housenumber":"73","addr:street":"вулиця Максима Сущенка","building":"detached","osm_id":581495767,"osm_type":"way","kind":"building","label":""},"geometry":{"type":"Polygon","coordinates":[[[34.7621182,50.8650213],[34.7620222,50.8650764],[34.7621369,50.865156],[34.7622329,50.8651009],[34.7621182,50.8650213]]]}},{"type":"Feature","id":"way/581495769","properties":{"addr:housenumber":"48","addr:street":"вулиця Максима Сущенка","building":"detached","osm_id":581495769,"osm_type":"way","kind":"building","label":""},"geometry":{"type":"Polygon","coordinates":[[[34.7624427,50.8656443],[34.7623335,50.8657069],[34.7624409,50.8657815],[34.7625501,50.8657188],[34.7624427,50.8656443]]]}},{"type":"Feature","id":"way/581495770","properties":{"addr:housenumber":"50","addr:street":"вулиця Максима Сущенка","building":"detached","osm_id":581495770,"osm_type":"way","kind":"building","label":""},"geometry":{"type":"Polygon","coordinates":[[[34.7623783,50.8655275],[34.7622745,50.8655871],[34.7623611,50.8656472],[34.762465,50.8655876],[34.7623783,50.8655275]]]}},{"type":"Feature","id":"way/581495772","properties":{"addr:housenumber":"52","addr:street":"вулиця Максима Сущенка","building":"detached","osm_id":581495772,"osm_type":"way","kind":"building","label":""},"geometry":{"type":"Polygon","coordinates":[[[34.7621664,50.8653768],[34.7620933,50.8654305],[34.7621755,50.8654751],[34.7622487,50.8654215],[34.7621664,50.8653768]]]}},{"type":"Feature","id":"way/581495774","properties":{"building":"yes","osm_id":581495774,"osm_type":"way","kind":"building","label":""},"geometry":{"type":"Polygon","coordinates":[[[34.7623166,50.8666887],[34.7624067,50.8667513],[34.7625642,50.8666609],[34.7624742,50.8665983],[34.7623166,50.8666887]]]}},{"type":"Feature","id":"way/581495792","properties":{"highway":"secondary","loc_ref":"Т-19-09","oneway":"yes","ref":"Т-19-09","surface":"asphalt","osm_id":581495792,"osm_type":"way","kind":"road","label":""},"geometry":{"type":"LineString","coordinates":[[34.7571362,50.8638933],[34.7569625,50.8638771],[34.7565007,50.8638221]]}},{"type":"Feature","id":"way/657649218","properties":{"addr:housenumber":"71","addr:street":"вулиця Максима Сущенка","building":"detached","osm_id":657649218,"osm_type":"way","kind":"building","label":""},"geometry":{"type":"Polygon","coordinates":[[[34.7623408,50.8651618],[34.7622363,50.8652295],[34.7623327,50.8652888],[34.7624372,50.865221],[34.7623408,50.8651618]]]}},{"type":"Feature","id":"way/657649219","properties":{"addr:housenumber":"46","addr:street":"вулиця Максима Сущенка","building":"detached","osm_id":657649219,"osm_type":"way","kind":"building","label":""},"geometry":{"type":"Polygon","coordinates":[[[34.7625795,50.8657932],[34.7624947,50.8658482],[34.7626036,50.8659151],[34.7626884,50.8658601],[34.7625795,50.8657932]]]}},{"type":"Feature","id":"way/657649220","properties":{"addr:housenumber":"61","addr:street":"вулиця Максима Сущенка","building":"detached","osm_id":657649220,"osm_type":"way","kind":"building","label":""},"geometry":{"type":"Polygon","coordinates":[[[34.7633868,50.8657678],[34.7632969,50.8658262],[34.7633976,50.865888],[34.7634875,50.8658297],[34.7633868,50.8657678]]]}},{"type":"Feature","id":"way/657649221","properties":{"addr:housenumber":"55","addr:street":"вулиця Максима Сущенка","building":"yes","osm_id":657649221,"osm_type":"way","kind":"building","label":""},"geometry":{"type":"Polygon","coordinates":[[[34.764111,50.8661081],[34.7639334,50.8662233],[34.7640601,50.8663011],[34.7642377,50.8661859],[34.764111,50.8661081]]]}},{"type":"Feature","id":"way/657649222","properties":{"addr:housenumber":"36","addr:street":"вулиця Максима Сущенка","building":"detached","osm_id":657649222,"osm_type":"way","kind":"building","label":""},"geometry":{"type":"Polygon","coordinates":[[[34.7640145,50.8665584],[34.7639231,50.8666177],[34.7640306,50.8666837],[34.7641219,50.8666244],[34.7640145,50.8665584]]]}},{"type":"Feature","id":"way/657649223","properties":{"addr:housenumber":"34","addr:street":"вулиця Максима Сущенка","building":"detached","osm_id":657649223,"osm_type":"way","kind":"building","label":""},"geometry":{"type":"Polygon","coordinates":[[[34.7642505,50.8667598],[34.7641682,50.8668132],[34.7642881,50.8668868],[34.7643703,50.8668334],[34.7642505,50.8667598]]]}},{"type":"Feature","id":"way/657649224","properties":{"addr:housenumber":"32","addr:street":"вулиця Максима Сущенка","building":"detached","osm_id":657649224,"osm_type":"way","kind":"building","label":""},"geometry":{"type":"Polygon","coordinates":[[[34.7644007,50.8668699],[34.7642699,50.8669547],[34.7643551,50.867007],[34.7644859,50.8669222],[34.7644007,50.8668699]]]}},{"type":"Feature","id":"way/657649225","properties":{"building":"yes","osm_id":657649225,"osm_type":"way","kind":"building","label":""},"geometry":{"type":"Polygon","coordinates":[[[34.7645187,50.8664738],[34.7644222,50.8665364],[34.7645214,50.8665973],[34.764618,50.8665347],[34.7645187,50.8664738]]]}},{"type":"Feature","id":"way/657649226","properties":{"building":"yes","osm_id":657649226,"osm_type":"way","kind":"building","label":""},"geometry":{"type":"Polygon","coordinates":[[[34.7654977,50.8666667],[34.7654209,50.8667166],[34.7655299,50.8667835],[34.7656068,50.8667337],[34.7654977,50.8666667]]]}},{"type":"Feature","id":"way/657649227","properties":{"building":"yes","osm_id":657649227,"osm_type":"way","kind":"building","label":""},"geometry":{"type":"Polygon","coordinates":[[[34.7654602,50.8668868],[34.7653099,50.8669843],[34.7653717,50.8670222],[34.765522,50.8669248],[34.7654602,50.8668868]]]}},{"type":"Feature","id":"way/657649228","properties":{"building":"yes","osm_id":657649228,"osm_type":"way","kind":"building","label":""},"geometry":{"type":"Polygon","coordinates":[[[34.7656077,50.8672965],[34.7657213,50.8672228],[34.7656345,50.8671695],[34.7655209,50.8672432],[34.7656077,50.8672965]]]}},{"type":"Feature","id":"way/657649229","properties":{"addr:housenumber":"29","addr:street":"вулиця Максима Сущенка","building":"detached","osm_id":657649229,"osm_type":"way","kind":"building","label":""},"geometry":{"type":"Polygon","coordinates":[[[34.7671446,50.8681039],[34.7670584,50.8681598],[34.7671768,50.8682326],[34.767263,50.8681767],[34.7671446,50.8681039]]]}},{"type":"Feature","id":"way/657649230","properties":{"building":"yes","osm_id":657649230,"osm_type":"way","kind":"building","label":""},"geometry":{"type":"Polygon","coordinates":[[[34.7669958,50.8680187],[34.7669166,50.8680701],[34.7668929,50.8680854],[34.7669837,50.8681412],[34.7670866,50.8680745],[34.7669958,50.8680187]]]}},{"type":"Feature","id":"way/657649231","properties":{"addr:housenumber":"31","addr:street":"вулиця Максима Сущенка","building":"detached","osm_id":657649231,"osm_type":"way","kind":"building","label":""},"geometry":{"type":"Polygon","coordinates":[[[34.7668979,50.8679313],[34.7667971,50.8679966],[34.7669166,50.8680701],[34.7669958,50.8680187],[34.7670174,50.8680047],[34.7668979,50.8679313]]]}},{"type":"Feature","id":"way/657649233","properties":{"addr:housenumber":"33","addr:street":"вулиця Максима Сущенка","building":"detached","osm_id":657649233,"osm_type":"way","kind":"building","label":""},"geometry":{"type":"Polygon","coordinates":[[[34.7666699,50.8678246],[34.7665757,50.8678857],[34.766694,50.8679583],[34.7667882,50.8678973],[34.7666699,50.8678246]]]}},{"type":"Feature","id":"way/657649235","properties":{"addr:housenumber":"37","addr:street":"вулиця Максима Сущенка","building":"detached","osm_id":657649235,"osm_type":"way","kind":"building","label":""},"geometry":{"type":"Polygon","coordinates":[[[34.7661066,50.8674167],[34.7659806,50.8674983],[34.7661039,50.8675741],[34.7662299,50.8674924],[34.7661066,50.8674167]]]}},{"type":"Feature","id":"way/657649236","properties":{"addr:housenumber":"39","addr:street":"вулиця Максима Сущенка","building":"detached","osm_id":657649236,"osm_type":"way","kind":"building","label":""},"geometry":{"type":"Polygon","coordinates":[[[34.7659081,50.8672948],[34.7657819,50.8673767],[34.7659269,50.8674657],[34.7660532,50.8673839],[34.7659081,50.8672948]]]}},{"type":"Feature","id":"way/657649238","properties":{"addr:housenumber":"26","addr:street":"вулиця Максима Сущенка","building":"detached","osm_id":657649238,"osm_type":"way","kind":"building","label":""},"geometry":{"type":"Polygon","coordinates":[[[34.7652832,50.8673676],[34.7651893,50.8674284],[34.7652832,50.8674861],[34.765377,50.8674252],[34.7652832,50.8673676]]]}},{"type":"Feature","id":"way/657649239","properties":{"addr:housenumber":"24","addr:street":"вулиця Максима Сущенка","building":"detached","osm_id":657649239,"osm_type":"way","kind":"building","label":""},"geometry":{"type":"Polygon","coordinates":[[[34.7655031,50.8674776],[34.7654021,50.8675431],[34.7655407,50.8676282],[34.7656417,50.8675627],[34.7655031,50.8674776]]]}},{"type":"Feature","id":"way/657649240","properties":{"addr:housenumber":"24-А","addr:street":"вулиця Максима Сущенка","building":"yes","osm_id":657649240,"osm_type":"way","kind":"building","label":""},"geometry":{"type":"Polygon","coordinates":[[[34.7656587,50.8675876],[34.7655569,50.8676536],[34.7656506,50.8677112],[34.7657524,50.8676452],[34.7656587,50.8675876]]]}},{"type":"Feature","id":"way/657649241","properties":{"addr:housenumber":"18-А","addr:street":"вулиця Максима Сущенка","building":"yes","osm_id":657649241,"osm_type":"way","kind":"building","label":""},"geometry":{"type":"Polygon","coordinates":[[[34.7661549,50.8679059],[34.7660689,50.8679616],[34.7661683,50.8680227],[34.7662543,50.8679669],[34.7661549,50.8679059]]]}},{"type":"Feature","id":"way/657649242","properties":{"addr:housenumber":"16","addr:street":"вулиця Максима Сущенка","building":"yes","osm_id":657649242,"osm_type":"way","kind":"building","label":""},"geometry":{"type":"Polygon","coordinates":[[[34.7665384,50.8681175],[34.7664376,50.8681828],[34.7665599,50.868258],[34.7666607,50.8681926],[34.7665384,50.8681175]]]}},{"type":"Feature","id":"way/657649243","properties":{"addr:housenumber":"18","addr:street":"вулиця Максима Сущенка","building":"yes","osm_id":657649243,"osm_type":"way","kind":"building","label":""},"geometry":{"type":"Polygon","coordinates":[[[34.7663614,50.8679973],[34.766262,50.8680617],[34.7663748,50.868131],[34.7664742,50.8680666],[34.7663614,50.8679973]]]}},{"type":"Feature","id":"way/657649244","properties":{"addr:housenumber":"14","addr:street":"вулиця Максима Сущенка","building":"yes","osm_id":657649244,"osm_type":"way","kind":"building","label":""},"geometry":{"type":"Polygon","coordinates":[[[34.7667986,50.8682783],[34.7667003,50.868342],[34.7668308,50.8684222],[34.7669291,50.8683584],[34.7667986,50.8682783]]]}},{"type":"Feature","id":"way/657649245","properties":{"building":"yes","osm_id":657649245,"osm_type":"way","kind":"building","label":""},"geometry":{"type":"Polygon","coordinates":[[[34.7671902,50.868825],[34.7671424,50.868856],[34.7672573,50.8689266],[34.7673051,50.8688956],[34.7671902,50.868825]]]}},{"type":"Feature","id":"way/657649246","properties":{"building":"yes","osm_id":657649246,"osm_type":"way","kind":"building","label":""},"geometry":{"type":"Polygon","coordinates":[[[34.7669274,50.8686456],[34.7668279,50.8687101],[34.7669488,50.8687844],[34.7670483,50.8687199],[34.7669274,50.8686456]]]}},{"type":"Feature","id":"way/657649247","properties":{"addr:housenumber":"12","addr:street":"вулиця Максима Сущенка","building":"yes","osm_id":657649247,"osm_type":"way","kind":"building","label":""},"geometry":{"type":"Polygon","coordinates":[[[34.7670427,50.8684289],[34.7669421,50.8684941],[34.7670427,50.8685559],[34.7671432,50.8684907],[34.7670427,50.8684289]]]}},{"type":"Feature","id":"way/657649248","properties":{"addr:housenumber":"10","addr:street":"вулиця Максима Сущенка","building":"yes","osm_id":657649248,"osm_type":"way","kind":"building","label":""},"geometry":{"type":"Polygon","coordinates":[[[34.7672626,50.8686202],[34.7671531,50.8686912],[34.7672331,50.8687404],[34.7673427,50.8686694],[34.7672626,50.8686202]]]}},{"type":"Feature","id":"way/657649249","properties":{"addr:housenumber":"8","addr:street":"вулиця Максима Сущенка","building":"yes","osm_id":657649249,"osm_type":"way","kind":"building","label":""},"geometry":{"type":"Polygon","coordinates":[[[34.7674853,50.8687776],[34.7673832,50.8688438],[34.767496,50.8689131],[34.767598,50.8688469],[34.7674853,50.8687776]]]}},{"type":"Feature","id":"way/657649250","properties":{"footway":"sidewalk","highway":"footway","osm_id":657649250,"osm_type":"way","kind":"road","label":""},"geometry":{"type":"LineString","coordinates":[[34.7581476,50.8629989],[34.758046,50.8632324],[34.7578752,50.8636507],[34.7578509,50.8637636],[34.7578793,50.8638483],[34.7580379,50.8639766],[34.7588022,50.8645077],[34.7597291,50.8651672],[34.760343,50.8656008],[34.760753,50.8658931],[34.761351,50.8662808],[34.7624212,50.8669122],[34.7643256,50.8680396],[34.7656131,50.8687827],[34.767011,50.8696073],[34.7681558,50.8703028],[34.7691938,50.8709104],[34.7697113,50.8712185],[34.7700022,50.8713917],[34.7701406,50.8714741],[34.7710684,50.872107],[34.7715441,50.8724515],[34.7718174,50.8726267],[34.7722408,50.8729484],[34.7726235,50.8733737],[34.7727237,50.8735044],[34.7728229,50.8736338],[34.7731796,50.8741162],[34.7733844,50.8743939],[34.774111,50.8753802],[34.7745126,50.8758934],[34.7750839,50.8767146]]}},{"type":"Feature","id":"way/657649251","properties":{"building":"yes","osm_id":657649251,"osm_type":"way","kind":"building","label":""},"geometry":{"type":"Polygon","coordinates":[[[34.7677615,50.8677264],[34.7676489,50.8677941],[34.7677634,50.8678701],[34.7678761,50.8678023],[34.7677615,50.8677264]]]}},{"type":"Feature","id":"way/657649252","properties":{"building":"yes","osm_id":657649252,"osm_type":"way","kind":"building","label":""},"geometry":{"type":"Polygon","coordinates":[[[34.7692233,50.8666126],[34.769336,50.8665313],[34.7692108,50.8664622],[34.7690982,50.8665435],[34.7692233,50.8666126]]]}},{"type":"Feature","id":"way/657649253","properties":{"building":"yes","osm_id":657649253,"osm_type":"way","kind":"building","label":""},"geometry":{"type":"Polygon","coordinates":[[[34.769049,50.8668597],[34.7689497,50.8669359],[34.769057,50.8669916],[34.7691562,50.8669154],[34.769049,50.8668597]]]}},{"type":"Feature","id":"way/657649254","properties":{"building":"yes","osm_id":657649254,"osm_type":"way","kind":"building","label":""},"geometry":{"type":"Polygon","coordinates":[[[34.7686011,50.8666312],[34.7685157,50.8666928],[34.7686444,50.8667639],[34.7687298,50.8667023],[34.7686011,50.8666312]]]}},{"type":"Feature","id":"way/657649255","properties":{"building":"yes","osm_id":657649255,"osm_type":"way","kind":"building","label":""},"geometry":{"type":"Polygon","coordinates":[[[34.7688371,50.8666904],[34.7686869,50.8668123],[34.7688566,50.8668956],[34.7690068,50.8667738],[34.7688371,50.8666904]]]}},{"type":"Feature","id":"way/657649256","properties":{"building":"yes","osm_id":657649256,"osm_type":"way","kind":"building","label":""},"geometry":{"type":"Polygon","coordinates":[[[34.769336,50.8666024],[34.7692402,50.8666753],[34.7693662,50.8667413],[34.769462,50.8666684],[34.769336,50.8666024]]]}},{"type":"Feature","id":"way/657649257","properties":{"building":"yes","osm_id":657649257,"osm_type":"way","kind":"building","label":""},"geometry":{"type":"Polygon","coordinates":[[[34.7693467,50.8668665],[34.7691193,50.8670308],[34.7691915,50.8670707],[34.7692714,50.8670129],[34.7693222,50.8670409],[34.7694697,50.8669343],[34.7693467,50.8668665]]]}},{"type":"Feature","id":"way/657649258","properties":{"building":"yes","osm_id":657649258,"osm_type":"way","kind":"building","label":""},"geometry":{"type":"Polygon","coordinates":[[[34.7697303,50.8666346],[34.769627,50.8667026],[34.7697557,50.8667805],[34.769859,50.8667124],[34.7697303,50.8666346]]]}},{"type":"Feature","id":"way/657649259","properties":{"building":"yes","osm_id":657649259,"osm_type":"way","kind":"building","label":""},"geometry":{"type":"Polygon","coordinates":[[[34.7697812,50.8671441],[34.7696862,50.8672082],[34.7700188,50.8674046],[34.7701138,50.8673405],[34.7697812,50.8671441]]]}},{"type":"Feature","id":"way/657649260","properties":{"building":"yes","osm_id":657649260,"osm_type":"way","kind":"building","label":""},"geometry":{"type":"Polygon","coordinates":[[[34.770264,50.866924],[34.7701574,50.8669788],[34.770321,50.8671058],[34.7704276,50.867051],[34.770264,50.866924]]]}},{"type":"Feature","id":"way/657649261","properties":{"building":"house","osm_id":657649261,"osm_type":"way","kind":"building","label":""},"geometry":{"type":"Polygon","coordinates":[[[34.7709829,50.8665499],[34.7710908,50.8666416],[34.7714047,50.8664943],[34.7712967,50.8664027],[34.7709829,50.8665499]]]}},{"type":"Feature","id":"way/657649262","properties":{"building":"house","osm_id":657649262,"osm_type":"way","kind":"building","label":""},"geometry":{"type":"Polygon","coordinates":[[[34.7706985,50.8666752],[34.770566,50.8667426],[34.7707993,50.8669254],[34.7709319,50.866858],[34.7706985,50.8666752]]]}},{"type":"Feature","id":"way/657649263","properties":{"building":"yes","osm_id":657649263,"osm_type":"way","kind":"building","label":""},"geometry":{"type":"Polygon","coordinates":[[[34.7762802,50.8683866],[34.7762349,50.8684275],[34.7763875,50.8684949],[34.7764329,50.8684541],[34.7762802,50.8683866]]]}},{"type":"Feature","id":"way/657649264","properties":{"building":"yes","osm_id":657649264,"osm_type":"way","kind":"building","label":""},"geometry":{"type":"Polygon","coordinates":[[[34.775328,50.8680464],[34.7752855,50.8680847],[34.7754514,50.8681581],[34.775494,50.8681197],[34.775328,50.8680464]]]}},{"type":"Feature","id":"way/657649265","properties":{"building":"yes","osm_id":657649265,"osm_type":"way","kind":"building","label":""},"geometry":{"type":"Polygon","coordinates":[[[34.7756284,50.868131],[34.7755809,50.8681738],[34.7757062,50.8682292],[34.7757537,50.8681864],[34.7756284,50.868131]]]}},{"type":"Feature","id":"way/657649266","properties":{"building":"yes","osm_id":657649266,"osm_type":"way","kind":"building","label":""},"geometry":{"type":"Polygon","coordinates":[[[34.7758779,50.868241],[34.7758322,50.8682822],[34.7759342,50.8683274],[34.77598,50.8682862],[34.7758779,50.868241]]]}},{"type":"Feature","id":"way/657649267","properties":{"building":"yes","osm_id":657649267,"osm_type":"way","kind":"building","label":""},"geometry":{"type":"Polygon","coordinates":[[[34.7760522,50.8682969],[34.7760112,50.8683339],[34.7761917,50.8684137],[34.7762328,50.8683767],[34.7760522,50.8682969]]]}},{"type":"Feature","id":"way/657649268","properties":{"building":"yes","osm_id":657649268,"osm_type":"way","kind":"building","label":""},"geometry":{"type":"Polygon","coordinates":[[[34.7726941,50.8669782],[34.7726145,50.86705],[34.7727585,50.8671136],[34.7728381,50.8670419],[34.7726941,50.8669782]]]}},{"type":"Feature","id":"way/657649269","properties":{"addr:housenumber":"6","addr:street":"вулиця Івана Багряного","building":"yes","osm_id":657649269,"osm_type":"way","kind":"building","label":""},"geometry":{"type":"Polygon","coordinates":[[[34.7731206,50.8670882],[34.773048,50.8671536],[34.7732332,50.8672355],[34.7733058,50.8671701],[34.7731206,50.8670882]]]}},{"type":"Feature","id":"way/657649270","properties":{"building":"yes","osm_id":657649270,"osm_type":"way","kind":"building","label":""},"geometry":{"type":"Polygon","coordinates":[[[34.7735149,50.8671441],[34.7734181,50.8672313],[34.7735846,50.8673049],[34.7736814,50.8672177],[34.7735149,50.8671441]]]}},{"type":"Feature","id":"way/657649271","properties":{"building":"yes","osm_id":657649271,"osm_type":"way","kind":"building","label":""},"geometry":{"type":"Polygon","coordinates":[[[34.773649,50.8673811],[34.7735653,50.8674565],[34.7736973,50.8675148],[34.7737809,50.8674394],[34.773649,50.8673811]]]}},{"type":"Feature","id":"way/657649272","properties":{"building":"yes","osm_id":657649272,"osm_type":"way","kind":"building","label":""},"geometry":{"type":"Polygon","coordinates":[[[34.7739655,50.8673862],[34.7739039,50.8674417],[34.774054,50.8675081],[34.7741156,50.8674526],[34.7739655,50.8673862]]]}},{"type":"Feature","id":"way/657649274","properties":{"building":"yes","osm_id":657649274,"osm_type":"way","kind":"building","label":""},"geometry":{"type":"Polygon","coordinates":[[[34.7739038,50.8674996],[34.7738298,50.8675662],[34.7739547,50.8676215],[34.7740287,50.8675548],[34.7739038,50.8674996]]]}},{"type":"Feature","id":"way/657649276","properties":{"building":"yes","osm_id":657649276,"osm_type":"way","kind":"building","label":""},"geometry":{"type":"Polygon","coordinates":[[[34.7740808,50.8675961],[34.7739957,50.8676727],[34.774121,50.8677281],[34.7742061,50.8676515],[34.7740808,50.8675961]]]}},{"type":"Feature","id":"way/657649278","properties":{"building":"yes","osm_id":657649278,"osm_type":"way","kind":"building","label":""},"geometry":{"type":"Polygon","coordinates":[[[34.7744027,50.8675758],[34.7743515,50.8676218],[34.7745422,50.8677061],[34.7745933,50.86766],[34.7744027,50.8675758]]]}},{"type":"Feature","id":"way/657649280","properties":{"building":"yes","osm_id":657649280,"osm_type":"way","kind":"building","label":""},"geometry":{"type":"Polygon","coordinates":[[[34.7743544,50.8677044],[34.7742668,50.8677833],[34.7743946,50.8678398],[34.7744822,50.8677609],[34.7743544,50.8677044]]]}},{"type":"Feature","id":"way/657649282","properties":{"building":"yes","osm_id":657649282,"osm_type":"way","kind":"building","label":""},"geometry":{"type":"Polygon","coordinates":[[[34.7745287,50.8677874],[34.7744408,50.8678666],[34.7746253,50.8679482],[34.7747133,50.867869],[34.7745287,50.8677874]]]}},{"type":"Feature","id":"way/657649284","properties":{"building":"yes","osm_id":657649284,"osm_type":"way","kind":"building","label":""},"geometry":{"type":"Polygon","coordinates":[[[34.774923,50.8677908],[34.7748637,50.8678442],[34.7749686,50.8678906],[34.775028,50.8678372],[34.774923,50.8677908]]]}},{"type":"Feature","id":"way/657649285","properties":{"building":"yes","osm_id":657649285,"osm_type":"way","kind":"building","label":""},"geometry":{"type":"Polygon","coordinates":[[[34.7751403,50.8678382],[34.7750082,50.8679572],[34.7750759,50.8679871],[34.775208,50.8678681],[34.7751403,50.8678382]]]}},{"type":"Feature","id":"way/657649287","properties":{"building":"yes","osm_id":657649287,"osm_type":"way","kind":"building","label":""},"geometry":{"type":"Polygon","coordinates":[[[34.7747809,50.8679008],[34.7746882,50.8679842],[34.7748479,50.8680548],[34.7749405,50.8679714],[34.7747809,50.8679008]]]}},{"type":"Feature","id":"way/657649289","properties":{"building":"yes","osm_id":657649289,"osm_type":"way","kind":"building","label":""},"geometry":{"type":"Polygon","coordinates":[[[34.7751081,50.8679888],[34.7749731,50.8681104],[34.7751,50.8681665],[34.775235,50.8680449],[34.7751081,50.8679888]]]}},{"type":"Feature","id":"way/657649290","properties":{"building":"yes","osm_id":657649290,"osm_type":"way","kind":"building","label":""},"geometry":{"type":"Polygon","coordinates":[[[34.7752851,50.8681175],[34.7751921,50.8682012],[34.775328,50.8682613],[34.775421,50.8681776],[34.7752851,50.8681175]]]}},{"type":"Feature","id":"way/657649292","properties":{"building":"yes","osm_id":657649292,"osm_type":"way","kind":"building","label":""},"geometry":{"type":"Polygon","coordinates":[[[34.7755077,50.8681953],[34.7754164,50.8682776],[34.775548,50.8683358],[34.7756394,50.8682535],[34.7755077,50.8681953]]]}},{"type":"Feature","id":"way/657649293","properties":{"building":"yes","osm_id":657649293,"osm_type":"way","kind":"building","label":""},"geometry":{"type":"Polygon","coordinates":[[[34.7756982,50.8682969],[34.7755754,50.8684075],[34.7757196,50.8684712],[34.7758424,50.8683607],[34.7756982,50.8682969]]]}},{"type":"Feature","id":"way/657649294","properties":{"building":"yes","osm_id":657649294,"osm_type":"way","kind":"building","label":""},"geometry":{"type":"Polygon","coordinates":[[[34.7761649,50.8685119],[34.7760928,50.8685768],[34.7762293,50.8686371],[34.7763013,50.8685722],[34.7761649,50.8685119]]]}},{"type":"Feature","id":"way/657649295","properties":{"building":"yes","osm_id":657649295,"osm_type":"way","kind":"building","label":""},"geometry":{"type":"Polygon","coordinates":[[[34.7764251,50.8685999],[34.7763129,50.8687009],[34.7764251,50.8687505],[34.7765372,50.8686495],[34.7764251,50.8685999]]]}},{"type":"Feature","id":"way/657649296","properties":{"building":"yes","osm_id":657649296,"osm_type":"way","kind":"building","label":""},"geometry":{"type":"Polygon","coordinates":[[[34.774974,50.86882],[34.7749086,50.8688727],[34.7750142,50.8689249],[34.7750796,50.8688721],[34.774974,50.86882]]]}},{"type":"Feature","id":"way/657649297","properties":{"building":"yes","osm_id":657649297,"osm_type":"way","kind":"building","label":""},"geometry":{"type":"Polygon","coordinates":[[[34.7750464,50.8685864],[34.77496,50.868656],[34.7752234,50.8687861],[34.7753098,50.8687164],[34.7750464,50.8685864]]]}},{"type":"Feature","id":"way/657649298","properties":{"building":"yes","osm_id":657649298,"osm_type":"way","kind":"building","label":""},"geometry":{"type":"Polygon","coordinates":[[[34.7744134,50.8681479],[34.7742859,50.8682507],[34.7743383,50.8682766],[34.7744658,50.8681738],[34.7744134,50.8681479]]]}},{"type":"Feature","id":"way/657649299","properties":{"building":"yes","osm_id":657649299,"osm_type":"way","kind":"building","label":""},"geometry":{"type":"Polygon","coordinates":[[[34.7747755,50.868412],[34.7746697,50.8684973],[34.7748157,50.8685694],[34.7749215,50.8684841],[34.7747755,50.868412]]]}},{"type":"Feature","id":"way/657649300","properties":{"building":"yes","osm_id":657649300,"osm_type":"way","kind":"building","label":""},"geometry":{"type":"Polygon","coordinates":[[[34.7743759,50.8684323],[34.774246,50.868537],[34.7743356,50.8685813],[34.7744655,50.8684766],[34.7743759,50.8684323]]]}},{"type":"Feature","id":"way/657649301","properties":{"building":"yes","osm_id":657649301,"osm_type":"way","kind":"building","label":""},"geometry":{"type":"Polygon","coordinates":[[[34.7745207,50.8682021],[34.7744107,50.8682908],[34.7745636,50.8683663],[34.7746736,50.8682776],[34.7745207,50.8682021]]]}},{"type":"Feature","id":"way/657649302","properties":{"building":"yes","osm_id":657649302,"osm_type":"way","kind":"building","label":""},"geometry":{"type":"Polygon","coordinates":[[[34.774113,50.8680142],[34.7739682,50.868131],[34.7740298,50.8681615],[34.7741747,50.8680447],[34.774113,50.8680142]]]}},{"type":"Feature","id":"way/657649303","properties":{"building":"yes","osm_id":657649303,"osm_type":"way","kind":"building","label":""},"geometry":{"type":"Polygon","coordinates":[[[34.7739387,50.8679279],[34.7738399,50.8680075],[34.7739735,50.8680734],[34.7740722,50.8679938],[34.7739387,50.8679279]]]}},{"type":"Feature","id":"way/657649304","properties":{"building":"yes","osm_id":657649304,"osm_type":"way","kind":"building","label":""},"geometry":{"type":"Polygon","coordinates":[[[34.7737911,50.8678635],[34.7736423,50.8679836],[34.7737214,50.8680227],[34.7738703,50.8679026],[34.7737911,50.8678635]]]}},{"type":"Feature","id":"way/657649305","properties":{"building":"yes","osm_id":657649305,"osm_type":"way","kind":"building","label":""},"geometry":{"type":"Polygon","coordinates":[[[34.7735363,50.867806],[34.7734664,50.8678624],[34.7736195,50.867938],[34.7736894,50.8678816],[34.7735363,50.867806]]]}},{"type":"Feature","id":"way/657649306","properties":{"building":"yes","osm_id":657649306,"osm_type":"way","kind":"building","label":""},"geometry":{"type":"Polygon","coordinates":[[[34.773244,50.8676689],[34.7731766,50.8677232],[34.773303,50.8677857],[34.7733704,50.8677313],[34.773244,50.8676689]]]}},{"type":"Feature","id":"way/657649307","properties":{"building":"yes","osm_id":657649307,"osm_type":"way","kind":"building","label":""},"geometry":{"type":"Polygon","coordinates":[[[34.7729945,50.867547],[34.7728908,50.8676306],[34.7730026,50.8676858],[34.7731063,50.8676022],[34.7729945,50.867547]]]}},{"type":"Feature","id":"way/657649308","properties":{"building":"yes","osm_id":657649308,"osm_type":"way","kind":"building","label":""},"geometry":{"type":"Polygon","coordinates":[[[34.7726755,50.8673972],[34.7725966,50.8674607],[34.7725517,50.8674385],[34.7724857,50.8674918],[34.7726673,50.8675814],[34.7728121,50.8674646],[34.7726755,50.8673972]]]}},{"type":"Feature","id":"way/657649309","properties":{"building":"yes","osm_id":657649309,"osm_type":"way","kind":"building","label":""},"geometry":{"type":"Polygon","coordinates":[[[34.7720772,50.8670612],[34.771927,50.8671847],[34.7720159,50.8672278],[34.7720209,50.8672237],[34.7721661,50.8671042],[34.7720772,50.8670612]]]}},{"type":"Feature","id":"way/657649310","properties":{"building":"yes","osm_id":657649310,"osm_type":"way","kind":"building","label":""},"geometry":{"type":"Polygon","coordinates":[[[34.7723025,50.8672702],[34.7722274,50.8673432],[34.7723803,50.8674059],[34.7724554,50.8673329],[34.7723025,50.8672702]]]}},{"type":"Feature","id":"way/657649311","properties":{"building":"yes","osm_id":657649311,"osm_type":"way","kind":"building","label":""},"geometry":{"type":"Polygon","coordinates":[[[34.7720209,50.8672237],[34.7719216,50.8672998],[34.7720328,50.8673576],[34.7721321,50.8672814],[34.7720209,50.8672237]]]}},{"type":"Feature","id":"way/657649312","properties":{"building":"yes","osm_id":657649312,"osm_type":"way","kind":"building","label":""},"geometry":{"type":"Polygon","coordinates":[[[34.7713691,50.8675859],[34.7712725,50.8676689],[34.7713712,50.8677146],[34.7714677,50.8676317],[34.7713691,50.8675859]]]}},{"type":"Feature","id":"way/657649313","properties":{"building":"yes","osm_id":657649313,"osm_type":"way","kind":"building","label":""},"geometry":{"type":"Polygon","coordinates":[[[34.7715461,50.8677044],[34.7714898,50.8677704],[34.7715882,50.8678039],[34.7716445,50.8677379],[34.7715461,50.8677044]]]}},{"type":"Feature","id":"way/657649314","properties":{"building":"yes","osm_id":657649314,"osm_type":"way","kind":"building","label":""},"geometry":{"type":"Polygon","coordinates":[[[34.771809,50.8678128],[34.7717312,50.8678822],[34.77183,50.8679263],[34.7719078,50.8678569],[34.771809,50.8678128]]]}},{"type":"Feature","id":"way/657649315","properties":{"building":"yes","osm_id":657649315,"osm_type":"way","kind":"building","label":""},"geometry":{"type":"Polygon","coordinates":[[[34.7722167,50.8680227],[34.7721603,50.8680768],[34.7722656,50.8681204],[34.7723219,50.8680662],[34.7722167,50.8680227]]]}},{"type":"Feature","id":"way/657649316","properties":{"building":"yes","osm_id":657649316,"osm_type":"way","kind":"building","label":""},"geometry":{"type":"Polygon","coordinates":[[[34.7724473,50.8681158],[34.7723692,50.8681784],[34.7724952,50.8682411],[34.7725734,50.8681784],[34.7724473,50.8681158]]]}},{"type":"Feature","id":"way/657649317","properties":{"building":"yes","osm_id":657649317,"osm_type":"way","kind":"building","label":""},"geometry":{"type":"Polygon","coordinates":[[[34.7726673,50.8682089],[34.7725949,50.8682749],[34.7727055,50.8683232],[34.7727779,50.8682572],[34.7726673,50.8682089]]]}},{"type":"Feature","id":"way/657649318","properties":{"building":"yes","osm_id":657649318,"osm_type":"way","kind":"building","label":""},"geometry":{"type":"Polygon","coordinates":[[[34.7729328,50.8683358],[34.7728577,50.8684001],[34.7729724,50.8684535],[34.7730475,50.8683891],[34.7729328,50.8683358]]]}},{"type":"Feature","id":"way/657649319","properties":{"building":"yes","osm_id":657649319,"osm_type":"way","kind":"building","label":""},"geometry":{"type":"Polygon","coordinates":[[[34.7731608,50.8684425],[34.773083,50.8685068],[34.773195,50.8685607],[34.7732728,50.8684964],[34.7731608,50.8684425]]]}},{"type":"Feature","id":"way/657649320","properties":{"building":"yes","osm_id":657649320,"osm_type":"way","kind":"building","label":""},"geometry":{"type":"Polygon","coordinates":[[[34.7737429,50.8685356],[34.7736463,50.868627],[34.7737218,50.8686587],[34.7738184,50.8685673],[34.7737429,50.8685356]]]}},{"type":"Feature","id":"way/657649321","properties":{"building":"yes","osm_id":657649321,"osm_type":"way","kind":"building","label":""},"geometry":{"type":"Polygon","coordinates":[[[34.7735068,50.8684949],[34.7734237,50.8685762],[34.7735322,50.8686204],[34.7736153,50.8685392],[34.7735068,50.8684949]]]}},{"type":"Feature","id":"way/657649322","properties":{"building":"yes","osm_id":657649322,"osm_type":"way","kind":"building","label":""},"geometry":{"type":"Polygon","coordinates":[[[34.7727612,50.8697594],[34.7727261,50.8698154],[34.7728414,50.8698442],[34.7728765,50.8697882],[34.7727612,50.8697594]]]}},{"type":"Feature","id":"way/657649323","properties":{"building":"yes","osm_id":657649323,"osm_type":"way","kind":"building","label":""},"geometry":{"type":"Polygon","coordinates":[[[34.7738314,50.8686574],[34.7737429,50.8687438],[34.7738691,50.8687953],[34.7739576,50.868709],[34.7738314,50.8686574]]]}},{"type":"Feature","id":"way/657649324","properties":{"building":"yes","osm_id":657649324,"osm_type":"way","kind":"building","label":""},"geometry":{"type":"Polygon","coordinates":[[[34.7727263,50.8685237],[34.7726539,50.8686185],[34.7728998,50.8686934],[34.7729319,50.8686514],[34.7728026,50.8686121],[34.772843,50.8685592],[34.7727263,50.8685237]]]}},{"type":"Feature","id":"way/657649325","properties":{"building":"yes","osm_id":657649325,"osm_type":"way","kind":"building","label":""},"geometry":{"type":"Polygon","coordinates":[[[34.7714576,50.8682089],[34.7713718,50.8682766],[34.7714329,50.8683075],[34.7715188,50.8682398],[34.7714576,50.8682089]]]}},{"type":"Feature","id":"way/657649326","properties":{"addr:housenumber":"7","addr:street":"вулиця Полковника Перехрестова-Осипова","building":"yes","osm_id":657649326,"osm_type":"way","kind":"building","label":""},"geometry":{"type":"Polygon","coordinates":[[[34.7713745,50.8681175],[34.7712888,50.8681864],[34.771388,50.8682355],[34.7714737,50.8681665],[34.7713745,50.8681175]]]}},{"type":"Feature","id":"way/657649327","properties":{"addr:housenumber":"3","addr:street":"вулиця Полковника Перехрестова-Осипова","building":"yes","osm_id":657649327,"osm_type":"way","kind":"building","label":""},"geometry":{"type":"Polygon","coordinates":[[[34.7720289,50.8683189],[34.7719645,50.8684171],[34.7720795,50.8684471],[34.7721439,50.8683489],[34.7720289,50.8683189]]]}},{"type":"Feature","id":"way/657649328","properties":{"addr:housenumber":"5","addr:street":"вулиця Полковника Перехрестова-Осипова","building":"yes","osm_id":657649328,"osm_type":"way","kind":"building","label":""},"geometry":{"type":"Polygon","coordinates":[[[34.771699,50.8683121],[34.7716457,50.8683783],[34.7718147,50.8684325],[34.771868,50.8683663],[34.771699,50.8683121]]]}},{"type":"Feature","id":"way/657649329","properties":{"building":"yes","osm_id":657649329,"osm_type":"way","kind":"building","label":""},"geometry":{"type":"Polygon","coordinates":[[[34.7705001,50.8680379],[34.7704252,50.868108],[34.7705485,50.8681605],[34.7706234,50.8680904],[34.7705001,50.8680379]]]}},{"type":"Feature","id":"way/657649330","properties":{"building":"yes","osm_id":657649330,"osm_type":"way","kind":"building","label":""},"geometry":{"type":"Polygon","coordinates":[[[34.7700897,50.8679296],[34.7700119,50.8680193],[34.7700748,50.868041],[34.7701526,50.8679513],[34.7700897,50.8679296]]]}},{"type":"Feature","id":"way/657649331","properties":{"building":"yes","osm_id":657649331,"osm_type":"way","kind":"building","label":""},"geometry":{"type":"Polygon","coordinates":[[[34.7702077,50.8679566],[34.7701513,50.868023],[34.7702613,50.8680602],[34.7703177,50.8679939],[34.7702077,50.8679566]]]}},{"type":"Feature","id":"way/657649332","properties":{"building":"yes","osm_id":657649332,"osm_type":"way","kind":"building","label":""},"geometry":{"type":"Polygon","coordinates":[[[34.7698429,50.867806],[34.7697759,50.8678822],[34.769879,50.8679183],[34.7699461,50.8678422],[34.7698429,50.867806]]]}},{"type":"Feature","id":"way/657649333","properties":{"building":"yes","osm_id":657649333,"osm_type":"way","kind":"building","label":""},"geometry":{"type":"Polygon","coordinates":[[[34.7700173,50.8681496],[34.7699595,50.8682334],[34.7700829,50.8682673],[34.7701406,50.8681835],[34.7700173,50.8681496]]]}},{"type":"Feature","id":"way/657649334","properties":{"building":"yes","osm_id":657649334,"osm_type":"way","kind":"building","label":""},"geometry":{"type":"Polygon","coordinates":[[[34.7704545,50.8683324],[34.7704134,50.8683857],[34.7705933,50.8684409],[34.7706343,50.8683877],[34.7704545,50.8683324]]]}},{"type":"Feature","id":"way/657649335","properties":{"addr:housenumber":"6","addr:street":"вулиця Полковника Перехрестова-Осипова","building":"yes","osm_id":657649335,"osm_type":"way","kind":"building","label":""},"geometry":{"type":"Polygon","coordinates":[[[34.7706825,50.868307],[34.7706343,50.8683877],[34.7706235,50.8684059],[34.7708515,50.8684601],[34.7709104,50.8683612],[34.7706825,50.868307]]]}},{"type":"Feature","id":"way/657649336","properties":{"addr:housenumber":"4","addr:street":"вулиця Полковника Перехрестова-Осипова","building":"yes","osm_id":657649336,"osm_type":"way","kind":"building","label":""},"geometry":{"type":"Polygon","coordinates":[[[34.7711223,50.8684154],[34.7710552,50.8684975],[34.7713046,50.8685787],[34.7713718,50.8684966],[34.7711223,50.8684154]]]}},{"type":"Feature","id":"way/657649337","properties":{"building":"yes","osm_id":657649337,"osm_type":"way","kind":"building","label":""},"geometry":{"type":"Polygon","coordinates":[[[34.7696203,50.870599],[34.769454,50.8706802],[34.7695062,50.8707228],[34.7696725,50.8706416],[34.7696203,50.870599]]]}},{"type":"Feature","id":"way/657649338","properties":{"addr:housenumber":"8-А","addr:street":"вулиця Максима Сущенка","building":"yes","osm_id":657649338,"osm_type":"way","kind":"building","label":""},"geometry":{"type":"Polygon","coordinates":[[[34.7694416,50.8702272],[34.7693313,50.8702759],[34.7694186,50.8703546],[34.7695289,50.8703059],[34.7694416,50.8702272]]]}},{"type":"Feature","id":"way/657649339","properties":{"addr:housenumber":"8","addr:street":"вулиця Максима Сущенка","building":"yes","osm_id":657649339,"osm_type":"way","kind":"building","label":""},"geometry":{"type":"Polygon","coordinates":[[[34.7692582,50.8700387],[34.7690409,50.8701487],[34.7691765,50.8702553],[34.7693938,50.8701453],[34.7692582,50.8700387]]]}},{"type":"Feature","id":"way/657649340","properties":{"building":"yes","osm_id":657649340,"osm_type":"way","kind":"building","label":""},"geometry":{"type":"Polygon","coordinates":[[[34.7690275,50.8698847],[34.76888,50.8699575],[34.7690055,50.8700588],[34.769153,50.869986],[34.7690275,50.8698847]]]}},{"type":"Feature","id":"way/657649341","properties":{"building":"yes","osm_id":657649341,"osm_type":"way","kind":"building","label":""},"geometry":{"type":"Polygon","coordinates":[[[34.7687888,50.8696934],[34.7685984,50.8697814],[34.7687131,50.8698803],[34.7689036,50.8697923],[34.7687888,50.8696934]]]}},{"type":"Feature","id":"way/657649342","properties":{"building":"yes","osm_id":657649342,"osm_type":"way","kind":"building","label":""},"geometry":{"type":"Polygon","coordinates":[[[34.768365,50.8696071],[34.7682857,50.8696411],[34.7684172,50.869763],[34.7684965,50.8697289],[34.768365,50.8696071]]]}},{"type":"Feature","id":"way/657649343","properties":{"addr:housenumber":"4","addr:street":"вулиця Максима Сущенка","building":"yes","osm_id":657649343,"osm_type":"way","kind":"building","label":""},"geometry":{"type":"Polygon","coordinates":[[[34.7685608,50.8695427],[34.768462,50.8695882],[34.7685773,50.8696881],[34.7686762,50.8696426],[34.7685608,50.8695427]]]}},{"type":"Feature","id":"way/657649344","properties":{"building":"yes","osm_id":657649344,"osm_type":"way","kind":"building","label":""},"geometry":{"type":"Polygon","coordinates":[[[34.7681639,50.8694446],[34.7680611,50.8694941],[34.7682006,50.8696093],[34.7683033,50.8695597],[34.7681639,50.8694446]]]}},{"type":"Feature","id":"way/657649345","properties":{"building":"yes","osm_id":657649345,"osm_type":"way","kind":"building","label":""},"geometry":{"type":"Polygon","coordinates":[[[34.7684296,50.8694348],[34.768498,50.8694997],[34.7686078,50.8694536],[34.7685394,50.8693887],[34.7684296,50.8694348]]]}},{"type":"Feature","id":"way/657649346","properties":{"building":"yes","osm_id":657649346,"osm_type":"way","kind":"building","label":""},"geometry":{"type":"Polygon","coordinates":[[[34.7683462,50.8693616],[34.7682232,50.8694174],[34.76836,50.8695376],[34.768483,50.8694818],[34.7684296,50.8694348],[34.7683462,50.8693616]]]}},{"type":"Feature","id":"way/657649347","properties":{"addr:housenumber":"8/1","addr:street":"вулиця Максима Сущенка","building":"yes","osm_id":657649347,"osm_type":"way","kind":"building","label":""},"geometry":{"type":"Polygon","coordinates":[[[34.7681424,50.8692059],[34.7680182,50.8692741],[34.7681443,50.8693655],[34.7682685,50.8692973],[34.7681424,50.8692059]]]}},{"type":"Feature","id":"way/657649348","properties":{"building":"yes","osm_id":657649348,"osm_type":"way","kind":"building","label":""},"geometry":{"type":"Polygon","coordinates":[[[34.7680673,50.8691179],[34.7678661,50.8692364],[34.7679232,50.869275],[34.7681244,50.8691565],[34.7680673,50.8691179]]]}},{"type":"Feature","id":"way/657649349","properties":{"building":"yes","osm_id":657649349,"osm_type":"way","kind":"building","label":""},"geometry":{"type":"Polygon","coordinates":[[[34.7683275,50.8684425],[34.7681236,50.868561],[34.7681955,50.8686102],[34.7683994,50.8684917],[34.7683275,50.8684425]]]}},{"type":"Feature","id":"way/657649350","properties":{"addr:housenumber":"25","addr:street":"вулиця Максима Сущенка","building":"yes","osm_id":657649350,"osm_type":"way","kind":"building","label":""},"geometry":{"type":"Polygon","coordinates":[[[34.7684187,50.8685407],[34.7682816,50.8686039],[34.7683835,50.8686919],[34.7685206,50.8686287],[34.7684187,50.8685407]]]}},{"type":"Feature","id":"way/657649351","properties":{"addr:housenumber":"23","addr:street":"вулиця Максима Сущенка","building":"house","osm_id":657649351,"osm_type":"way","kind":"building","label":""},"geometry":{"type":"Polygon","coordinates":[[[34.7683489,50.8688758],[34.7682551,50.8689367],[34.768364,50.8690036],[34.7684579,50.8689426],[34.7683489,50.8688758]]]}},{"type":"Feature","id":"way/657649352","properties":{"building":"yes","osm_id":657649352,"osm_type":"way","kind":"building","label":""},"geometry":{"type":"Polygon","coordinates":[[[34.7685313,50.8689909],[34.7684353,50.8690378],[34.7685452,50.8691275],[34.7686413,50.8690806],[34.7685313,50.8689909]]]}},{"type":"Feature","id":"way/657649353","properties":{"addr:housenumber":"19-А","addr:street":"вулиця Максима Сущенка","building":"house","osm_id":657649353,"osm_type":"way","kind":"building","label":""},"geometry":{"type":"Polygon","coordinates":[[[34.7688022,50.8692194],[34.768687,50.8692733],[34.7687862,50.8693579],[34.7689015,50.8693041],[34.7688022,50.8692194]]]}},{"type":"Feature","id":"way/657649354","properties":{"addr:housenumber":"19-Б","addr:street":"вулиця Максима Сущенка","building":"house","osm_id":657649354,"osm_type":"way","kind":"building","label":""},"geometry":{"type":"Polygon","coordinates":[[[34.7689927,50.8693515],[34.7689015,50.8693955],[34.7689898,50.8694684],[34.769081,50.8694243],[34.7689927,50.8693515]]]}},{"type":"Feature","id":"way/657649355","properties":{"highway":"service","osm_id":657649355,"osm_type":"way","kind":"road","label":""},"geometry":{"type":"LineString","coordinates":[[34.7689038,50.869589],[34.7696713,50.8692076]]}},{"type":"Feature","id":"way/657649356","properties":{"building":"yes","osm_id":657649356,"osm_type":"way","kind":"building","label":""},"geometry":{"type":"Polygon","coordinates":[[[34.7699314,50.8690603],[34.7698532,50.8691059],[34.7699498,50.8691719],[34.770028,50.8691263],[34.7699314,50.8690603]]]}},{"type":"Feature","id":"way/657649357","properties":{"building":"yes","osm_id":657649357,"osm_type":"way","kind":"building","label":""},"geometry":{"type":"Polygon","coordinates":[[[34.7700199,50.8689012],[34.7699457,50.8689488],[34.7701334,50.8690656],[34.7702077,50.869018],[34.7700199,50.8689012]]]}},{"type":"Feature","id":"way/657649358","properties":{"addr:housenumber":"13","addr:street":"вулиця Максима Сущенка","building":"yes","osm_id":657649358,"osm_type":"way","kind":"building","label":""},"geometry":{"type":"Polygon","coordinates":[[[34.7701433,50.8690806],[34.7700401,50.8691458],[34.7701742,50.8692304],[34.7702774,50.8691653],[34.7701433,50.8690806]]]}},{"type":"Feature","id":"way/657649359","properties":{"building":"yes","osm_id":657649359,"osm_type":"way","kind":"building","label":""},"geometry":{"type":"Polygon","coordinates":[[[34.7696498,50.8692702],[34.7694835,50.8693582],[34.7695716,50.8694245],[34.7697379,50.8693365],[34.7696498,50.8692702]]]}},{"type":"Feature","id":"way/657649360","properties":{"addr:housenumber":"7","addr:street":"вулиця Максима Сущенка","building":"yes","osm_id":657649360,"osm_type":"way","kind":"building","label":""},"geometry":{"type":"Polygon","coordinates":[[[34.7693843,50.8696037],[34.7692255,50.8696788],[34.7693623,50.8697939],[34.7695211,50.8697188],[34.7693843,50.8696037]]]}},{"type":"Feature","id":"way/657649361","properties":{"addr:housenumber":"7","addr:street":"вулиця Максима Сущенка","building":"yes","osm_id":657649361,"osm_type":"way","kind":"building","label":""},"geometry":{"type":"Polygon","coordinates":[[[34.7696015,50.8698813],[34.7694908,50.8699416],[34.7696088,50.8700279],[34.7697195,50.8699676],[34.7696015,50.8698813]]]}},{"type":"Feature","id":"way/657649362","properties":{"highway":"path","osm_id":657649362,"osm_type":"way","kind":"road","label":""},"geometry":{"type":"LineString","coordinates":[[34.7697452,50.8703184],[34.7700039,50.8704449],[34.7703311,50.8706058],[34.7705343,50.8707639]]}},{"type":"Feature","id":"way/657649363","properties":{"highway":"residential","name":"Оксамитова вулиця","name:uk":"Оксамитова вулиця","osm_id":657649363,"osm_type":"way","kind":"road","label":"Оксамитова вулиця"},"geometry":{"type":"LineString","coordinates":[[34.7698159,50.8714878],[34.7700022,50.8713917],[34.7702265,50.871276],[34.7706847,50.8710688],[34.7730469,50.8700808]]}},{"type":"Feature","id":"way/657649364","properties":{"addr:housenumber":"17","addr:street":"Європейська вулиця","building":"yes","osm_id":657649364,"osm_type":"way","kind":"building","label":""},"geometry":{"type":"Polygon","coordinates":[[[34.7741231,50.8707251],[34.7739142,50.8708258],[34.774022,50.8709153],[34.774231,50.8708147],[34.7741231,50.8707251]]]}},{"type":"Feature","id":"way/657649365","properties":{"addr:housenumber":"20","addr:street":"Європейська вулиця","building":"house","osm_id":657649365,"osm_type":"way","kind":"building","label":""},"geometry":{"type":"Polygon","coordinates":[[[34.7735381,50.87046],[34.7736464,50.8705588],[34.7737859,50.8704979],[34.7736775,50.8703991],[34.7735381,50.87046]]]}},{"type":"Feature","id":"way/657649366","properties":{"addr:housenumber":"11","addr:street":"Європейська вулиця","building":"house","osm_id":657649366,"osm_type":"way","kind":"building","label":""},"geometry":{"type":"Polygon","coordinates":[[[34.7732009,50.8711651],[34.7730133,50.8712523],[34.7731242,50.8713475],[34.7733119,50.8712603],[34.7732009,50.8711651]]]}},{"type":"Feature","id":"way/657649367","properties":{"addr:housenumber":"12","addr:street":"Європейська вулиця","building":"house","osm_id":657649367,"osm_type":"way","kind":"building","label":""},"geometry":{"type":"Polygon","coordinates":[[[34.7725654,50.8710289],[34.7723883,50.8711152],[34.7724907,50.8711989],[34.7726678,50.8711125],[34.7725654,50.8710289]]]}},{"type":"Feature","id":"way/657649368","properties":{"building":"yes","osm_id":657649368,"osm_type":"way","kind":"building","label":""},"geometry":{"type":"Polygon","coordinates":[[[34.7724393,50.8705567],[34.7722908,50.8706266],[34.7724088,50.8707264],[34.7725573,50.8706565],[34.7724393,50.8705567]]]}},{"type":"Feature","id":"way/657649369","properties":{"building":"yes","osm_id":657649369,"osm_type":"way","kind":"building","label":""},"geometry":{"type":"Polygon","coordinates":[[[34.7721282,50.8706752],[34.7719686,50.8707399],[34.7720893,50.8708584],[34.7722489,50.8707936],[34.7721282,50.8706752]]]}},{"type":"Feature","id":"way/657649370","properties":{"addr:housenumber":"5","addr:street":"Оксамитова вулиця","building":"house","osm_id":657649370,"osm_type":"way","kind":"building","label":""},"geometry":{"type":"Polygon","coordinates":[[[34.7718251,50.8708021],[34.7716633,50.8708761],[34.7718189,50.8710115],[34.7719806,50.8709375],[34.7718251,50.8708021]]]}},{"type":"Feature","id":"way/657649371","properties":{"addr:housenumber":"3/1","addr:street":"Європейська вулиця","building":"house","osm_id":657649371,"osm_type":"way","kind":"building","label":""},"geometry":{"type":"Polygon","coordinates":[[[34.7719185,50.8718435],[34.7720178,50.871799],[34.771934,50.8717245],[34.7718347,50.871769],[34.7719185,50.8718435]]]}},{"type":"Feature","id":"way/657649372","properties":{"addr:housenumber":"5","addr:street":"Європейська вулиця","building":"house","osm_id":657649372,"osm_type":"way","kind":"building","label":""},"geometry":{"type":"Polygon","coordinates":[[[34.7720531,50.8717297],[34.7721612,50.8718141],[34.772357,50.8717142],[34.7722489,50.8716298],[34.7720531,50.8717297]]]}},{"type":"Feature","id":"way/657649373","properties":{"addr:housenumber":"8","addr:street":"Європейська вулиця","building":"house","osm_id":657649373,"osm_type":"way","kind":"building","label":""},"geometry":{"type":"Polygon","coordinates":[[[34.7719565,50.8713014],[34.7717875,50.871381],[34.7719142,50.8714881],[34.7720832,50.8714086],[34.7719565,50.8713014]]]}},{"type":"Feature","id":"way/657649374","properties":{"building":"yes","osm_id":657649374,"osm_type":"way","kind":"building","label":""},"geometry":{"type":"Polygon","coordinates":[[[34.7715113,50.8709341],[34.7713728,50.871001],[34.7715391,50.8711381],[34.7716776,50.8710712],[34.7715113,50.8709341]]]}},{"type":"Feature","id":"way/657649375","properties":{"addr:housenumber":"3","addr:street":"Оксамитова вулиця","building":"house","osm_id":657649375,"osm_type":"way","kind":"building","label":""},"geometry":{"type":"Polygon","coordinates":[[[34.7710606,50.8710966],[34.7711631,50.8711929],[34.7713508,50.8711133],[34.7712484,50.8710171],[34.7710606,50.8710966]]]}},{"type":"Feature","id":"way/657649376","properties":{"addr:housenumber":"4","addr:street":"Європейська вулиця","building":"house","osm_id":657649376,"osm_type":"way","kind":"building","label":""},"geometry":{"type":"Polygon","coordinates":[[[34.7712833,50.8716383],[34.771404,50.8717432],[34.7715485,50.871677],[34.7714278,50.8715721],[34.7712833,50.8716383]]]}},{"type":"Feature","id":"way/657649377","properties":{"highway":"service","osm_id":657649377,"osm_type":"way","kind":"road","label":""},"geometry":{"type":"LineString","coordinates":[[34.7627485,50.8669664],[34.7647494,50.8681412],[34.7671297,50.8695316],[34.7697722,50.8711179],[34.7700334,50.8709968],[34.7705343,50.8707639],[34.7706649,50.8707031],[34.7710687,50.8704957]]}},{"type":"Feature","id":"way/657649378","properties":{"building":"yes","osm_id":657649378,"osm_type":"way","kind":"building","label":""},"geometry":{"type":"Polygon","coordinates":[[[34.7628584,50.866467],[34.762728,50.866552],[34.7628997,50.8666569],[34.7630301,50.8665719],[34.7628584,50.866467]]]}},{"type":"Feature","id":"way/657649379","properties":{"building":"yes","osm_id":657649379,"osm_type":"way","kind":"building","label":""},"geometry":{"type":"Polygon","coordinates":[[[34.7628182,50.8667768],[34.7627002,50.8668546],[34.7628364,50.8669368],[34.7629544,50.866859],[34.7628182,50.8667768]]]}},{"type":"Feature","id":"way/657649380","properties":{"building":"retail","osm_id":657649380,"osm_type":"way","kind":"building","label":""},"geometry":{"type":"Polygon","coordinates":[[[34.7677562,50.8689757],[34.7676539,50.8689016],[34.7675043,50.8689838],[34.7674856,50.8689703],[34.7674073,50.8690133],[34.7675773,50.8691366],[34.7676576,50.8690924],[34.7676085,50.8690568],[34.7677562,50.8689757]]]}},{"type":"Feature","id":"way/657649381","properties":{"building":"yes","osm_id":657649381,"osm_type":"way","kind":"building","label":""},"geometry":{"type":"Polygon","coordinates":[[[34.7698617,50.8707175],[34.7697271,50.8707856],[34.7699444,50.8709565],[34.770079,50.8708884],[34.7698617,50.8707175]]]}},{"type":"Feature","id":"way/657649382","properties":{"building":"yes","osm_id":657649382,"osm_type":"way","kind":"building","label":""},"geometry":{"type":"Polygon","coordinates":[[[34.7701433,50.8705702],[34.7700064,50.8706317],[34.7701914,50.8707959],[34.7703284,50.8707344],[34.7701433,50.8705702]]]}},{"type":"Feature","id":"way/657649383","properties":{"building":"yes","osm_id":657649383,"osm_type":"way","kind":"building","label":""},"geometry":{"type":"Polygon","coordinates":[[[34.7711331,50.8706041],[34.7709995,50.8706702],[34.7710499,50.8707107],[34.7711834,50.8706446],[34.7711331,50.8706041]]]}},{"type":"Feature","id":"way/657649384","properties":{"building":"yes","osm_id":657649384,"osm_type":"way","kind":"building","label":""},"geometry":{"type":"Polygon","coordinates":[[[34.7712162,50.8704957],[34.7711574,50.8705249],[34.7712538,50.8706024],[34.7713126,50.8705732],[34.7712162,50.8704957]]]}},{"type":"Feature","id":"way/657649385","properties":{"building":"yes","osm_id":657649385,"osm_type":"way","kind":"building","label":""},"geometry":{"type":"Polygon","coordinates":[[[34.7704893,50.8700641],[34.7704216,50.870101],[34.7706067,50.8702364],[34.7706744,50.8701995],[34.7704893,50.8700641]]]}},{"type":"Feature","id":"way/657649386","properties":{"addr:housenumber":"1","addr:street":"вулиця Максима Сущенка","building":"yes","building:levels":"1","osm_id":657649386,"osm_type":"way","kind":"building","label":""},"geometry":{"type":"Polygon","coordinates":[[[34.7708246,50.8705448],[34.770989,50.8704634],[34.7709181,50.8704065],[34.770886,50.8704223],[34.7706538,50.8702356],[34.7705215,50.8703011],[34.7708246,50.8705448]]]}},{"type":"Feature","id":"way/657649389","properties":{"highway":"path","osm_id":657649389,"osm_type":"way","kind":"road","label":""},"geometry":{"type":"LineString","coordinates":[[34.7735475,50.8689086],[34.77358,50.8688931],[34.7736693,50.8688318]]}},{"type":"Feature","id":"way/657649390","properties":{"access":"destination","highway":"living_street","name":"Європейська вулиця","name:uk":"Європейська вулиця","osm_id":657649390,"osm_type":"way","kind":"road","label":"Європейська вулиця"},"geometry":{"type":"LineString","coordinates":[[34.7711845,50.8720339],[34.7715032,50.8718448],[34.7745066,50.8703118]]}},{"type":"Feature","id":"way/657649399","properties":{"building":"yes","osm_id":657649399,"osm_type":"way","kind":"building","label":""},"geometry":{"type":"Polygon","coordinates":[[[34.7714501,50.8733489],[34.7715113,50.8734079],[34.7715719,50.8733829],[34.7715108,50.8733238],[34.7714501,50.8733489]]]}},{"type":"Feature","id":"way/657649400","properties":{"building":"yes","osm_id":657649400,"osm_type":"way","kind":"building","label":""},"geometry":{"type":"Polygon","coordinates":[[[34.7707039,50.8728671],[34.7699068,50.8731919],[34.7699586,50.8732425],[34.7699921,50.8732289],[34.7699835,50.8732205],[34.7707472,50.8729094],[34.7707039,50.8728671]]]}},{"type":"Feature","id":"way/657649401","properties":{"building":"yes","osm_id":657649401,"osm_type":"way","kind":"building","label":""},"geometry":{"type":"Polygon","coordinates":[[[34.7714549,50.8737134],[34.7713407,50.8737557],[34.7714004,50.8738198],[34.7715146,50.8737774],[34.7714549,50.8737134]]]}},{"type":"Feature","id":"way/657649402","properties":{"building":"yes","osm_id":657649402,"osm_type":"way","kind":"building","label":""},"geometry":{"type":"Polygon","coordinates":[[[34.7714549,50.8736152],[34.7713289,50.8736643],[34.7713763,50.8737128],[34.7715024,50.8736637],[34.7714549,50.8736152]]]}},{"type":"Feature","id":"way/657649403","properties":{"building":"yes","osm_id":657649403,"osm_type":"way","kind":"building","label":""},"geometry":{"type":"Polygon","coordinates":[[[34.7718036,50.8735509],[34.7715812,50.8736231],[34.7718173,50.8739126],[34.7720396,50.8738403],[34.7718036,50.8735509]]]}},{"type":"Feature","id":"way/657649404","properties":{"building":"yes","osm_id":657649404,"osm_type":"way","kind":"building","label":""},"geometry":{"type":"Polygon","coordinates":[[[34.7712752,50.8736795],[34.7708005,50.873842],[34.7708887,50.8739446],[34.7713634,50.8737821],[34.7713407,50.8737557],[34.7712752,50.8736795]]]}},{"type":"Feature","id":"way/657649406","properties":{"building":"yes","osm_id":657649406,"osm_type":"way","kind":"building","label":""},"geometry":{"type":"Polygon","coordinates":[[[34.7719619,50.8739605],[34.7717285,50.8740282],[34.7717827,50.8741026],[34.7720161,50.8740349],[34.7719619,50.8739605]]]}},{"type":"Feature","id":"way/657649407","properties":{"addr:housenumber":"168б","building":"yes","osm_id":657649407,"osm_type":"way","kind":"building","label":""},"geometry":{"type":"Polygon","coordinates":[[[34.7721604,50.8739946],[34.7720083,50.8740402],[34.7721314,50.8742035],[34.7721854,50.8742752],[34.7723374,50.8742296],[34.7721604,50.8739946]]]}},{"type":"Feature","id":"way/657649409","properties":{"highway":"service","osm_id":657649409,"osm_type":"way","kind":"road","label":""},"geometry":{"type":"LineString","coordinates":[[34.7713578,50.8725107],[34.7715441,50.8724515],[34.7715998,50.8724338],[34.771699,50.872422],[34.7717929,50.8724372],[34.7718573,50.8724778],[34.7718868,50.8725269],[34.7718412,50.8726031],[34.7718174,50.8726267],[34.7716907,50.8727527]]}},{"type":"Feature","id":"way/657649410","properties":{"barrier":"kerb","landuse":"grass","osm_id":657649410,"osm_type":"way","kind":"green","label":""},"geometry":{"type":"Polygon","coordinates":[[[34.771817,50.8730499],[34.7714978,50.872989],[34.771404,50.87295],[34.7713557,50.8728773],[34.771353,50.8728096],[34.771404,50.8727639],[34.7714576,50.872752],[34.7715381,50.8727554],[34.7718385,50.8729805],[34.7718412,50.8730245],[34.771817,50.8730499]]]}},{"type":"Feature","id":"way/657649411","properties":{"amenity":"cafe","building":"yes","name":"Ластівка","name:uk":"Ластівка","osm_id":657649411,"osm_type":"way","kind":"building","label":"Ластівка"},"geometry":{"type":"Polygon","coordinates":[[[34.7719699,50.8733207],[34.7718861,50.8732135],[34.7718074,50.873238],[34.7717497,50.8731641],[34.7716326,50.8732005],[34.7717741,50.8733817],[34.7719699,50.8733207]]]}},{"type":"Feature","id":"way/657649412","properties":{"building":"retail","building:levels":"1","name":"Продуктова лавка","name:uk":"Продуктова лавка","shop":"convenience","osm_id":657649412,"osm_type":"way","kind":"building","label":"Продуктова лавка"},"geometry":{"type":"Polygon","coordinates":[[[34.7727213,50.8734262],[34.7728564,50.8735712],[34.7729514,50.873536],[34.7728805,50.8734599],[34.7728543,50.8734696],[34.772813,50.8734253],[34.772837,50.8734164],[34.772814,50.8733918],[34.7727213,50.8734262]]]}},{"type":"Feature","id":"way/680343198","properties":{"highway":"unclassified","source":"Bing","osm_id":680343198,"osm_type":"way","kind":"road","label":""},"geometry":{"type":"LineString","coordinates":[[34.7678769,50.8690553],[34.7680428,50.8689495]]}},{"type":"Feature","id":"way/680526865","properties":{"highway":"secondary","loc_ref":"Т-19-09","ref":"Т-19-09","surface":"asphalt","osm_id":680526865,"osm_type":"way","kind":"road","label":""},"geometry":{"type":"LineString","coordinates":[[34.7668458,50.8697126],[34.760604,50.8659898],[34.7578868,50.8640736]]}},{"type":"Feature","id":"way/682417020","properties":{"building":"yes","osm_id":682417020,"osm_type":"way","kind":"building","label":""},"geometry":{"type":"Polygon","coordinates":[[[34.7764814,50.8737236],[34.7764686,50.8737951],[34.7766349,50.8738069],[34.7766477,50.8737354],[34.7764814,50.8737236]]]}},{"type":"Feature","id":"way/682417021","properties":{"building":"yes","osm_id":682417021,"osm_type":"way","kind":"building","label":""},"geometry":{"type":"Polygon","coordinates":[[[34.7768274,50.8734443],[34.7767925,50.8736068],[34.776881,50.8736143],[34.7769159,50.8734518],[34.7768274,50.8734443]]]}},{"type":"Feature","id":"way/682417023","properties":{"building":"yes","osm_id":682417023,"osm_type":"way","kind":"building","label":""},"geometry":{"type":"Polygon","coordinates":[[[34.7769079,50.8739385],[34.7768649,50.8741061],[34.7770084,50.8741207],[34.7770513,50.8739531],[34.7769079,50.8739385]]]}},{"type":"Feature","id":"way/700514640","properties":{"building":"shed","osm_id":700514640,"osm_type":"way","kind":"building","label":""},"geometry":{"type":"Polygon","coordinates":[[[34.7632751,50.8563464],[34.763567,50.8563666],[34.7635857,50.8562595],[34.7632937,50.8562392],[34.7632751,50.8563464]]]}},{"type":"Feature","id":"way/706897323","properties":{"access":"no","highway":"service","osm_id":706897323,"osm_type":"way","kind":"road","label":""},"geometry":{"type":"LineString","coordinates":[[34.7575277,50.860707],[34.7575534,50.8605392],[34.7576174,50.8602202],[34.7576459,50.8600615]]}},{"type":"Feature","id":"way/706897324","properties":{"access":"no","highway":"service","osm_id":706897324,"osm_type":"way","kind":"road","label":""},"geometry":{"type":"LineString","coordinates":[[34.7580287,50.8607535],[34.7580621,50.8605944],[34.7581264,50.8602782],[34.7581557,50.8601043]]}},{"type":"Feature","id":"way/710877594","properties":{"highway":"track","osm_id":710877594,"osm_type":"way","kind":"road","label":""},"geometry":{"type":"LineString","coordinates":[[34.7680614,50.868513],[34.7680324,50.8682867],[34.7678313,50.8679837],[34.7678554,50.867938],[34.7679332,50.86785],[34.7679037,50.8676858],[34.7676811,50.8675013],[34.7674102,50.8672524],[34.7672975,50.8670798],[34.7671875,50.8668699],[34.7669837,50.8666413],[34.7667155,50.8664027],[34.7664553,50.8660793],[34.766171,50.8658728],[34.7658679,50.86569],[34.7652832,50.8654682],[34.7645563,50.8652583],[34.76428,50.8651669],[34.7638857,50.8649248],[34.7629389,50.8645117],[34.762807,50.8644243]]}},{"type":"Feature","id":"way/710877602","properties":{"building":"yes","osm_id":710877602,"osm_type":"way","kind":"building","label":""},"geometry":{"type":"Polygon","coordinates":[[[34.7698563,50.8660912],[34.7697785,50.8661538],[34.7698283,50.8661784],[34.769906,50.8661158],[34.7698563,50.8660912]]]}},{"type":"Feature","id":"way/710877603","properties":{"building":"yes","osm_id":710877603,"osm_type":"way","kind":"building","label":""},"geometry":{"type":"Polygon","coordinates":[[[34.7720557,50.8682038],[34.7720098,50.8682446],[34.7721117,50.8682903],[34.7721577,50.8682495],[34.7720557,50.8682038]]]}},{"type":"Feature","id":"way/710877604","properties":{"building":"yes","osm_id":710877604,"osm_type":"way","kind":"building","label":""},"geometry":{"type":"Polygon","coordinates":[[[34.7721067,50.8678432],[34.7720289,50.867916],[34.7721287,50.8679585],[34.7722065,50.8678857],[34.7721067,50.8678432]]]}},{"type":"Feature","id":"way/710877605","properties":{"building":"yes","osm_id":710877605,"osm_type":"way","kind":"building","label":""},"geometry":{"type":"Polygon","coordinates":[[[34.7697866,50.8674302],[34.7697455,50.867472],[34.7698233,50.8675024],[34.7698644,50.8674607],[34.7697866,50.8674302]]]}},{"type":"Feature","id":"way/710877606","properties":{"building":"yes","osm_id":710877606,"osm_type":"way","kind":"building","label":""},"geometry":{"type":"Polygon","coordinates":[[[34.7704464,50.8674827],[34.7703552,50.8675487],[34.770411,50.8675794],[34.7705022,50.8675133],[34.7704464,50.8674827]]]}},{"type":"Feature","id":"way/710877607","properties":{"building":"yes","osm_id":710877607,"osm_type":"way","kind":"building","label":""},"geometry":{"type":"Polygon","coordinates":[[[34.7706208,50.8676029],[34.770551,50.8676604],[34.7706221,50.8676947],[34.7706918,50.8676372],[34.7706208,50.8676029]]]}},{"type":"Feature","id":"way/710877608","properties":{"building":"yes","osm_id":710877608,"osm_type":"way","kind":"building","label":""},"geometry":{"type":"Polygon","coordinates":[[[34.7710821,50.8678398],[34.771015,50.8679025],[34.7711098,50.8679429],[34.7711769,50.8678803],[34.7710821,50.8678398]]]}},{"type":"Feature","id":"way/710877609","properties":{"building":"yes","osm_id":710877609,"osm_type":"way","kind":"building","label":""},"geometry":{"type":"Polygon","coordinates":[[[34.7708273,50.867723],[34.7707549,50.8677857],[34.7708345,50.8678223],[34.7709069,50.8677597],[34.7708273,50.867723]]]}},{"type":"Feature","id":"way/710877610","properties":{"building":"yes","osm_id":710877610,"osm_type":"way","kind":"building","label":""},"geometry":{"type":"Polygon","coordinates":[[[34.7702855,50.8673151],[34.7702227,50.8673514],[34.7703702,50.867453],[34.770433,50.8674167],[34.7702855,50.8673151]]]}},{"type":"Feature","id":"way/710877611","properties":{"building":"yes","osm_id":710877611,"osm_type":"way","kind":"building","label":""},"geometry":{"type":"Polygon","coordinates":[[[34.7698402,50.8693159],[34.769938,50.8693831],[34.7700694,50.8693069],[34.7699717,50.8692397],[34.7698402,50.8693159]]]}},{"type":"Feature","id":"way/710877612","properties":{"building":"yes","osm_id":710877612,"osm_type":"way","kind":"building","label":""},"geometry":{"type":"Polygon","coordinates":[[[34.7685313,50.8683612],[34.7684565,50.8683993],[34.7685692,50.8684874],[34.768644,50.8684492],[34.7685313,50.8683612]]]}},{"type":"Feature","id":"way/710877613","properties":{"building":"yes","osm_id":710877613,"osm_type":"way","kind":"building","label":""},"geometry":{"type":"Polygon","coordinates":[[[34.7681183,50.8682918],[34.7681585,50.8683358],[34.7682165,50.8683147],[34.7681763,50.8682707],[34.7681183,50.8682918]]]}},{"type":"Feature","id":"way/710877614","properties":{"building":"yes","osm_id":710877614,"osm_type":"way","kind":"building","label":""},"geometry":{"type":"Polygon","coordinates":[[[34.7674397,50.8683866],[34.7675118,50.8684382],[34.7676029,50.8683874],[34.7675309,50.8683358],[34.7674397,50.8683866]]]}},{"type":"Feature","id":"way/710877615","properties":{"addr:housenumber":"27","addr:street":"вулиця Максима Сущенка","building":"yes","osm_id":710877615,"osm_type":"way","kind":"building","label":""},"geometry":{"type":"Polygon","coordinates":[[[34.7675657,50.8684797],[34.7676306,50.8685305],[34.7677271,50.8684814],[34.7676623,50.8684306],[34.7675657,50.8684797]]]}},{"type":"Feature","id":"way/710877619","properties":{"building":"yes","osm_id":710877619,"osm_type":"way","kind":"building","label":""},"geometry":{"type":"Polygon","coordinates":[[[34.775902,50.8658288],[34.7760791,50.8661369],[34.776309,50.8660843],[34.776132,50.8657762],[34.775902,50.8658288]]]}},{"type":"Feature","id":"way/710877620","properties":{"building":"yes","osm_id":710877620,"osm_type":"way","kind":"building","label":""},"geometry":{"type":"Polygon","coordinates":[[[34.7724849,50.8641122],[34.7725601,50.8642661],[34.7730644,50.8641679],[34.7729891,50.864014],[34.7724849,50.8641122]]]}},{"type":"Feature","id":"way/710877621","properties":{"building":"yes","osm_id":710877621,"osm_type":"way","kind":"building","label":""},"geometry":{"type":"Polygon","coordinates":[[[34.7728068,50.8645659],[34.772815,50.8646774],[34.7730456,50.8646706],[34.7730374,50.8645591],[34.7728068,50.8645659]]]}},{"type":"Feature","id":"way/710877622","properties":{"building":"yes","osm_id":710877622,"osm_type":"way","kind":"building","label":""},"geometry":{"type":"Polygon","coordinates":[[[34.7725922,50.865199],[34.7726178,50.865361],[34.7734761,50.8653068],[34.7734505,50.8651449],[34.7725922,50.865199]]]}},{"type":"Feature","id":"way/710877623","properties":{"building":"yes","osm_id":710877623,"osm_type":"way","kind":"building","label":""},"geometry":{"type":"Polygon","coordinates":[[[34.774223,50.8650975],[34.7742566,50.8652835],[34.7746577,50.8652546],[34.7746942,50.8654563],[34.7748978,50.8654417],[34.7748614,50.86524],[34.7752919,50.865209],[34.7752583,50.865023],[34.774223,50.8650975]]]}},{"type":"Feature","id":"way/710877624","properties":{"building":"yes","osm_id":710877624,"osm_type":"way","kind":"building","label":""},"geometry":{"type":"Polygon","coordinates":[[[34.7743142,50.8658559],[34.7743506,50.8660337],[34.7754717,50.8659422],[34.7754353,50.8657645],[34.7743142,50.8658559]]]}},{"type":"Feature","id":"way/710877625","properties":{"building":"yes","osm_id":710877625,"osm_type":"way","kind":"building","label":""},"geometry":{"type":"Polygon","coordinates":[[[34.7727156,50.8658931],[34.7727342,50.866007],[34.7736676,50.8659461],[34.773649,50.8658322],[34.7727156,50.8658931]]]}},{"type":"Feature","id":"way/710877626","properties":{"building":"yes","osm_id":710877626,"osm_type":"way","kind":"building","label":""},"geometry":{"type":"Polygon","coordinates":[[[34.7670709,50.865651],[34.7669904,50.8657103],[34.7670352,50.8657345],[34.7671157,50.8656753],[34.7670709,50.865651]]]}},{"type":"Feature","id":"way/710877627","properties":{"building":"yes","osm_id":710877627,"osm_type":"way","kind":"building","label":""},"geometry":{"type":"Polygon","coordinates":[[[34.767386,50.8657171],[34.7673303,50.8657577],[34.7674604,50.8658288],[34.7675161,50.8657882],[34.767386,50.8657171]]]}},{"type":"Feature","id":"way/710877628","properties":{"building":"yes","osm_id":710877628,"osm_type":"way","kind":"building","label":""},"geometry":{"type":"Polygon","coordinates":[[[34.7687593,50.8659456],[34.768811,50.8659711],[34.7688593,50.8659322],[34.7688076,50.8659067],[34.7687593,50.8659456]]]}},{"type":"Feature","id":"way/710877629","properties":{"building":"yes","osm_id":710877629,"osm_type":"way","kind":"building","label":""},"geometry":{"type":"Polygon","coordinates":[[[34.7704276,50.8657103],[34.7703525,50.8657729],[34.7704212,50.8658057],[34.7704963,50.8657431],[34.7704276,50.8657103]]]}},{"type":"Feature","id":"way/710877630","properties":{"building":"yes","osm_id":710877630,"osm_type":"way","kind":"building","label":""},"geometry":{"type":"Polygon","coordinates":[[[34.7700065,50.8664331],[34.7699123,50.8664732],[34.7699954,50.8665511],[34.7700897,50.866511],[34.7700065,50.8664331]]]}},{"type":"Feature","id":"way/710877631","properties":{"building":"yes","osm_id":710877631,"osm_type":"way","kind":"building","label":""},"geometry":{"type":"Polygon","coordinates":[[[34.7705483,50.8660895],[34.7704206,50.8661557],[34.7706056,50.8662979],[34.7707334,50.8662317],[34.7705483,50.8660895]]]}},{"type":"Feature","id":"way/710877632","properties":{"building":"yes","osm_id":710877632,"osm_type":"way","kind":"building","label":""},"geometry":{"type":"Polygon","coordinates":[[[34.7687271,50.8665804],[34.7686861,50.8666109],[34.7687808,50.8666617],[34.7688218,50.8666311],[34.7687271,50.8665804]]]}},{"type":"Feature","id":"way/710877633","properties":{"building":"yes","osm_id":710877633,"osm_type":"way","kind":"building","label":""},"geometry":{"type":"Polygon","coordinates":[[[34.7688505,50.8664145],[34.7687478,50.8664909],[34.7688612,50.8665516],[34.7689639,50.8664753],[34.7688505,50.8664145]]]}},{"type":"Feature","id":"way/710877634","properties":{"building":"yes","osm_id":710877634,"osm_type":"way","kind":"building","label":""},"geometry":{"type":"Polygon","coordinates":[[[34.7691777,50.8662029],[34.7690414,50.8663043],[34.7691429,50.8663586],[34.7692792,50.8662573],[34.7691777,50.8662029]]]}},{"type":"Feature","id":"way/710877635","properties":{"building":"yes","osm_id":710877635,"osm_type":"way","kind":"building","label":""},"geometry":{"type":"Polygon","coordinates":[[[34.7692904,50.8660607],[34.7691853,50.8661388],[34.7692797,50.8661894],[34.7693847,50.8661112],[34.7692904,50.8660607]]]}},{"type":"Feature","id":"way/710877636","properties":{"building":"yes","osm_id":710877636,"osm_type":"way","kind":"building","label":""},"geometry":{"type":"Polygon","coordinates":[[[34.7695398,50.865927],[34.7693909,50.8660378],[34.7694969,50.8660946],[34.7696459,50.8659838],[34.7695398,50.865927]]]}},{"type":"Feature","id":"way/710877637","properties":{"building":"yes","osm_id":710877637,"osm_type":"way","kind":"building","label":""},"geometry":{"type":"Polygon","coordinates":[[[34.7696176,50.8658],[34.7695369,50.8658601],[34.7696713,50.8659321],[34.769752,50.865872],[34.7696176,50.8658]]]}},{"type":"Feature","id":"way/710877638","properties":{"building":"yes","osm_id":710877638,"osm_type":"way","kind":"building","label":""},"geometry":{"type":"Polygon","coordinates":[[[34.7697866,50.8656832],[34.7697012,50.8657467],[34.7698671,50.8658356],[34.7699525,50.8657721],[34.7697866,50.8656832]]]}},{"type":"Feature","id":"way/710877639","properties":{"building":"yes","osm_id":710877639,"osm_type":"way","kind":"building","label":""},"geometry":{"type":"Polygon","coordinates":[[[34.770264,50.865585],[34.7701978,50.8656343],[34.7701237,50.8655946],[34.7700825,50.8656252],[34.7702318,50.8657052],[34.7703393,50.8656253],[34.770264,50.865585]]]}},{"type":"Feature","id":"way/710877640","properties":{"building":"yes","osm_id":710877640,"osm_type":"way","kind":"building","label":""},"geometry":{"type":"Polygon","coordinates":[[[34.7699958,50.8655207],[34.769887,50.8656016],[34.7700173,50.8656714],[34.770126,50.8655905],[34.7699958,50.8655207]]]}},{"type":"Feature","id":"way/710877641","properties":{"building":"yes","osm_id":710877641,"osm_type":"way","kind":"building","label":""},"geometry":{"type":"Polygon","coordinates":[[[34.7684965,50.8659016],[34.7683888,50.8659767],[34.7684589,50.8660167],[34.7685665,50.8659416],[34.7684965,50.8659016]]]}},{"type":"Feature","id":"way/710877642","properties":{"building":"yes","osm_id":710877642,"osm_type":"way","kind":"building","label":""},"geometry":{"type":"Polygon","coordinates":[[[34.7679976,50.8662588],[34.767902,50.8663255],[34.7679868,50.8663739],[34.7680824,50.8663072],[34.7679976,50.8662588]]]}},{"type":"Feature","id":"way/710877643","properties":{"building":"yes","osm_id":710877643,"osm_type":"way","kind":"building","label":""},"geometry":{"type":"Polygon","coordinates":[[[34.7683865,50.8663316],[34.768333,50.8663689],[34.7684455,50.8664331],[34.768499,50.8663958],[34.7683865,50.8663316]]]}},{"type":"Feature","id":"way/710877644","properties":{"building":"yes","osm_id":710877644,"osm_type":"way","kind":"building","label":""},"geometry":{"type":"Polygon","coordinates":[[[34.7682202,50.8663823],[34.7681401,50.8664383],[34.7682497,50.8665008],[34.7683298,50.8664449],[34.7682202,50.8663823]]]}},{"type":"Feature","id":"way/710877645","properties":{"building":"yes","osm_id":710877645,"osm_type":"way","kind":"building","label":""},"geometry":{"type":"Polygon","coordinates":[[[34.768526,50.8662046],[34.7684064,50.866288],[34.7685152,50.8663502],[34.7686348,50.8662667],[34.768526,50.8662046]]]}},{"type":"Feature","id":"way/710877646","properties":{"building":"yes","osm_id":710877646,"osm_type":"way","kind":"building","label":""},"geometry":{"type":"Polygon","coordinates":[[[34.7687057,50.866059],[34.7685913,50.8661388],[34.7686976,50.8661995],[34.768812,50.8661197],[34.7687057,50.866059]]]}},{"type":"Feature","id":"way/710877647","properties":{"building":"yes","osm_id":710877647,"osm_type":"way","kind":"building","label":""},"geometry":{"type":"Polygon","coordinates":[[[34.7692555,50.865668],[34.7691663,50.8657302],[34.7692797,50.8657949],[34.7693689,50.8657327],[34.7692555,50.865668]]]}},{"type":"Feature","id":"way/710877648","properties":{"building":"yes","osm_id":710877648,"osm_type":"way","kind":"building","label":""},"geometry":{"type":"Polygon","coordinates":[[[34.769446,50.865497],[34.7693562,50.8655596],[34.7694808,50.8656307],[34.7695705,50.8655681],[34.769446,50.865497]]]}},{"type":"Feature","id":"way/710877649","properties":{"building":"yes","osm_id":710877649,"osm_type":"way","kind":"building","label":""},"geometry":{"type":"Polygon","coordinates":[[[34.7678286,50.8661081],[34.7677097,50.8661911],[34.7678313,50.8662605],[34.7679501,50.8661775],[34.7678286,50.8661081]]]}},{"type":"Feature","id":"way/710877650","properties":{"building":"yes","osm_id":710877650,"osm_type":"way","kind":"building","label":""},"geometry":{"type":"Polygon","coordinates":[[[34.7680458,50.8659642],[34.7679606,50.8660237],[34.7680995,50.866103],[34.7681848,50.8660435],[34.7680458,50.8659642]]]}},{"type":"Feature","id":"way/710877651","properties":{"building":"yes","osm_id":710877651,"osm_type":"way","kind":"building","label":""},"geometry":{"type":"Polygon","coordinates":[[[34.7682443,50.8658136],[34.7681395,50.8658867],[34.7682604,50.8659558],[34.7683653,50.8658826],[34.7682443,50.8658136]]]}},{"type":"Feature","id":"way/710877652","properties":{"building":"yes","osm_id":710877652,"osm_type":"way","kind":"building","label":""},"geometry":{"type":"Polygon","coordinates":[[[34.768416,50.8656832],[34.7683091,50.8657578],[34.7684187,50.8658203],[34.7685255,50.8657457],[34.768416,50.8656832]]]}},{"type":"Feature","id":"way/710877653","properties":{"building":"yes","osm_id":710877653,"osm_type":"way","kind":"building","label":""},"geometry":{"type":"Polygon","coordinates":[[[34.7685796,50.8655529],[34.7684765,50.8656248],[34.7685876,50.8656883],[34.7686908,50.8656163],[34.7685796,50.8655529]]]}},{"type":"Feature","id":"way/710877654","properties":{"building":"yes","osm_id":710877654,"osm_type":"way","kind":"building","label":""},"geometry":{"type":"Polygon","coordinates":[[[34.768821,50.8654056],[34.7687005,50.8654896],[34.768829,50.865563],[34.7689495,50.8654789],[34.768821,50.8654056]]]}},{"type":"Feature","id":"way/710877655","properties":{"building":"yes","osm_id":710877655,"osm_type":"way","kind":"building","label":""},"geometry":{"type":"Polygon","coordinates":[[[34.7689605,50.8652701],[34.7688698,50.8653334],[34.7689873,50.8654005],[34.769078,50.8653372],[34.7689605,50.8652701]]]}},{"type":"Feature","id":"way/710877656","properties":{"building":"yes","osm_id":710877656,"osm_type":"way","kind":"building","label":""},"geometry":{"type":"Polygon","coordinates":[[[34.7691482,50.8651483],[34.7690423,50.8652222],[34.769159,50.8652888],[34.7692649,50.8652148],[34.7691482,50.8651483]]]}},{"type":"Feature","id":"way/710877657","properties":{"building":"yes","osm_id":710877657,"osm_type":"way","kind":"building","label":""},"geometry":{"type":"Polygon","coordinates":[[[34.7688317,50.8648114],[34.7687501,50.8648683],[34.7688076,50.8649011],[34.7688892,50.8648442],[34.7688317,50.8648114]]]}},{"type":"Feature","id":"way/710877658","properties":{"building":"yes","osm_id":710877658,"osm_type":"way","kind":"building","label":""},"geometry":{"type":"Polygon","coordinates":[[[34.7689417,50.8648655],[34.7688915,50.8649006],[34.7689873,50.8649553],[34.7690375,50.8649202],[34.7689417,50.8648655]]]}},{"type":"Feature","id":"way/710877659","properties":{"building":"yes","osm_id":710877659,"osm_type":"way","kind":"building","label":""},"geometry":{"type":"Polygon","coordinates":[[[34.7688076,50.8649671],[34.7687358,50.8650172],[34.768829,50.8650704],[34.7689008,50.8650203],[34.7688076,50.8649671]]]}},{"type":"Feature","id":"way/710877660","properties":{"building":"yes","osm_id":710877660,"osm_type":"way","kind":"building","label":""},"geometry":{"type":"Polygon","coordinates":[[[34.7685903,50.865089],[34.7684873,50.8651609],[34.7685689,50.8652075],[34.7686719,50.8651356],[34.7685903,50.865089]]]}},{"type":"Feature","id":"way/710877661","properties":{"building":"yes","osm_id":710877661,"osm_type":"way","kind":"building","label":""},"geometry":{"type":"Polygon","coordinates":[[[34.7682792,50.8652786],[34.7682049,50.8653304],[34.768298,50.8653836],[34.7683723,50.8653317],[34.7682792,50.8652786]]]}},{"type":"Feature","id":"way/710877662","properties":{"building":"yes","osm_id":710877662,"osm_type":"way","kind":"building","label":""},"geometry":{"type":"Polygon","coordinates":[[[34.7684267,50.8651669],[34.7683218,50.8652401],[34.768416,50.8652938],[34.7685209,50.8652206],[34.7684267,50.8651669]]]}},{"type":"Feature","id":"way/710877663","properties":{"building":"yes","osm_id":710877663,"osm_type":"way","kind":"building","label":""},"geometry":{"type":"Polygon","coordinates":[[[34.7680217,50.8653971],[34.7679118,50.8654738],[34.7680593,50.8655579],[34.7681691,50.8654813],[34.7680217,50.8653971]]]}},{"type":"Feature","id":"way/710877664","properties":{"building":"yes","osm_id":710877664,"osm_type":"way","kind":"building","label":""},"geometry":{"type":"Polygon","coordinates":[[[34.7678608,50.8655766],[34.7677526,50.865652],[34.7678339,50.8656984],[34.7679421,50.865623],[34.7678608,50.8655766]]]}},{"type":"Feature","id":"way/710877665","properties":{"building":"yes","osm_id":710877665,"osm_type":"way","kind":"building","label":""},"geometry":{"type":"Polygon","coordinates":[[[34.7675872,50.8657543],[34.767487,50.8658242],[34.7675899,50.865883],[34.7676901,50.865813],[34.7675872,50.8657543]]]}},{"type":"Feature","id":"way/710877666","properties":{"building":"yes","osm_id":710877666,"osm_type":"way","kind":"building","label":""},"geometry":{"type":"Polygon","coordinates":[[[34.7672707,50.8658931],[34.7671923,50.8659478],[34.7672626,50.8659879],[34.767341,50.8659332],[34.7672707,50.8658931]]]}},{"type":"Feature","id":"way/710877667","properties":{"building":"yes","osm_id":710877667,"osm_type":"way","kind":"building","label":""},"geometry":{"type":"Polygon","coordinates":[[[34.767445,50.8658593],[34.7673474,50.8659274],[34.7674504,50.8659862],[34.7675481,50.8659181],[34.767445,50.8658593]]]}},{"type":"Feature","id":"way/710877668","properties":{"building":"yes","osm_id":710877668,"osm_type":"way","kind":"building","label":""},"geometry":{"type":"Polygon","coordinates":[[[34.7667235,50.8656358],[34.7666413,50.8656932],[34.7667128,50.865734],[34.766795,50.8656766],[34.7667235,50.8656358]]]}},{"type":"Feature","id":"way/710877669","properties":{"building":"yes","osm_id":710877669,"osm_type":"way","kind":"building","label":""},"geometry":{"type":"Polygon","coordinates":[[[34.7668684,50.8656764],[34.7667944,50.8657281],[34.7669086,50.8657932],[34.7669826,50.8657416],[34.7668684,50.8656764]]]}},{"type":"Feature","id":"way/710877670","properties":{"building":"yes","osm_id":710877670,"osm_type":"way","kind":"building","label":""},"geometry":{"type":"Polygon","coordinates":[[[34.7662166,50.865177],[34.7661376,50.8652322],[34.7662219,50.8652803],[34.7663009,50.8652252],[34.7662166,50.865177]]]}},{"type":"Feature","id":"way/710877671","properties":{"building":"yes","osm_id":710877671,"osm_type":"way","kind":"building","label":""},"geometry":{"type":"Polygon","coordinates":[[[34.7660932,50.8652786],[34.7660132,50.8653344],[34.7661468,50.8654107],[34.7662268,50.8653549],[34.7660932,50.8652786]]]}},{"type":"Feature","id":"way/710877672","properties":{"building":"yes","osm_id":710877672,"osm_type":"way","kind":"building","label":""},"geometry":{"type":"Polygon","coordinates":[[[34.7664258,50.8651652],[34.7663218,50.8652377],[34.7664231,50.8652955],[34.7665271,50.865223],[34.7664258,50.8651652]]]}},{"type":"Feature","id":"way/710877673","properties":{"building":"yes","osm_id":710877673,"osm_type":"way","kind":"building","label":""},"geometry":{"type":"Polygon","coordinates":[[[34.7665036,50.8650247],[34.7664281,50.8650773],[34.7665465,50.8651449],[34.7666219,50.8650922],[34.7665036,50.8650247]]]}},{"type":"Feature","id":"way/710877674","properties":{"building":"yes","osm_id":710877674,"osm_type":"way","kind":"building","label":""},"geometry":{"type":"Polygon","coordinates":[[[34.7666886,50.864962],[34.7666239,50.8650072],[34.7667316,50.8650687],[34.7667963,50.8650235],[34.7666886,50.864962]]]}},{"type":"Feature","id":"way/710877675","properties":{"building":"yes","osm_id":710877675,"osm_type":"way","kind":"building","label":""},"geometry":{"type":"Polygon","coordinates":[[[34.766871,50.8647775],[34.7667827,50.8648392],[34.7668764,50.8648926],[34.7669647,50.864831],[34.766871,50.8647775]]]}},{"type":"Feature","id":"way/710877676","properties":{"building":"yes","osm_id":710877676,"osm_type":"way","kind":"building","label":""},"geometry":{"type":"Polygon","coordinates":[[[34.7669864,50.8646709],[34.7669341,50.8647074],[34.7670481,50.8647724],[34.7671004,50.8647359],[34.7669864,50.8646709]]]}},{"type":"Feature","id":"way/710877677","properties":{"building":"yes","osm_id":710877677,"osm_type":"way","kind":"building","label":""},"geometry":{"type":"Polygon","coordinates":[[[34.76715,50.8645727],[34.7670677,50.8646301],[34.7671688,50.8646878],[34.767251,50.8646304],[34.76715,50.8645727]]]}},{"type":"Feature","id":"way/710877678","properties":{"building":"yes","osm_id":710877678,"osm_type":"way","kind":"building","label":""},"geometry":{"type":"Polygon","coordinates":[[[34.7671956,50.8644728],[34.7671341,50.8645157],[34.7672814,50.8645998],[34.7673429,50.8645569],[34.7671956,50.8644728]]]}},{"type":"Feature","id":"way/710877679","properties":{"building":"yes","osm_id":710877679,"osm_type":"way","kind":"building","label":""},"geometry":{"type":"Polygon","coordinates":[[[34.7674423,50.8643069],[34.7673967,50.8643387],[34.7675604,50.8644322],[34.767606,50.8644003],[34.7674423,50.8643069]]]}},{"type":"Feature","id":"way/710877680","properties":{"building":"yes","osm_id":710877680,"osm_type":"way","kind":"building","label":""},"geometry":{"type":"Polygon","coordinates":[[[34.7673538,50.8643932],[34.7672661,50.8644545],[34.7673753,50.8645168],[34.767463,50.8644556],[34.7673538,50.8643932]]]}},{"type":"Feature","id":"way/710877681","properties":{"building":"yes","osm_id":710877681,"osm_type":"way","kind":"building","label":""},"geometry":{"type":"Polygon","coordinates":[[[34.7675845,50.8642392],[34.7675095,50.8642916],[34.7676194,50.8643543],[34.7676944,50.8643019],[34.7675845,50.8642392]]]}},{"type":"Feature","id":"way/710877682","properties":{"building":"yes","osm_id":710877682,"osm_type":"way","kind":"building","label":""},"geometry":{"type":"Polygon","coordinates":[[[34.7679412,50.8642307],[34.7678308,50.8643078],[34.7679627,50.8643831],[34.7680731,50.864306],[34.7679412,50.8642307]]]}},{"type":"Feature","id":"way/710877683","properties":{"addr:housenumber":"6","addr:street":"вулиця Ольги Кобилянської","building":"yes","osm_id":710877683,"osm_type":"way","kind":"building","label":""},"geometry":{"type":"Polygon","coordinates":[[[34.7656426,50.8651703],[34.765734,50.8652221],[34.7658223,50.8651601],[34.7657309,50.8651083],[34.7656426,50.8651703]]]}},{"type":"Feature","id":"way/710877684","properties":{"building":"yes","osm_id":710877684,"osm_type":"way","kind":"building","label":""},"geometry":{"type":"Polygon","coordinates":[[[34.765774,50.8650585],[34.7659206,50.8651417],[34.7659859,50.8650958],[34.7658394,50.8650126],[34.765774,50.8650585]]]}},{"type":"Feature","id":"way/710877685","properties":{"building":"yes","osm_id":710877685,"osm_type":"way","kind":"building","label":""},"geometry":{"type":"Polygon","coordinates":[[[34.7666377,50.8644677],[34.7667326,50.8645216],[34.7667852,50.8644846],[34.7666903,50.8644308],[34.7666377,50.8644677]]]}},{"type":"Feature","id":"way/710877686","properties":{"building":"yes","osm_id":710877686,"osm_type":"way","kind":"building","label":""},"geometry":{"type":"Polygon","coordinates":[[[34.7662944,50.8647166],[34.7663983,50.8647756],[34.7664607,50.8647318],[34.7663567,50.8646728],[34.7662944,50.8647166]]]}},{"type":"Feature","id":"way/710877687","properties":{"building":"yes","osm_id":710877687,"osm_type":"way","kind":"building","label":""},"geometry":{"type":"Polygon","coordinates":[[[34.7659752,50.8646776],[34.7660488,50.8647194],[34.7661361,50.864658],[34.7661706,50.8646776],[34.7662629,50.8646127],[34.7661549,50.8645514],[34.7659752,50.8646776]]]}},{"type":"Feature","id":"way/710877688","properties":{"building":"yes","osm_id":710877688,"osm_type":"way","kind":"building","label":""},"geometry":{"type":"Polygon","coordinates":[[[34.766399,50.8646285],[34.7664887,50.8646795],[34.7665733,50.8646201],[34.7664835,50.8645692],[34.766399,50.8646285]]]}},{"type":"Feature","id":"way/710877689","properties":{"building":"yes","osm_id":710877689,"osm_type":"way","kind":"building","label":""},"geometry":{"type":"Polygon","coordinates":[[[34.7668764,50.8642934],[34.766978,50.864351],[34.7670481,50.8643018],[34.7669464,50.8642442],[34.7668764,50.8642934]]]}},{"type":"Feature","id":"way/710877690","properties":{"building":"yes","osm_id":710877690,"osm_type":"way","kind":"building","label":""},"geometry":{"type":"Polygon","coordinates":[[[34.7673404,50.8640039],[34.7674289,50.864054],[34.7675148,50.8639937],[34.7674263,50.8639435],[34.7673404,50.8640039]]]}},{"type":"Feature","id":"way/710877691","properties":{"building":"yes","osm_id":710877691,"osm_type":"way","kind":"building","label":""},"geometry":{"type":"Polygon","coordinates":[[[34.7669381,50.8635891],[34.76675,50.8637212],[34.7668067,50.8637533],[34.7669947,50.8636212],[34.7669381,50.8635891]]]}},{"type":"Feature","id":"way/710877692","properties":{"building":"yes","osm_id":710877692,"osm_type":"way","kind":"building","label":""},"geometry":{"type":"Polygon","coordinates":[[[34.7665974,50.8636026],[34.7667175,50.8636707],[34.766812,50.8636043],[34.766692,50.8635362],[34.7665974,50.8636026]]]}},{"type":"Feature","id":"way/710877693","properties":{"building":"yes","osm_id":710877693,"osm_type":"way","kind":"building","label":""},"geometry":{"type":"Polygon","coordinates":[[[34.7661978,50.8633656],[34.7662846,50.8634149],[34.7663909,50.8633402],[34.7663041,50.863291],[34.7661978,50.8633656]]]}},{"type":"Feature","id":"way/710877694","properties":{"building":"yes","osm_id":710877694,"osm_type":"way","kind":"building","label":""},"geometry":{"type":"Polygon","coordinates":[[[34.7659779,50.8635045],[34.7660715,50.8635576],[34.7661495,50.8635028],[34.7660559,50.8634497],[34.7659779,50.8635045]]]}},{"type":"Feature","id":"way/710877695","properties":{"building":"yes","osm_id":710877695,"osm_type":"way","kind":"building","label":""},"geometry":{"type":"Polygon","coordinates":[[[34.7661334,50.8635874],[34.7662064,50.8636288],[34.7662944,50.8635671],[34.7662213,50.8635257],[34.7661334,50.8635874]]]}},{"type":"Feature","id":"way/710877696","properties":{"building":"yes","osm_id":710877696,"osm_type":"way","kind":"building","label":""},"geometry":{"type":"Polygon","coordinates":[[[34.7659028,50.863562],[34.766002,50.8636183],[34.7660556,50.8635806],[34.7659564,50.8635243],[34.7659028,50.863562]]]}},{"type":"Feature","id":"way/710877697","properties":{"building":"yes","osm_id":710877697,"osm_type":"way","kind":"building","label":""},"geometry":{"type":"Polygon","coordinates":[[[34.7657955,50.8636382],[34.7658762,50.863684],[34.765951,50.8636314],[34.7658703,50.8635856],[34.7657955,50.8636382]]]}},{"type":"Feature","id":"way/710877698","properties":{"building":"yes","osm_id":710877698,"osm_type":"way","kind":"building","label":""},"geometry":{"type":"Polygon","coordinates":[[[34.765723,50.8637008],[34.7657898,50.8637387],[34.7658437,50.8637008],[34.765777,50.863663],[34.765723,50.8637008]]]}},{"type":"Feature","id":"way/710877699","properties":{"building":"yes","osm_id":710877699,"osm_type":"way","kind":"building","label":""},"geometry":{"type":"Polygon","coordinates":[[[34.7656319,50.8637465],[34.7657376,50.8638065],[34.7657821,50.8637753],[34.7656763,50.8637153],[34.7656319,50.8637465]]]}},{"type":"Feature","id":"way/710877700","properties":{"building":"yes","osm_id":710877700,"osm_type":"way","kind":"building","label":""},"geometry":{"type":"Polygon","coordinates":[[[34.7655138,50.8638295],[34.7656069,50.8638823],[34.7656748,50.8638346],[34.7655817,50.8637818],[34.7655138,50.8638295]]]}},{"type":"Feature","id":"way/710877701","properties":{"building":"yes","osm_id":710877701,"osm_type":"way","kind":"building","label":""},"geometry":{"type":"Polygon","coordinates":[[[34.7653502,50.8639463],[34.7654364,50.8639952],[34.7655085,50.8639446],[34.7654223,50.8638957],[34.7653502,50.8639463]]]}},{"type":"Feature","id":"way/710877702","properties":{"building":"yes","osm_id":710877702,"osm_type":"way","kind":"building","label":""},"geometry":{"type":"Polygon","coordinates":[[[34.7651651,50.8640834],[34.7652822,50.8641498],[34.7653744,50.8640851],[34.7652573,50.8640187],[34.7651651,50.8640834]]]}},{"type":"Feature","id":"way/710877703","properties":{"building":"yes","osm_id":710877703,"osm_type":"way","kind":"building","label":""},"geometry":{"type":"Polygon","coordinates":[[[34.7650605,50.8641258],[34.7651586,50.8641814],[34.7652161,50.864141],[34.7651181,50.8640854],[34.7650605,50.8641258]]]}},{"type":"Feature","id":"way/710877704","properties":{"building":"yes","osm_id":710877704,"osm_type":"way","kind":"building","label":""},"geometry":{"type":"Polygon","coordinates":[[[34.7649211,50.8642443],[34.7648833,50.8642708],[34.7650096,50.8643424],[34.7650474,50.8643159],[34.7649211,50.8642443]]]}},{"type":"Feature","id":"way/710877705","properties":{"building":"yes","osm_id":710877705,"osm_type":"way","kind":"building","label":""},"geometry":{"type":"Polygon","coordinates":[[[34.7649881,50.864251],[34.7650867,50.8643069],[34.7652,50.8642273],[34.7651015,50.8641714],[34.7649881,50.864251]]]}},{"type":"Feature","id":"way/710877706","properties":{"building":"yes","osm_id":710877706,"osm_type":"way","kind":"building","label":""},"geometry":{"type":"Polygon","coordinates":[[[34.7647575,50.8643831],[34.7648532,50.8644374],[34.7649425,50.8643746],[34.7648468,50.8643203],[34.7647575,50.8643831]]]}},{"type":"Feature","id":"way/710877707","properties":{"building":"yes","osm_id":710877707,"osm_type":"way","kind":"building","label":""},"geometry":{"type":"Polygon","coordinates":[[[34.7645697,50.86451],[34.764675,50.8645698],[34.764736,50.864527],[34.7646307,50.8644672],[34.7645697,50.86451]]]}},{"type":"Feature","id":"way/710877708","properties":{"building":"yes","osm_id":710877708,"osm_type":"way","kind":"building","label":""},"geometry":{"type":"Polygon","coordinates":[[[34.7642103,50.8642984],[34.7643027,50.8643509],[34.7643605,50.8643103],[34.7642681,50.8642579],[34.7642103,50.8642984]]]}},{"type":"Feature","id":"way/710877709","properties":{"building":"yes","osm_id":710877709,"osm_type":"way","kind":"building","label":""},"geometry":{"type":"Polygon","coordinates":[[[34.7640091,50.8646065],[34.7641035,50.8646601],[34.7641942,50.8645964],[34.7640998,50.8645428],[34.7640091,50.8646065]]]}},{"type":"Feature","id":"way/710877710","properties":{"building":"yes","osm_id":710877710,"osm_type":"way","kind":"building","label":""},"geometry":{"type":"Polygon","coordinates":[[[34.7642156,50.8644288],[34.7643151,50.8644852],[34.7643954,50.8644288],[34.7642959,50.8643724],[34.7642156,50.8644288]]]}},{"type":"Feature","id":"way/710877711","properties":{"building":"yes","osm_id":710877711,"osm_type":"way","kind":"building","label":""},"geometry":{"type":"Polygon","coordinates":[[[34.76439,50.8643035],[34.7644884,50.8643593],[34.7645751,50.8642984],[34.7644767,50.8642426],[34.76439,50.8643035]]]}},{"type":"Feature","id":"way/710877712","properties":{"building":"yes","osm_id":710877712,"osm_type":"way","kind":"building","label":""},"geometry":{"type":"Polygon","coordinates":[[[34.7643229,50.8641376],[34.7644535,50.8642117],[34.7645348,50.8641545],[34.7644043,50.8640805],[34.7643229,50.8641376]]]}},{"type":"Feature","id":"way/710877713","properties":{"building":"yes","osm_id":710877713,"osm_type":"way","kind":"building","label":""},"geometry":{"type":"Polygon","coordinates":[[[34.7646931,50.8640868],[34.7648103,50.8641533],[34.7648567,50.8641207],[34.7647395,50.8640542],[34.7646931,50.8640868]]]}},{"type":"Feature","id":"way/710877714","properties":{"building":"yes","osm_id":710877714,"osm_type":"way","kind":"building","label":""},"geometry":{"type":"Polygon","coordinates":[[[34.7645617,50.8641799],[34.7646611,50.8642363],[34.7647655,50.864163],[34.7646661,50.8641066],[34.7645617,50.8641799]]]}},{"type":"Feature","id":"way/710877715","properties":{"building":"yes","osm_id":710877715,"osm_type":"way","kind":"building","label":""},"geometry":{"type":"Polygon","coordinates":[[[34.764744,50.8640191],[34.7648627,50.8640864],[34.7649586,50.8640191],[34.7648399,50.8639518],[34.764744,50.8640191]]]}},{"type":"Feature","id":"way/710877716","properties":{"building":"yes","osm_id":710877716,"osm_type":"way","kind":"building","label":""},"geometry":{"type":"Polygon","coordinates":[[[34.7651491,50.8632759],[34.765207,50.8633088],[34.7653019,50.863242],[34.765244,50.8632092],[34.7651491,50.8632759]]]}},{"type":"Feature","id":"way/710877717","properties":{"building":"yes","osm_id":710877717,"osm_type":"way","kind":"building","label":""},"geometry":{"type":"Polygon","coordinates":[[[34.7648889,50.8639429],[34.7649818,50.8639956],[34.7650713,50.8639328],[34.7649784,50.8638801],[34.7648889,50.8639429]]]}},{"type":"Feature","id":"way/710877718","properties":{"building":"yes","osm_id":710877718,"osm_type":"way","kind":"building","label":""},"geometry":{"type":"Polygon","coordinates":[[[34.7651222,50.8635908],[34.7652181,50.8636452],[34.7652858,50.8635976],[34.76519,50.8635432],[34.7651222,50.8635908]]]}},{"type":"Feature","id":"way/710877719","properties":{"building":"yes","osm_id":710877719,"osm_type":"way","kind":"building","label":""},"geometry":{"type":"Polygon","coordinates":[[[34.765074,50.8638092],[34.765175,50.8638665],[34.7652349,50.8638244],[34.7651339,50.8637671],[34.765074,50.8638092]]]}},{"type":"Feature","id":"way/710877720","properties":{"building":"yes","osm_id":710877720,"osm_type":"way","kind":"building","label":""},"geometry":{"type":"Polygon","coordinates":[[[34.7650874,50.8637161],[34.7652132,50.8637874],[34.7652858,50.8637364],[34.76516,50.863665],[34.7650874,50.8637161]]]}},{"type":"Feature","id":"way/710877721","properties":{"building":"yes","osm_id":710877721,"osm_type":"way","kind":"building","label":""},"geometry":{"type":"Polygon","coordinates":[[[34.7652617,50.8636636],[34.7653627,50.8637209],[34.7654226,50.8636788],[34.7653216,50.8636215],[34.7652617,50.8636636]]]}},{"type":"Feature","id":"way/710877722","properties":{"building":"yes","osm_id":710877722,"osm_type":"way","kind":"building","label":""},"geometry":{"type":"Polygon","coordinates":[[[34.7656077,50.8635722],[34.7654509,50.8634832],[34.7654039,50.8635163],[34.7655606,50.8636052],[34.7656077,50.8635722]]]}},{"type":"Feature","id":"way/710877723","properties":{"building":"yes","osm_id":710877723,"osm_type":"way","kind":"building","label":""},"geometry":{"type":"Polygon","coordinates":[[[34.7653127,50.8635637],[34.7654871,50.8636626],[34.765546,50.8636213],[34.7653716,50.8635223],[34.7653127,50.8635637]]]}},{"type":"Feature","id":"way/710877724","properties":{"building":"yes","osm_id":710877724,"osm_type":"way","kind":"building","label":""},"geometry":{"type":"Polygon","coordinates":[[[34.765487,50.863474],[34.7656053,50.8635411],[34.7656935,50.8634791],[34.7655753,50.863412],[34.765487,50.863474]]]}},{"type":"Feature","id":"way/710877725","properties":{"building":"yes","osm_id":710877725,"osm_type":"way","kind":"building","label":""},"geometry":{"type":"Polygon","coordinates":[[[34.7656265,50.8633995],[34.7657189,50.8634519],[34.7658008,50.8633944],[34.7657084,50.863342],[34.7656265,50.8633995]]]}},{"type":"Feature","id":"way/710877726","properties":{"building":"yes","osm_id":710877726,"osm_type":"way","kind":"building","label":""},"geometry":{"type":"Polygon","coordinates":[[[34.765833,50.8632471],[34.7659329,50.8633038],[34.7659966,50.863259],[34.7658968,50.8632023],[34.765833,50.8632471]]]}},{"type":"Feature","id":"way/710877727","properties":{"building":"yes","osm_id":710877727,"osm_type":"way","kind":"building","label":""},"geometry":{"type":"Polygon","coordinates":[[[34.765951,50.8631557],[34.7660777,50.8632276],[34.7661656,50.8631659],[34.7660389,50.863094],[34.765951,50.8631557]]]}},{"type":"Feature","id":"way/710877728","properties":{"building":"yes","osm_id":710877728,"osm_type":"way","kind":"building","label":""},"geometry":{"type":"Polygon","coordinates":[[[34.7652671,50.8629424],[34.7653643,50.8629975],[34.7654548,50.8629339],[34.7653576,50.8628788],[34.7652671,50.8629424]]]}},{"type":"Feature","id":"way/710877729","properties":{"building":"yes","osm_id":710877729,"osm_type":"way","kind":"building","label":""},"geometry":{"type":"Polygon","coordinates":[[[34.7649211,50.863237],[34.7650184,50.8632922],[34.7651356,50.8632099],[34.7650383,50.8631547],[34.7649211,50.863237]]]}},{"type":"Feature","id":"way/710877730","properties":{"building":"yes","osm_id":710877730,"osm_type":"way","kind":"building","label":""},"geometry":{"type":"Polygon","coordinates":[[[34.7647548,50.8633182],[34.764877,50.8633876],[34.7649854,50.8633115],[34.7648632,50.8632421],[34.7647548,50.8633182]]]}},{"type":"Feature","id":"way/710877731","properties":{"building":"yes","osm_id":710877731,"osm_type":"way","kind":"building","label":""},"geometry":{"type":"Polygon","coordinates":[[[34.7645241,50.8634723],[34.7646373,50.8635365],[34.7647119,50.8634841],[34.7645987,50.8634199],[34.7645241,50.8634723]]]}},{"type":"Feature","id":"way/710877732","properties":{"building":"yes","osm_id":710877732,"osm_type":"way","kind":"building","label":""},"geometry":{"type":"Polygon","coordinates":[[[34.7643042,50.8636247],[34.7644061,50.8636825],[34.7645053,50.8636128],[34.7644034,50.863555],[34.7643042,50.8636247]]]}},{"type":"Feature","id":"way/710877733","properties":{"building":"yes","osm_id":710877733,"osm_type":"way","kind":"building","label":""},"geometry":{"type":"Polygon","coordinates":[[[34.7641164,50.8637499],[34.7642225,50.8638101],[34.7643203,50.8637415],[34.7642142,50.8636813],[34.7641164,50.8637499]]]}},{"type":"Feature","id":"way/710877734","properties":{"building":"yes","osm_id":710877734,"osm_type":"way","kind":"building","label":""},"geometry":{"type":"Polygon","coordinates":[[[34.7638562,50.8639209],[34.7639958,50.8640001],[34.7640386,50.86397],[34.7638991,50.8638908],[34.7638562,50.8639209]]]}},{"type":"Feature","id":"way/710877735","properties":{"building":"yes","osm_id":710877735,"osm_type":"way","kind":"building","label":""},"geometry":{"type":"Polygon","coordinates":[[[34.7639394,50.863865],[34.764052,50.8639289],[34.7641164,50.8638837],[34.7640038,50.8638198],[34.7639394,50.863865]]]}},{"type":"Feature","id":"way/710877736","properties":{"building":"yes","osm_id":710877736,"osm_type":"way","kind":"building","label":""},"geometry":{"type":"Polygon","coordinates":[[[34.7638053,50.8639548],[34.7637498,50.8639937],[34.7638482,50.8640496],[34.7639037,50.8640106],[34.7638053,50.8639548]]]}},{"type":"Feature","id":"way/710877737","properties":{"building":"yes","osm_id":710877737,"osm_type":"way","kind":"building","label":""},"geometry":{"type":"Polygon","coordinates":[[[34.7635075,50.8641985],[34.763452,50.8642375],[34.7635505,50.8642934],[34.763606,50.8642544],[34.7635075,50.8641985]]]}},{"type":"Feature","id":"way/710877738","properties":{"building":"yes","osm_id":710877738,"osm_type":"way","kind":"building","label":""},"geometry":{"type":"Polygon","coordinates":[[[34.7635934,50.8641528],[34.7636839,50.8642042],[34.7637811,50.8641359],[34.7636906,50.8640846],[34.7635934,50.8641528]]]}},{"type":"Feature","id":"way/710877739","properties":{"addr:housenumber":"5","addr:street":"провулок Олександри Деревської","building":"yes","osm_id":710877739,"osm_type":"way","kind":"building","label":""},"geometry":{"type":"Polygon","coordinates":[[[34.7633895,50.8642358],[34.7632634,50.8643244],[34.763352,50.8643746],[34.7634781,50.864286],[34.7633895,50.8642358]]]}},{"type":"Feature","id":"way/710877740","properties":{"building":"yes","osm_id":710877740,"osm_type":"way","kind":"building","label":""},"geometry":{"type":"Polygon","coordinates":[[[34.7630918,50.8643509],[34.763175,50.8643981],[34.7632447,50.8643492],[34.7631614,50.864302],[34.7630918,50.8643509]]]}},{"type":"Feature","id":"way/710917053","properties":{"building":"yes","osm_id":710917053,"osm_type":"way","kind":"building","label":""},"geometry":{"type":"Polygon","coordinates":[[[34.7671366,50.8736829],[34.7672385,50.8737607],[34.767378,50.873688],[34.767276,50.8736101],[34.7671366,50.8736829]]]}},{"type":"Feature","id":"way/710917157","properties":{"building":"yes","osm_id":710917157,"osm_type":"way","kind":"building","label":""},"geometry":{"type":"Polygon","coordinates":[[[34.7607526,50.8738252],[34.7606266,50.8738998],[34.7607071,50.8739539],[34.7606687,50.8739766],[34.7607331,50.87402],[34.7608975,50.8739228],[34.7607526,50.8738252]]]}},{"type":"Feature","id":"way/710917159","properties":{"building":"yes","osm_id":710917159,"osm_type":"way","kind":"building","label":""},"geometry":{"type":"Polygon","coordinates":[[[34.7620967,50.8740045],[34.7619572,50.8740722],[34.7620278,50.8741301],[34.7621673,50.8740624],[34.7620967,50.8740045]]]}},{"type":"Feature","id":"way/710917160","properties":{"building":"yes","osm_id":710917160,"osm_type":"way","kind":"building","label":""},"geometry":{"type":"Polygon","coordinates":[[[34.7618419,50.8737929],[34.7617051,50.8738548],[34.761807,50.8739445],[34.7619438,50.8738827],[34.7618419,50.8737929]]]}},{"type":"Feature","id":"way/710917161","properties":{"building":"yes","osm_id":710917161,"osm_type":"way","kind":"building","label":""},"geometry":{"type":"Polygon","coordinates":[[[34.7616488,50.8736101],[34.7615256,50.8736817],[34.761649,50.8737663],[34.7617722,50.8736948],[34.7616488,50.8736101]]]}},{"type":"Feature","id":"way/710917162","properties":{"building":"yes","osm_id":710917162,"osm_type":"way","kind":"building","label":""},"geometry":{"type":"Polygon","coordinates":[[[34.7613806,50.8733715],[34.7612196,50.8734781],[34.7612637,50.8735046],[34.7614246,50.873398],[34.7613806,50.8733715]]]}},{"type":"Feature","id":"way/710917163","properties":{"building":"yes","osm_id":710917163,"osm_type":"way","kind":"building","label":""},"geometry":{"type":"Polygon","coordinates":[[[34.7614181,50.8734629],[34.7612976,50.8735424],[34.7614183,50.8736152],[34.7615388,50.8735357],[34.7614181,50.8734629]]]}},{"type":"Feature","id":"way/710917164","properties":{"building":"yes","osm_id":710917164,"osm_type":"way","kind":"building","label":""},"geometry":{"type":"Polygon","coordinates":[[[34.7632903,50.8738877],[34.7631532,50.8739531],[34.7632715,50.8740519],[34.7634086,50.8739865],[34.7632903,50.8738877]]]}},{"type":"Feature","id":"way/710917165","properties":{"building":"yes","osm_id":710917165,"osm_type":"way","kind":"building","label":""},"geometry":{"type":"Polygon","coordinates":[[[34.7631267,50.8737405],[34.7630184,50.8737922],[34.7631106,50.8738691],[34.7632189,50.8738174],[34.7631267,50.8737405]]]}},{"type":"Feature","id":"way/710917166","properties":{"building":"yes","osm_id":710917166,"osm_type":"way","kind":"building","label":""},"geometry":{"type":"Polygon","coordinates":[[[34.7630113,50.8736558],[34.7628746,50.8737211],[34.7629282,50.8737659],[34.763065,50.8737006],[34.7630113,50.8736558]]]}},{"type":"Feature","id":"way/710917167","properties":{"building":"yes","osm_id":710917167,"osm_type":"way","kind":"building","label":""},"geometry":{"type":"Polygon","coordinates":[[[34.7626519,50.8735898],[34.7625897,50.8736195],[34.7627082,50.8737185],[34.7627705,50.8736888],[34.7626519,50.8735898]]]}},{"type":"Feature","id":"way/710917168","properties":{"building":"yes","osm_id":710917168,"osm_type":"way","kind":"building","label":""},"geometry":{"type":"Polygon","coordinates":[[[34.7628772,50.8735238],[34.7627299,50.8735941],[34.7628424,50.873688],[34.7629897,50.8736177],[34.7628772,50.8735238]]]}},{"type":"Feature","id":"way/710917169","properties":{"building":"yes","osm_id":710917169,"osm_type":"way","kind":"building","label":""},"geometry":{"type":"Polygon","coordinates":[[[34.7626653,50.8733596],[34.7625481,50.8734156],[34.7626331,50.8734866],[34.7627504,50.8734306],[34.7626653,50.8733596]]]}},{"type":"Feature","id":"way/710917170","properties":{"building":"yes","osm_id":710917170,"osm_type":"way","kind":"building","label":""},"geometry":{"type":"Polygon","coordinates":[[[34.7625661,50.8732005],[34.7624144,50.8732729],[34.7624615,50.8733123],[34.7626132,50.8732399],[34.7625661,50.8732005]]]}},{"type":"Feature","id":"way/710917171","properties":{"building":"yes","osm_id":710917171,"osm_type":"way","kind":"building","label":""},"geometry":{"type":"Polygon","coordinates":[[[34.762263,50.8730177],[34.7621334,50.8730796],[34.7622013,50.8731362],[34.7623309,50.8730744],[34.762263,50.8730177]]]}},{"type":"Feature","id":"way/710917172","properties":{"building":"yes","osm_id":710917172,"osm_type":"way","kind":"building","label":""},"geometry":{"type":"Polygon","coordinates":[[[34.7625071,50.8726962],[34.7624072,50.8727438],[34.7625285,50.8728451],[34.7626284,50.8727974],[34.7625071,50.8726962]]]}},{"type":"Feature","id":"way/710917173","properties":{"building":"yes","osm_id":710917173,"osm_type":"way","kind":"building","label":""},"geometry":{"type":"Polygon","coordinates":[[[34.762778,50.8728079],[34.7626313,50.8728779],[34.7627887,50.8730093],[34.7629354,50.8729393],[34.762778,50.8728079]]]}},{"type":"Feature","id":"way/710917174","properties":{"building":"yes","osm_id":710917174,"osm_type":"way","kind":"building","label":""},"geometry":{"type":"Polygon","coordinates":[[[34.7633627,50.8722205],[34.763196,50.8723001],[34.7633278,50.8724101],[34.7634945,50.8723306],[34.7633627,50.8722205]]]}},{"type":"Feature","id":"way/710917175","properties":{"addr:housenumber":"12","addr:street":"Льотна вулиця","building":"yes","osm_id":710917175,"osm_type":"way","kind":"building","label":""},"geometry":{"type":"Polygon","coordinates":[[[34.7635934,50.8723932],[34.7634571,50.8724582],[34.7635719,50.872554],[34.7637082,50.872489],[34.7635934,50.8723932]]]}},{"type":"Feature","id":"way/710917176","properties":{"building":"yes","osm_id":710917176,"osm_type":"way","kind":"building","label":""},"geometry":{"type":"Polygon","coordinates":[[[34.7631454,50.8731312],[34.7630188,50.8731916],[34.7631857,50.8733309],[34.7633123,50.8732704],[34.7631454,50.8731312]]]}},{"type":"Feature","id":"way/710917177","properties":{"addr:housenumber":"8","addr:street":"Льотна вулиця","building":"yes","osm_id":710917177,"osm_type":"way","kind":"building","label":""},"geometry":{"type":"Polygon","coordinates":[[[34.763985,50.8727266],[34.7638473,50.8727923],[34.7639957,50.8729162],[34.7641334,50.8728505],[34.763985,50.8727266]]]}},{"type":"Feature","id":"way/710917178","properties":{"building":"yes","osm_id":710917178,"osm_type":"way","kind":"building","label":""},"geometry":{"type":"Polygon","coordinates":[[[34.7637758,50.8736389],[34.7636426,50.8737025],[34.7637409,50.8737845],[34.763874,50.873721],[34.7637758,50.8736389]]]}},{"type":"Feature","id":"way/710917179","properties":{"building":"yes","osm_id":710917179,"osm_type":"way","kind":"building","label":""},"geometry":{"type":"Polygon","coordinates":[[[34.7636658,50.8733935],[34.7635476,50.8734499],[34.7636443,50.8735306],[34.7637625,50.8734742],[34.7636658,50.8733935]]]}},{"type":"Feature","id":"way/710917180","properties":{"building":"yes","osm_id":710917180,"osm_type":"way","kind":"building","label":""},"geometry":{"type":"Polygon","coordinates":[[[34.7634485,50.8732852],[34.7632914,50.8733602],[34.7634003,50.873451],[34.7635574,50.8733761],[34.7634485,50.8732852]]]}},{"type":"Feature","id":"way/710917181","properties":{"addr:housenumber":"2","addr:street":"Льотна вулиця","building":"yes","osm_id":710917181,"osm_type":"way","kind":"building","label":""},"geometry":{"type":"Polygon","coordinates":[[[34.7646582,50.8732293],[34.7641754,50.8734597],[34.7642827,50.8735492],[34.7647655,50.8733189],[34.7646582,50.8732293]]]}},{"type":"Feature","id":"way/710917184","properties":{"highway":"residential","name":"Аеродромна вулиця","name:ru":"Аэродромная улица","name:uk":"Аеродромна вулиця","osm_id":710917184,"osm_type":"way","kind":"road","label":"Аеродромна вулиця"},"geometry":{"type":"LineString","coordinates":[[34.7637087,50.8739808],[34.7622077,50.8727408]]}},{"type":"Feature","id":"way/710917194","properties":{"building":"yes","osm_id":710917194,"osm_type":"way","kind":"building","label":""},"geometry":{"type":"Polygon","coordinates":[[[34.7655272,50.8739385],[34.7654466,50.8739783],[34.7655085,50.8740282],[34.7655891,50.8739884],[34.7655272,50.8739385]]]}},{"type":"Feature","id":"way/710917196","properties":{"building":"yes","osm_id":710917196,"osm_type":"way","kind":"building","label":""},"geometry":{"type":"Polygon","coordinates":[[[34.7641379,50.8739927],[34.7640141,50.8740538],[34.7641271,50.874145],[34.7642509,50.8740839],[34.7641379,50.8739927]]]}},{"type":"Feature","id":"way/710917197","properties":{"building":"yes","osm_id":710917197,"osm_type":"way","kind":"building","label":""},"geometry":{"type":"Polygon","coordinates":[[[34.7643873,50.8738522],[34.7642374,50.8739262],[34.7643471,50.8740147],[34.764497,50.8739407],[34.7643873,50.8738522]]]}},{"type":"Feature","id":"way/710917198","properties":{"building":"yes","osm_id":710917198,"osm_type":"way","kind":"building","label":""},"geometry":{"type":"Polygon","coordinates":[[[34.7646287,50.8737371],[34.7644577,50.8738215],[34.7646153,50.8739487],[34.7647863,50.8738643],[34.7646287,50.8737371]]]}},{"type":"Feature","id":"way/710917199","properties":{"building":"yes","osm_id":710917199,"osm_type":"way","kind":"building","label":""},"geometry":{"type":"Polygon","coordinates":[[[34.764905,50.8735949],[34.7650686,50.8737269],[34.7651486,50.8736875],[34.7650751,50.8736282],[34.7651633,50.8735847],[34.7650732,50.8735119],[34.764905,50.8735949]]]}},{"type":"Feature","id":"way/710917200","properties":{"building":"yes","osm_id":710917200,"osm_type":"way","kind":"building","label":""},"geometry":{"type":"Polygon","coordinates":[[[34.7652724,50.8733884],[34.7653129,50.8734201],[34.765396,50.8733778],[34.7653556,50.8733461],[34.7652724,50.8733884]]]}},{"type":"Feature","id":"way/710917201","properties":{"building":"yes","osm_id":710917201,"osm_type":"way","kind":"building","label":""},"geometry":{"type":"Polygon","coordinates":[[[34.7654387,50.8733478],[34.7655584,50.8734439],[34.7657086,50.8733695],[34.7655889,50.8732733],[34.7654387,50.8733478]]]}},{"type":"Feature","id":"way/710917202","properties":{"building":"yes","osm_id":710917202,"osm_type":"way","kind":"building","label":""},"geometry":{"type":"Polygon","coordinates":[[[34.7655246,50.8734917],[34.7654573,50.8735296],[34.7655244,50.873577],[34.7655916,50.8735391],[34.7655246,50.8734917]]]}},{"type":"Feature","id":"way/710917203","properties":{"building":"yes","osm_id":710917203,"osm_type":"way","kind":"building","label":""},"geometry":{"type":"Polygon","coordinates":[[[34.7657606,50.8734121],[34.765644,50.8734718],[34.7657593,50.8735615],[34.7658759,50.8735018],[34.7657606,50.8734121]]]}},{"type":"Feature","id":"way/710917204","properties":{"building":"yes","osm_id":710917204,"osm_type":"way","kind":"building","label":""},"geometry":{"type":"Polygon","coordinates":[[[34.7659028,50.8734104],[34.765961,50.8734638],[34.7661595,50.8733775],[34.7661012,50.8733241],[34.7659028,50.8734104]]]}},{"type":"Feature","id":"way/710917205","properties":{"addr:housenumber":"5/1","addr:street":"Льотна вулиця","building":"yes","osm_id":710917205,"osm_type":"way","kind":"building","label":""},"geometry":{"type":"Polygon","coordinates":[[[34.7663695,50.8737896],[34.7664143,50.8738316],[34.7665618,50.873769],[34.766517,50.8737269],[34.7663695,50.8737896]]]}},{"type":"Feature","id":"way/710917206","properties":{"building":"yes","osm_id":710917206,"osm_type":"way","kind":"building","label":""},"geometry":{"type":"Polygon","coordinates":[[[34.7663346,50.873578],[34.7662166,50.8736373],[34.7663426,50.8737372],[34.7664607,50.8736779],[34.7663346,50.873578]]]}},{"type":"Feature","id":"way/710917207","properties":{"building":"yes","osm_id":710917207,"osm_type":"way","kind":"building","label":""},"geometry":{"type":"Polygon","coordinates":[[[34.7663131,50.8740519],[34.7664204,50.8741399],[34.7666965,50.8740059],[34.7665892,50.8739179],[34.7663131,50.8740519]]]}},{"type":"Feature","id":"way/710917209","properties":{"addr:housenumber":"5","addr:street":"Льотна вулиця","building":"yes","osm_id":710917209,"osm_type":"way","kind":"building","label":""},"geometry":{"type":"Polygon","coordinates":[[[34.7658116,50.8736051],[34.7656695,50.8736799],[34.7660504,50.8739677],[34.7661924,50.8738928],[34.7658116,50.8736051]]]}},{"type":"Feature","id":"way/724850581","properties":{"highway":"residential","name":"Козацький проспект","name:ru":"Казацкий проспект","name:uk":"Козацький проспект","surface":"asphalt","osm_id":724850581,"osm_type":"way","kind":"road","label":"Козацький проспект"},"geometry":{"type":"LineString","coordinates":[[34.7595588,50.8778019],[34.7606747,50.8772615],[34.7636957,50.8758026],[34.7664877,50.8744362],[34.7677405,50.873808],[34.7688142,50.8732695],[34.76932,50.8730159],[34.7697232,50.8728616],[34.7701508,50.8727501],[34.7703968,50.8727301],[34.7707032,50.872717],[34.7710039,50.8727367],[34.7712297,50.8728056]]}},{"type":"Feature","id":"way/803738505","properties":{"highway":"residential","osm_id":803738505,"osm_type":"way","kind":"road","label":""},"geometry":{"type":"LineString","coordinates":[[34.7713578,50.8725107],[34.771197,50.8726134],[34.7710039,50.8727367]]}},{"type":"Feature","id":"way/830135431","properties":{"highway":"track","osm_id":830135431,"osm_type":"way","kind":"road","label":""},"geometry":{"type":"LineString","coordinates":[[34.7867596,50.8597595],[34.7867348,50.8597159],[34.7866899,50.8596774],[34.7866309,50.8596351],[34.7865397,50.8595873],[34.7864089,50.8595225],[34.7862171,50.8594429],[34.7859845,50.8593532],[34.7857431,50.8592415],[34.7855915,50.8591737],[34.7854373,50.8590984],[34.785267,50.8590214],[34.7851261,50.8589697],[34.7849156,50.8589155],[34.7843456,50.858698],[34.7837971,50.8584719],[34.7836107,50.8583856],[34.7834511,50.8583162],[34.7832942,50.8582679],[34.7826947,50.858113],[34.7822428,50.8579818],[34.7817171,50.8578633],[34.7812437,50.8577617],[34.7807997,50.8576652],[34.7804242,50.8575856],[34.7798476,50.8575246],[34.77946,50.8574933],[34.7792253,50.8574654],[34.7787693,50.8574154],[34.7784515,50.8573977],[34.7778319,50.8573511],[34.7772619,50.8573282],[34.7767402,50.8572893],[34.7760321,50.8572207],[34.7756445,50.8571784],[34.7753535,50.8571437],[34.7749753,50.8571276],[34.774577,50.8571056],[34.7741854,50.8571081],[34.7737844,50.8571047],[34.7732842,50.857076],[34.7726887,50.8570269],[34.7725157,50.8570116],[34.772395,50.8569888],[34.7722676,50.8569456],[34.772155,50.8568999],[34.7720195,50.8568499],[34.7718854,50.8568],[34.7717755,50.8567593],[34.7716749,50.8567297],[34.7715864,50.8567128],[34.7714925,50.8567018],[34.7713906,50.8566941],[34.7712283,50.8567094],[34.7710687,50.8567272],[34.7709399,50.8567424],[34.7707066,50.856783],[34.7705296,50.8568203],[34.770323,50.8568321],[34.7700816,50.8568203],[34.7698134,50.8567983],[34.7691831,50.8567407],[34.768652,50.8567018],[34.7680646,50.8566628],[34.76612,50.8564901],[34.7656748,50.8564309],[34.7652698,50.8563851],[34.7650337,50.8563513],[34.7648165,50.8563073],[34.7645804,50.8562412],[34.7643417,50.8561701],[34.76417,50.8561108],[34.7640038,50.8560584],[34.7638616,50.8560126],[34.7637221,50.8559889],[34.7635692,50.8559754],[34.7634271,50.8559754],[34.7632205,50.8560109],[34.7630596,50.8560516],[34.762904,50.856099],[34.7626975,50.8561633],[34.7625634,50.8561938],[34.76244,50.8562023],[34.7622845,50.8562107],[34.7620511,50.8561989],[34.7617292,50.8561887],[34.7613537,50.8561701],[34.7609863,50.8561566],[34.7605544,50.8561312],[34.7597256,50.8560668],[34.7584677,50.8559771],[34.7567832,50.8558586],[34.7555038,50.855757],[34.7547673,50.8557072]]}},{"type":"Feature","id":"way/830135432","properties":{"highway":"track","osm_id":830135432,"osm_type":"way","kind":"road","label":""},"geometry":{"type":"LineString","coordinates":[[34.7753518,50.8645912],[34.7754756,50.8645507],[34.7755587,50.8644948],[34.7756445,50.8643966],[34.7757438,50.8642629],[34.7758457,50.864141],[34.7759691,50.8640242],[34.7761112,50.8639294],[34.7765216,50.863689],[34.7767872,50.8635282],[34.7768971,50.8634469],[34.77727,50.863198],[34.7775328,50.8629949],[34.7777206,50.8628865],[34.7785051,50.8623685],[34.7797684,50.8614788],[34.7800849,50.8612613],[34.7802405,50.8611478],[34.7803518,50.8610818],[34.7804444,50.8610175],[34.7805221,50.8609802],[34.7806053,50.8609472],[34.7807059,50.8609167],[34.7808091,50.8608947],[34.7809298,50.860871],[34.7810546,50.8608575],[34.7812128,50.8608507],[34.7816674,50.8608702],[34.7825231,50.8609277],[34.7827068,50.8609421],[34.7828302,50.8609464],[34.7829361,50.8609413],[34.7830193,50.8609244],[34.7830716,50.8608998],[34.7831896,50.8608075],[34.7832835,50.8607305],[34.7833706,50.8606653],[34.7834484,50.8606095],[34.7835597,50.8605273],[34.783667,50.8604774],[34.7837716,50.8604427],[34.7838816,50.8604181],[34.7840036,50.8604004],[34.7841351,50.8603944],[34.7842826,50.8604071],[34.7849397,50.8605019],[34.7855996,50.86059],[34.7857994,50.8606103],[34.7859161,50.8606154],[34.7860341,50.8606111],[34.786136,50.8605908],[34.7862487,50.8605697],[34.7863318,50.8605282],[34.7864445,50.8604698],[34.7865276,50.8604097],[34.7866027,50.860325],[34.7866617,50.8602454],[34.7867046,50.8601659],[34.7867315,50.8600829],[34.7867556,50.8599856],[34.7867663,50.859906],[34.786765,50.8598213],[34.7867596,50.8597595],[34.7867489,50.8596817],[34.7867087,50.8595242],[34.7866215,50.859211],[34.786478,50.8588639],[34.7863707,50.8585151],[34.7861937,50.8578074],[34.7860435,50.8571674],[34.7859684,50.8567797],[34.7859549,50.8563716],[34.7858785,50.8560802]]}},{"type":"Feature","id":"way/834548625","properties":{"access":"no","highway":"service","osm_id":834548625,"osm_type":"way","kind":"road","label":""},"geometry":{"type":"LineString","coordinates":[[34.7571536,50.860191],[34.7571232,50.860512],[34.7571085,50.8606673],[34.7575277,50.860707],[34.7580287,50.8607535],[34.7583979,50.8607864],[34.7584596,50.8607788],[34.7585025,50.8607551],[34.7585133,50.860722],[34.7585344,50.8606242]]}},{"type":"Feature","id":"way/834548626","properties":{"access":"no","highway":"service","osm_id":834548626,"osm_type":"way","kind":"road","label":""},"geometry":{"type":"LineString","coordinates":[[34.7562495,50.862917],[34.7548727,50.8618793],[34.754785,50.8618132],[34.7547555,50.8617624],[34.7547555,50.861715],[34.7550106,50.860554],[34.7550237,50.8605409],[34.7550462,50.8605369],[34.7568498,50.8606428],[34.7571085,50.8606673]]}},{"type":"Feature","id":"way/834548628","properties":{"access":"private","highway":"service","osm_id":834548628,"osm_type":"way","kind":"road","label":""},"geometry":{"type":"LineString","coordinates":[[34.7765515,50.8593225],[34.7764572,50.8598171],[34.7763821,50.8602658],[34.7763714,50.8604164],[34.7763795,50.8604977],[34.7764063,50.8605942]]}},{"type":"Feature","id":"way/834548629","properties":{"access":"private","highway":"service","osm_id":834548629,"osm_type":"way","kind":"road","label":""},"geometry":{"type":"LineString","coordinates":[[34.7595999,50.8580427],[34.7600341,50.8578006],[34.7603425,50.8576787],[34.7606993,50.8575517],[34.7610721,50.8574231],[34.7612652,50.8573469],[34.7614315,50.8572707],[34.7616622,50.8571386],[34.7621275,50.8568702],[34.7631589,50.8563851]]}},{"type":"Feature","id":"way/834548630","properties":{"access":"private","highway":"service","osm_id":834548630,"osm_type":"way","kind":"road","label":""},"geometry":{"type":"LineString","coordinates":[[34.7512418,50.8625048],[34.7512952,50.8625081]]}},{"type":"Feature","id":"way/834548631","properties":{"access":"private","highway":"service","osm_id":834548631,"osm_type":"way","kind":"road","label":""},"geometry":{"type":"LineString","coordinates":[[34.7538139,50.8623555],[34.7537497,50.8623414],[34.7536585,50.8623075],[34.7535968,50.8622703],[34.753578,50.862228],[34.753578,50.8621721],[34.7536021,50.8620891],[34.7536705,50.8619478],[34.7536799,50.8618995],[34.7536585,50.861847],[34.7536008,50.8618064],[34.7533742,50.8616524],[34.7532642,50.8616033],[34.7528887,50.8614864],[34.7527894,50.8614729],[34.7526258,50.8614644],[34.7517541,50.8614593],[34.7516441,50.8614543],[34.7515489,50.8614323],[34.7514631,50.8613976],[34.751396,50.8613586]]}},{"type":"Feature","id":"way/834548632","properties":{"access":"no","highway":"service","osm_id":834548632,"osm_type":"way","kind":"road","label":""},"geometry":{"type":"LineString","coordinates":[[34.7568422,50.8633183],[34.7562495,50.862917]]}},{"type":"Feature","id":"way/834548633","properties":{"highway":"service","osm_id":834548633,"osm_type":"way","kind":"road","label":""},"geometry":{"type":"LineString","coordinates":[[34.7511466,50.8632632],[34.7511506,50.8632175]]}},{"type":"Feature","id":"way/834548634","properties":{"access":"private","highway":"service","osm_id":834548634,"osm_type":"way","kind":"road","label":""},"geometry":{"type":"LineString","coordinates":[[34.7531301,50.8607534],[34.7532615,50.8602556],[34.7533071,50.860215],[34.7533607,50.8601964],[34.7545302,50.8602607]]}},{"type":"Feature","id":"way/834548635","properties":{"access":"private","highway":"service","osm_id":834548635,"osm_type":"way","kind":"road","label":""},"geometry":{"type":"LineString","coordinates":[[34.7511506,50.8632175],[34.7512418,50.8625048],[34.751396,50.8613586],[34.7514537,50.8607923],[34.7514376,50.860733],[34.751392,50.8606856],[34.7510433,50.8605248],[34.7510031,50.8604825],[34.7509897,50.8604283],[34.7510943,50.8599102]]}},{"type":"Feature","id":"way/834550760","properties":{"access":"private","highway":"service","osm_id":834550760,"osm_type":"way","kind":"road","label":""},"geometry":{"type":"LineString","coordinates":[[34.7485429,50.859135],[34.7487657,50.8591515],[34.7490451,50.859172],[34.7503701,50.8592736],[34.7504935,50.859299],[34.7505659,50.8593244],[34.7510594,50.8598374],[34.7510943,50.8599102]]}},{"type":"Feature","id":"way/834550761","properties":{"access":"private","highway":"service","osm_id":834550761,"osm_type":"way","kind":"road","label":""},"geometry":{"type":"LineString","coordinates":[[34.7548727,50.8618793],[34.7547904,50.8619283],[34.7547126,50.8619825],[34.7546495,50.8620705],[34.7546294,50.8621518],[34.7546428,50.8622669],[34.7546348,50.8623397],[34.7546053,50.8623888],[34.7545409,50.8624244],[34.7544256,50.8624481],[34.7542137,50.8624616],[34.7541171,50.862443],[34.7540179,50.862399],[34.7539347,50.862382],[34.7538139,50.8623555]]}},{"type":"Feature","id":"way/834554047","properties":{"access":"private","highway":"service","osm_id":834554047,"osm_type":"way","kind":"road","label":""},"geometry":{"type":"LineString","coordinates":[[34.7512952,50.8625081],[34.7519848,50.8625479]]}},{"type":"Feature","id":"way/858429326","properties":{"highway":"footway","osm_id":858429326,"osm_type":"way","kind":"road","label":""},"geometry":{"type":"LineString","coordinates":[[34.7723922,50.8737714],[34.7722274,50.8735289]]}},{"type":"Feature","id":"way/858429327","properties":{"footway":"crossing","highway":"footway","osm_id":858429327,"osm_type":"way","kind":"road","label":""},"geometry":{"type":"LineString","coordinates":[[34.7722274,50.8735289],[34.7724117,50.8734695],[34.7726235,50.8733737]]}},{"type":"Feature","id":"way/858429328","properties":{"highway":"footway","osm_id":858429328,"osm_type":"way","kind":"road","label":""},"geometry":{"type":"LineString","coordinates":[[34.7723922,50.8737714],[34.7726119,50.8737029]]}},{"type":"Feature","id":"way/858429329","properties":{"highway":"footway","osm_id":858429329,"osm_type":"way","kind":"road","label":""},"geometry":{"type":"LineString","coordinates":[[34.7725016,50.873577],[34.7726778,50.8735215],[34.7727237,50.8735044]]}},{"type":"Feature","id":"way/858429330","properties":{"building":"yes","osm_id":858429330,"osm_type":"way","kind":"building","label":""},"geometry":{"type":"Polygon","coordinates":[[[34.7713047,50.8733063],[34.7713531,50.873353],[34.7714724,50.8733038],[34.771424,50.8732571],[34.7713047,50.8733063]]]}},{"type":"Feature","id":"way/858440490","properties":{"building":"yes","osm_id":858440490,"osm_type":"way","kind":"building","label":""},"geometry":{"type":"Polygon","coordinates":[[[34.7755399,50.8737523],[34.7755281,50.8739219],[34.7756477,50.8739253],[34.7756531,50.873847],[34.7758219,50.8738517],[34.7758109,50.8740093],[34.775949,50.8740132],[34.7759664,50.8737642],[34.7755399,50.8737523]]]}},{"type":"Feature","id":"way/858440491","properties":{"building":"yes","osm_id":858440491,"osm_type":"way","kind":"building","label":""},"geometry":{"type":"Polygon","coordinates":[[[34.7753817,50.8740621],[34.7754434,50.874145],[34.7755767,50.8741055],[34.775515,50.8740226],[34.7753817,50.8740621]]]}},{"type":"Feature","id":"way/858440497","properties":{"building":"yes","osm_id":858440497,"osm_type":"way","kind":"building","label":""},"geometry":{"type":"Polygon","coordinates":[[[34.7715569,50.8720682],[34.7714285,50.8721352],[34.7715573,50.8722334],[34.7716856,50.8721664],[34.7715569,50.8720682]]]}},{"type":"Feature","id":"way/858440498","properties":{"addr:housenumber":"21","addr:street":"Європейська вулиця","building":"house","osm_id":858440498,"osm_type":"way","kind":"building","label":""},"geometry":{"type":"Polygon","coordinates":[[[34.7744839,50.870485],[34.7746393,50.8706133],[34.7748251,50.8705237],[34.7746696,50.8703954],[34.7744839,50.870485]]]}},{"type":"Feature","id":"way/858440499","properties":{"building":"yes","osm_id":858440499,"osm_type":"way","kind":"building","label":""},"geometry":{"type":"Polygon","coordinates":[[[34.7729301,50.8713048],[34.7723803,50.8715858],[34.7724883,50.87167],[34.7730382,50.871389],[34.7729301,50.8713048]]]}},{"type":"Feature","id":"way/858440500","properties":{"addr:housenumber":"13","addr:street":"Європейська вулиця","building":"house","osm_id":858440500,"osm_type":"way","kind":"building","label":""},"geometry":{"type":"Polygon","coordinates":[[[34.7732948,50.8710716],[34.7734225,50.87117],[34.7736156,50.8710701],[34.7734879,50.8709718],[34.7732948,50.8710716]]]}},{"type":"Feature","id":"way/858440501","properties":{"addr:housenumber":"15","addr:street":"Європейська вулиця","building":"house","osm_id":858440501,"osm_type":"way","kind":"building","label":""},"geometry":{"type":"Polygon","coordinates":[[[34.7737573,50.8708416],[34.7735535,50.8709364],[34.7736778,50.8710428],[34.7738817,50.870948],[34.7737573,50.8708416]]]}},{"type":"Feature","id":"way/858440502","properties":{"addr:housenumber":"18","addr:street":"Європейська вулиця","building":"yes","osm_id":858440502,"osm_type":"way","kind":"building","label":""},"geometry":{"type":"Polygon","coordinates":[[[34.7732309,50.8706172],[34.7733388,50.8707184],[34.7734943,50.8706524],[34.7733864,50.8705511],[34.7732309,50.8706172]]]}},{"type":"Feature","id":"way/858440503","properties":{"building":"yes","osm_id":858440503,"osm_type":"way","kind":"building","label":""},"geometry":{"type":"Polygon","coordinates":[[[34.7724178,50.870797],[34.7724694,50.8708477],[34.772611,50.8707903],[34.7725594,50.8707396],[34.7724178,50.870797]]]}},{"type":"Feature","id":"way/858440504","properties":{"building":"yes","osm_id":858440504,"osm_type":"way","kind":"building","label":""},"geometry":{"type":"Polygon","coordinates":[[[34.7721121,50.8709172],[34.772162,50.8709662],[34.7722703,50.8709223],[34.7722204,50.8708733],[34.7721121,50.8709172]]]}},{"type":"Feature","id":"way/858440505","properties":{"addr:housenumber":"10","addr:street":"Європейська вулиця","building":"house","osm_id":858440505,"osm_type":"way","kind":"building","label":""},"geometry":{"type":"Polygon","coordinates":[[[34.772037,50.8712287],[34.7722221,50.8713851],[34.7722673,50.8713639],[34.7722323,50.8713343],[34.7723903,50.8712599],[34.7722168,50.8711132],[34.7721331,50.8711526],[34.7721565,50.8711723],[34.772037,50.8712287]]]}},{"type":"Feature","id":"way/858440506","properties":{"building":"yes","osm_id":858440506,"osm_type":"way","kind":"building","label":""},"geometry":{"type":"Polygon","coordinates":[[[34.7716856,50.871144],[34.7715676,50.8711982],[34.7716289,50.8712514],[34.771747,50.8711973],[34.7716856,50.871144]]]}},{"type":"Feature","id":"way/858440507","properties":{"building":"yes","osm_id":858440507,"osm_type":"way","kind":"building","label":""},"geometry":{"type":"Polygon","coordinates":[[[34.771927,50.8710306],[34.7718385,50.8710679],[34.7718905,50.8711171],[34.771979,50.8710798],[34.771927,50.8710306]]]}},{"type":"Feature","id":"way/858440508","properties":{"addr:housenumber":"6","addr:street":"Європейська вулиця","building":"house","osm_id":858440508,"osm_type":"way","kind":"building","label":""},"geometry":{"type":"Polygon","coordinates":[[[34.7715595,50.8715452],[34.7716923,50.8716471],[34.7718881,50.8715455],[34.7717553,50.8714436],[34.7715595,50.8715452]]]}},{"type":"Feature","id":"way/858440509","properties":{"building":"yes","osm_id":858440509,"osm_type":"way","kind":"building","label":""},"geometry":{"type":"Polygon","coordinates":[[[34.7711438,50.8716857],[34.7709772,50.8717748],[34.771138,50.8718945],[34.7713046,50.8718055],[34.7711438,50.8716857]]]}},{"type":"Feature","id":"way/858440510","properties":{"addr:housenumber":"2","addr:street":"Оксамитова вулиця","building":"house","osm_id":858440510,"osm_type":"way","kind":"building","label":""},"geometry":{"type":"Polygon","coordinates":[[[34.7708058,50.871227],[34.7708845,50.8712972],[34.7710401,50.8712278],[34.7709614,50.8711576],[34.7708058,50.871227]]]}},{"type":"Feature","id":"way/858440511","properties":{"building":"yes","osm_id":858440511,"osm_type":"way","kind":"building","label":""},"geometry":{"type":"Polygon","coordinates":[[[34.7705269,50.8713725],[34.7707012,50.8715198],[34.770879,50.871436],[34.7707046,50.8712887],[34.7705269,50.8713725]]]}},{"type":"Feature","id":"way/863388438","properties":{"building":"yes","osm_id":863388438,"osm_type":"way","kind":"building","label":""},"geometry":{"type":"Polygon","coordinates":[[[34.7774899,50.8706159],[34.7781765,50.8708495],[34.7782715,50.8707383],[34.7775849,50.8705047],[34.7774899,50.8706159]]]}},{"type":"Feature","id":"way/863388439","properties":{"building":"yes","osm_id":863388439,"osm_type":"way","kind":"building","label":""},"geometry":{"type":"Polygon","coordinates":[[[34.7775757,50.8712693],[34.7774816,50.8713583],[34.777723,50.8714599],[34.7778171,50.8713708],[34.7775757,50.8712693]]]}},{"type":"Feature","id":"way/863388440","properties":{"highway":"service","osm_id":863388440,"osm_type":"way","kind":"road","label":""},"geometry":{"type":"LineString","coordinates":[[34.778587,50.872128],[34.7794104,50.8716146],[34.7795713,50.8715452],[34.7798341,50.8712862],[34.7801506,50.8711406],[34.7803706,50.8709883],[34.780789,50.8707818]]}},{"type":"Feature","id":"way/894666841","properties":{"highway":"secondary","loc_ref":"Т-19-09","ref":"Т-19-09","surface":"asphalt","osm_id":894666841,"osm_type":"way","kind":"road","label":""},"geometry":{"type":"LineString","coordinates":[[34.7565007,50.8638221],[34.7545313,50.8636618],[34.7516923,50.8634387],[34.7511112,50.863389],[34.7500965,50.8633047],[34.7474321,50.8630507],[34.7459223,50.8628931],[34.743473,50.8626374],[34.742741,50.8625419],[34.7420831,50.8623986],[34.741454,50.8621668],[34.7409946,50.8618951],[34.7405822,50.8615475],[34.7402386,50.8610976],[34.7399674,50.8605926],[34.7398222,50.8602835],[34.7390843,50.8587122],[34.73888,50.8582094],[34.7388151,50.8580004],[34.738778,50.8577886],[34.7387658,50.8576631],[34.738751,50.8573638],[34.7387538,50.857347],[34.73885,50.8565815],[34.7388983,50.8563936],[34.739027,50.8560821],[34.7397695,50.8546572],[34.7402315,50.853737],[34.7406543,50.852835],[34.7408691,50.8523372],[34.7409598,50.8521142],[34.7409654,50.8520559],[34.7409857,50.8518455],[34.7409371,50.8515288],[34.7408432,50.8513135],[34.7407145,50.85109],[34.7405505,50.8508853],[34.7403718,50.8506805],[34.7400174,50.8504036],[34.739616,50.8501239],[34.7387444,50.849636]]}},{"type":"Feature","id":"way/958682642","properties":{"landuse":"residential","residential":"rural","osm_id":958682642,"osm_type":"way","kind":"residential","label":""},"geometry":{"type":"Polygon","coordinates":[[[34.7715235,50.8723088],[34.7735585,50.8713105],[34.7749316,50.8706309],[34.7751335,50.870531],[34.7748684,50.8703264],[34.7747692,50.8702498],[34.7746734,50.8701759],[34.7744398,50.8701245],[34.7740324,50.870088],[34.773669,50.8699712],[34.7732807,50.8698333],[34.7731876,50.8698999],[34.7726592,50.8700963],[34.7708514,50.8708546],[34.7701139,50.8711724],[34.7701544,50.871208],[34.7703156,50.8713313],[34.7710985,50.8719641],[34.7711845,50.8720339],[34.771249,50.8720862],[34.7715235,50.8723088]]]}},{"type":"Feature","id":"way/958682645","properties":{"highway":"residential","osm_id":958682645,"osm_type":"way","kind":"road","label":""},"geometry":{"type":"LineString","coordinates":[[34.7709216,50.8721955],[34.7710684,50.872107],[34.7711845,50.8720339]]}},{"type":"Feature","id":"way/958689664","properties":{"building":"house","osm_id":958689664,"osm_type":"way","kind":"building","label":""},"geometry":{"type":"Polygon","coordinates":[[[34.7716671,50.866724],[34.771531,50.8666345],[34.7717419,50.8665068],[34.7718779,50.8665962],[34.7716671,50.866724]]]}},{"type":"Feature","id":"way/962044563","properties":{"building":"yes","osm_id":962044563,"osm_type":"way","kind":"building","label":""},"geometry":{"type":"Polygon","coordinates":[[[34.7678384,50.8728497],[34.7676414,50.8726852],[34.7677813,50.8726184],[34.7679783,50.872783],[34.7678384,50.8728497]]]}},{"type":"Feature","id":"way/962044564","properties":{"building":"yes","osm_id":962044564,"osm_type":"way","kind":"building","label":""},"geometry":{"type":"Polygon","coordinates":[[[34.7675735,50.8726485],[34.7674002,50.8724956],[34.7675438,50.8724308],[34.767717,50.8725837],[34.7675735,50.8726485]]]}},{"type":"Feature","id":"way/962044565","properties":{"building":"yes","osm_id":962044565,"osm_type":"way","kind":"building","label":""},"geometry":{"type":"Polygon","coordinates":[[[34.7671224,50.872321],[34.7673378,50.8722156],[34.7672243,50.8721233],[34.7670089,50.8722287],[34.7671224,50.872321]]]}},{"type":"Feature","id":"way/962044566","properties":{"building":"yes","osm_id":962044566,"osm_type":"way","kind":"building","label":""},"geometry":{"type":"Polygon","coordinates":[[[34.768085,50.8733239],[34.7685196,50.8731127],[34.768408,50.8730212],[34.7679733,50.8732324],[34.768085,50.8733239]]]}},{"type":"Feature","id":"way/962044567","properties":{"building":"yes","osm_id":962044567,"osm_type":"way","kind":"building","label":""},"geometry":{"type":"Polygon","coordinates":[[[34.767819,50.8731047],[34.7682509,50.8728976],[34.7681447,50.8728094],[34.7677128,50.8730166],[34.767819,50.8731047]]]}},{"type":"Feature","id":"way/962044569","properties":{"building":"yes","osm_id":962044569,"osm_type":"way","kind":"building","label":""},"geometry":{"type":"Polygon","coordinates":[[[34.7661366,50.8728798],[34.7660323,50.8728011],[34.766221,50.8727014],[34.7663253,50.8727801],[34.7661366,50.8728798]]]}},{"type":"Feature","id":"way/962044570","properties":{"building":"yes","osm_id":962044570,"osm_type":"way","kind":"building","label":""},"geometry":{"type":"Polygon","coordinates":[[[34.7648136,50.8718201],[34.7649711,50.8717251],[34.7648568,50.8716496],[34.7646992,50.8717446],[34.7648136,50.8718201]]]}},{"type":"Feature","id":"way/962044571","properties":{"building":"yes","osm_id":962044571,"osm_type":"way","kind":"building","label":""},"geometry":{"type":"Polygon","coordinates":[[[34.7653471,50.8722252],[34.7651905,50.8721332],[34.7653182,50.8720467],[34.7654747,50.8721386],[34.7653471,50.8722252]]]}},{"type":"Feature","id":"way/962044572","properties":{"building":"yes","osm_id":962044572,"osm_type":"way","kind":"building","label":""},"geometry":{"type":"Polygon","coordinates":[[[34.7664921,50.872594],[34.766675,50.8725041],[34.7666052,50.8724475],[34.7664223,50.8725374],[34.7664921,50.872594]]]}},{"type":"Feature","id":"way/962044573","properties":{"building":"yes","osm_id":962044573,"osm_type":"way","kind":"building","label":""},"geometry":{"type":"Polygon","coordinates":[[[34.7667257,50.8727372],[34.7666021,50.872627],[34.7667424,50.8725643],[34.766866,50.8726745],[34.7667257,50.8727372]]]}},{"type":"Feature","id":"way/962044582","properties":{"highway":"footway","osm_id":962044582,"osm_type":"way","kind":"road","label":""},"geometry":{"type":"LineString","coordinates":[[34.7575297,50.864069],[34.7573874,50.8640176],[34.757241,50.8639843],[34.7569077,50.8639432],[34.7559238,50.8638534],[34.7551514,50.8637841],[34.7541513,50.8636969],[34.7531146,50.8636174],[34.7518868,50.8635173],[34.7510859,50.8634531],[34.7499935,50.8633638],[34.7495166,50.8633248],[34.7487645,50.8632504],[34.7479311,50.8631709],[34.7474839,50.8631298],[34.7472156,50.8630888],[34.7470245,50.8630631],[34.74687,50.8630477],[34.7467481,50.8630426],[34.7466058,50.863022],[34.7463822,50.8629912],[34.7461992,50.8629681],[34.7456585,50.8629143],[34.7448129,50.8628245],[34.744134,50.8627577],[34.7432558,50.8626782],[34.7429753,50.8626448],[34.7427029,50.862614],[34.7423452,50.8625499],[34.7421053,50.862496],[34.7420347,50.8624761],[34.7418776,50.8624318],[34.7416703,50.8623523],[34.741341,50.8622086],[34.7410849,50.8620829],[34.7408897,50.8619623],[34.7406986,50.8618237],[34.7405401,50.8616518],[34.7403002,50.8613695],[34.7401295,50.8611462],[34.7399791,50.860905],[34.7398124,50.8606048],[34.7397311,50.8604867]]}},{"type":"Feature","id":"way/962044588","properties":{"footway":"sidewalk","highway":"footway","osm_id":962044588,"osm_type":"way","kind":"road","label":""},"geometry":{"type":"LineString","coordinates":[[34.771197,50.8726134],[34.770941,50.872416],[34.7707052,50.8722544],[34.7700507,50.8718003],[34.7692132,50.8713],[34.7683148,50.8707612],[34.7673146,50.8701737],[34.7672204,50.8701187],[34.7663471,50.8696093],[34.7656356,50.8691834],[34.7649736,50.8687901],[34.7639491,50.8681795],[34.7634693,50.867887],[34.7626115,50.8673815],[34.7617252,50.8668607],[34.7605544,50.8661525],[34.7600828,50.8658574],[34.7595096,50.8654494],[34.7587534,50.8649183],[34.7582452,50.8645642],[34.7579159,50.8643333],[34.7575297,50.864069]]}},{"type":"Feature","id":"way/962064897","properties":{"highway":"service","osm_id":962064897,"osm_type":"way","kind":"road","label":""},"geometry":{"type":"LineString","coordinates":[[34.7658467,50.8709843],[34.7662432,50.8712774],[34.7666904,50.8715981],[34.767158,50.8719329],[34.7675076,50.8721906],[34.7677555,50.872396],[34.7680645,50.8726551],[34.768345,50.872886],[34.7685849,50.8730784],[34.7688142,50.8732695]]}},{"type":"Feature","id":"way/962064900","properties":{"highway":"service","osm_id":962064900,"osm_type":"way","kind":"road","label":""},"geometry":{"type":"LineString","coordinates":[[34.764841,50.8714609],[34.7652357,50.871767],[34.7656855,50.8721442],[34.7661969,50.8725486],[34.7666776,50.8729608],[34.7670227,50.8732252],[34.767491,50.8735985],[34.7677405,50.873808]]}},{"type":"Feature","id":"way/962866884","properties":{"building":"yes","osm_id":962866884,"osm_type":"way","kind":"building","label":""},"geometry":{"type":"Polygon","coordinates":[[[34.7685556,50.8741313],[34.7684439,50.874026],[34.7686139,50.8739542],[34.7687257,50.8740595],[34.7685556,50.8741313]]]}},{"type":"Feature","id":"way/962866885","properties":{"building":"yes","osm_id":962866885,"osm_type":"way","kind":"building","label":""},"geometry":{"type":"Polygon","coordinates":[[[34.7684025,50.8739217],[34.7682647,50.8739784],[34.7681883,50.8739046],[34.7683261,50.8738478],[34.7684025,50.8739217]]]}},{"type":"Feature","id":"way/1027341404","properties":{"highway":"track","osm_id":1027341404,"osm_type":"way","kind":"road","label":""},"geometry":{"type":"LineString","coordinates":[[34.7581234,50.8625338],[34.7582039,50.8625186],[34.7582442,50.8624864],[34.7582549,50.8624373],[34.7582254,50.8623984],[34.7581867,50.8623775]]}},{"type":"Feature","id":"way/1083860836","properties":{"building":"house","osm_id":1083860836,"osm_type":"way","kind":"building","label":""},"geometry":{"type":"Polygon","coordinates":[[[34.7576972,50.8740874],[34.7578444,50.8741877],[34.7580021,50.8740954],[34.7578549,50.8739952],[34.7576972,50.8740874]]]}},{"type":"Feature","id":"way/1083860837","properties":{"building":"house","osm_id":1083860837,"osm_type":"way","kind":"building","label":""},"geometry":{"type":"Polygon","coordinates":[[[34.7574274,50.8739509],[34.7575687,50.8740415],[34.7577428,50.8739333],[34.7576014,50.8738427],[34.7574274,50.8739509]]]}},{"type":"Feature","id":"way/1083860839","properties":{"building":"house","osm_id":1083860839,"osm_type":"way","kind":"building","label":""},"geometry":{"type":"Polygon","coordinates":[[[34.7585376,50.8741144],[34.7586707,50.8742126],[34.7588159,50.8741343],[34.7586829,50.8740361],[34.7585376,50.8741144]]]}},{"type":"Feature","id":"way/1083860841","properties":{"building":"house","osm_id":1083860841,"osm_type":"way","kind":"building","label":""},"geometry":{"type":"Polygon","coordinates":[[[34.7579459,50.8737122],[34.758059,50.8737823],[34.7581955,50.8736945],[34.7580824,50.8736245],[34.7579459,50.8737122]]]}},{"type":"Feature","id":"way/1083860842","properties":{"building":"house","osm_id":1083860842,"osm_type":"way","kind":"building","label":""},"geometry":{"type":"Polygon","coordinates":[[[34.7576341,50.8735384],[34.7577835,50.8736327],[34.7579236,50.8735443],[34.7577742,50.87345],[34.7576341,50.8735384]]]}},{"type":"Feature","id":"way/1083860843","properties":{"building":"house","osm_id":1083860843,"osm_type":"way","kind":"building","label":""},"geometry":{"type":"Polygon","coordinates":[[[34.7583715,50.8739819],[34.7584851,50.8740603],[34.7586363,50.873973],[34.7585226,50.8738947],[34.7583715,50.8739819]]]}},{"type":"Feature","id":"way/1083860845","properties":{"building":"house","osm_id":1083860845,"osm_type":"way","kind":"building","label":""},"geometry":{"type":"Polygon","coordinates":[[[34.7574219,50.8734017],[34.7575718,50.8734833],[34.7576735,50.8734089],[34.7575235,50.8733273],[34.7574219,50.8734017]]]}},{"type":"Feature","id":"way/1083860846","properties":{"highway":"track","osm_id":1083860846,"osm_type":"way","kind":"road","label":""},"geometry":{"type":"LineString","coordinates":[[34.7557718,50.8730118],[34.7569291,50.8733654],[34.7571722,50.8734397]]}},{"type":"Feature","id":"way/1083860847","properties":{"highway":"residential","osm_id":1083860847,"osm_type":"way","kind":"road","label":""},"geometry":{"type":"LineString","coordinates":[[34.7597149,50.8746324],[34.7595019,50.874479],[34.7591833,50.8746778],[34.7571722,50.8734397]]}},{"type":"Feature","id":"way/1124925814","properties":{"highway":"unclassified","surface":"gravel","osm_id":1124925814,"osm_type":"way","kind":"road","label":""},"geometry":{"type":"LineString","coordinates":[[34.7765577,50.8689352],[34.7762751,50.8690411],[34.7758486,50.8690543],[34.7755223,50.869044],[34.7752087,50.8690363],[34.7747641,50.8690567]]}},{"type":"Feature","id":"way/1125617058","properties":{"highway":"unclassified","osm_id":1125617058,"osm_type":"way","kind":"road","label":""},"geometry":{"type":"LineString","coordinates":[[34.76634,50.8631397],[34.7660593,50.8629034],[34.7657267,50.8627071],[34.765314,50.8626637]]}},{"type":"Feature","id":"way/1125617059","properties":{"highway":"residential","name":"провулок Олександри Деревської","name:en":"Oleksandry Derevskoi Lane","name:uk":"провулок Олександри Деревської","old_name:uk":"Аерофлотський провулок","osm_id":1125617059,"osm_type":"way","kind":"road","label":"провулок Олександри Деревської"},"geometry":{"type":"LineString","coordinates":[[34.765314,50.8626637],[34.762807,50.8644243],[34.7618822,50.8650938]]}},{"type":"Feature","id":"way/1150096602","properties":{"addr:housenumber":"38","addr:street":"вулиця Максима Сущенка","building":"detached","osm_id":1150096602,"osm_type":"way","kind":"building","label":""},"geometry":{"type":"Polygon","coordinates":[[[34.7635552,50.8662784],[34.7634574,50.8663391],[34.7635531,50.8664005],[34.7636509,50.8663398],[34.7635552,50.8662784]]]}},{"type":"Feature","id":"way/1150096603","properties":{"addr:housenumber":"44-А","addr:street":"вулиця Максима Сущенка","building":"detached","osm_id":1150096603,"osm_type":"way","kind":"building","label":""},"geometry":{"type":"Polygon","coordinates":[[[34.7628219,50.8658247],[34.7627141,50.8658952],[34.7628206,50.86596],[34.7629283,50.8658895],[34.7628219,50.8658247]]]}},{"type":"Feature","id":"way/1166099636","properties":{"highway":"service","osm_id":1166099636,"osm_type":"way","kind":"road","label":""},"geometry":{"type":"LineString","coordinates":[[34.7745395,50.8694192],[34.77539,50.869662]]}},{"type":"Feature","id":"way/1227190870","properties":{"alt_name":"Санторіні","construction":"residential","landuse":"construction","name":"ЖК «SANTORINI»","name:uk":"ЖК «SANTORINI»","residential":"apartments","osm_id":1227190870,"osm_type":"way","kind":"other","label":"ЖК «SANTORINI»"},"geometry":{"type":"Polygon","coordinates":[[[34.76932,50.872596],[34.77035,50.872028],[34.767609,50.870276],[34.766632,50.870843],[34.76932,50.872596]]]}},{"type":"Feature","id":"way/1274701869","properties":{"building":"house","osm_id":1274701869,"osm_type":"way","kind":"building","label":""},"geometry":{"type":"Polygon","coordinates":[[[34.7727044,50.8704126],[34.772834,50.8705256],[34.7726708,50.8706002],[34.7725411,50.8704871],[34.7727044,50.8704126]]]}},{"type":"Feature","id":"way/1274701870","properties":{"addr:housenumber":"19","addr:street":"Європейська вулиця","building":"yes","osm_id":1274701870,"osm_type":"way","kind":"building","label":""},"geometry":{"type":"Polygon","coordinates":[[[34.774231,50.8708147],[34.7745052,50.8706831],[34.7743973,50.8705936],[34.7741231,50.8707251],[34.774231,50.8708147]]]}},{"type":"Feature","id":"way/1274701871","properties":{"addr:housenumber":"3","addr:street":"Європейська вулиця","building":"house","osm_id":1274701871,"osm_type":"way","kind":"building","label":""},"geometry":{"type":"Polygon","coordinates":[[[34.7717315,50.8718143],[34.7716192,50.8718685],[34.7717161,50.8719484],[34.7718284,50.8718942],[34.7717315,50.8718143]]]}},{"type":"Feature","id":"way/1274701872","properties":{"building":"house","osm_id":1274701872,"osm_type":"way","kind":"building","label":""},"geometry":{"type":"Polygon","coordinates":[[[34.772604,50.8709344],[34.7728168,50.8708414],[34.7729375,50.8709515],[34.7727247,50.8710445],[34.772604,50.8709344]]]}},{"type":"Feature","id":"way/1362006365","properties":{"addr:housenumber":"5","addr:street":"вулиця Максима Сущенка","building":"yes","osm_id":1362006365,"osm_type":"way","kind":"building","label":""},"geometry":{"type":"Polygon","coordinates":[[[34.7697041,50.8699998],[34.7697503,50.8700408],[34.7698709,50.8699867],[34.7698246,50.8699457],[34.7697041,50.8699998]]]}},{"type":"Feature","id":"way/1486339297","properties":{"highway":"path","osm_id":1486339297,"osm_type":"way","kind":"road","label":""},"geometry":{"type":"LineString","coordinates":[[34.7697722,50.8711179],[34.7697113,50.8712185]]}},{"type":"Feature","id":"way/1486339298","properties":{"building":"yes","osm_id":1486339298,"osm_type":"way","kind":"building","label":""},"geometry":{"type":"Polygon","coordinates":[[[34.7741355,50.8702204],[34.7742403,50.8703129],[34.7739307,50.8704527],[34.7738258,50.8703602],[34.7741355,50.8702204]]]}},{"type":"Feature","id":"way/1503331665","properties":{"highway":"service","service":"driveway","osm_id":1503331665,"osm_type":"way","kind":"road","label":""},"geometry":{"type":"LineString","coordinates":[[34.76932,50.8730159],[34.7693127,50.8736231],[34.7698283,50.8742101],[34.7705605,50.8742242],[34.7714657,50.875609]]}},{"type":"Feature","id":"way/1503331666","properties":{"highway":"service","service":"driveway","osm_id":1503331666,"osm_type":"way","kind":"road","label":""},"geometry":{"type":"LineString","coordinates":[[34.7710039,50.8727367],[34.7709426,50.8728285],[34.7706873,50.8729676],[34.7698691,50.8732953]]}},{"type":"Feature","id":"way/1503331668","properties":{"building":"house","osm_id":1503331668,"osm_type":"way","kind":"building","label":""},"geometry":{"type":"Polygon","coordinates":[[[34.7691364,50.8738575],[34.7692105,50.8739415],[34.7693557,50.8738905],[34.7692816,50.8738065],[34.7691364,50.8738575]]]}},{"type":"Feature","id":"way/1503331669","properties":{"building":"house","osm_id":1503331669,"osm_type":"way","kind":"building","label":""},"geometry":{"type":"Polygon","coordinates":[[[34.7689241,50.8736427],[34.76901,50.8737287],[34.7691463,50.8736746],[34.7690603,50.8735885],[34.7689241,50.8736427]]]}},{"type":"Feature","id":"demo-center","properties":{"kind":"center","label":"VQ88+22F","fantasy_icon":"✧"},"geometry":{"type":"Point","coordinates":[34.765046875,50.8650625]}},{"type":"Feature","id":"building-icon/233652338","properties":{"osm_id":"building-icon-233652338","source_osm_id":233652338,"kind":"building_icon","building_icon":"procedural-house-233652338","roof_style":"small","icon_width_z16":3.5124,"icon_height_z16":2.9182,"icon_rotate":64.02,"building_area_m2":6.6,"building_major_m":2.8,"building_minor_m":2.3,"building_aspect":1.2,"building_rectangularity":0.994},"geometry":{"type":"Point","coordinates":[34.77728220575214,50.870824331707176]}},{"type":"Feature","id":"building-icon/238257135","properties":{"osm_id":"building-icon-238257135","source_osm_id":238257135,"kind":"building_icon","building_icon":"procedural-house-238257135","roof_style":"compound","icon_width_z16":118.0053,"icon_height_z16":62.3492,"icon_rotate":16.82,"building_area_m2":1595.5,"building_major_m":94.6,"building_minor_m":50,"building_aspect":1.89,"building_rectangularity":0.337},"geometry":{"type":"Point","coordinates":[34.75576907601272,50.86115366172796]}},{"type":"Feature","id":"building-icon/238257136","properties":{"osm_id":"building-icon-238257136","source_osm_id":238257136,"kind":"building_icon","building_icon":"procedural-house-238257136","roof_style":"manor","icon_width_z16":60.7925,"icon_height_z16":23.8182,"icon_rotate":172.48,"building_area_m2":931,"building_major_m":48.8,"building_minor_m":19.1,"building_aspect":2.55,"building_rectangularity":1},"geometry":{"type":"Point","coordinates":[34.75423802181755,50.860998101795666]}},{"type":"Feature","id":"building-icon/253684928","properties":{"osm_id":"building-icon-253684928","source_osm_id":253684928,"kind":"building_icon","building_icon":"procedural-house-253684928","roof_style":"manor","icon_width_z16":122.496,"icon_height_z16":55.4594,"icon_rotate":172.57,"building_area_m2":3509.7,"building_major_m":98.2,"building_minor_m":44.5,"building_aspect":2.21,"building_rectangularity":0.803},"geometry":{"type":"Point","coordinates":[34.75778056878494,50.86120928964869]}},{"type":"Feature","id":"building-icon/253684929","properties":{"osm_id":"building-icon-253684929","source_osm_id":253684929,"kind":"building_icon","building_icon":"procedural-house-253684929","roof_style":"square","icon_width_z16":20.1186,"icon_height_z16":16.6112,"icon_rotate":83.16,"building_area_m2":214.3,"building_major_m":16.1,"building_minor_m":13.3,"building_aspect":1.21,"building_rectangularity":0.997},"geometry":{"type":"Point","coordinates":[34.7566495,50.86077515]}},{"type":"Feature","id":"building-icon/253684931","properties":{"osm_id":"building-icon-253684931","source_osm_id":253684931,"kind":"building_icon","building_icon":"procedural-house-253684931","roof_style":"manor","icon_width_z16":49.0726,"icon_height_z16":17.3084,"icon_rotate":171.8,"building_area_m2":546.1,"building_major_m":39.4,"building_minor_m":13.9,"building_aspect":2.84,"building_rectangularity":1},"geometry":{"type":"Point","coordinates":[34.7575206,50.8608228]}},{"type":"Feature","id":"building-icon/253684932","properties":{"osm_id":"building-icon-253684932","source_osm_id":253684932,"kind":"building_icon","building_icon":"procedural-house-253684932","roof_style":"manor","icon_width_z16":31.0649,"icon_height_z16":20.1058,"icon_rotate":172.3,"building_area_m2":401.5,"building_major_m":24.9,"building_minor_m":16.1,"building_aspect":1.55,"building_rectangularity":1},"geometry":{"type":"Point","coordinates":[34.75695335,50.86079545]}},{"type":"Feature","id":"building-icon/253684934","properties":{"osm_id":"building-icon-253684934","source_osm_id":253684934,"kind":"building_icon","building_icon":"procedural-house-253684934","roof_style":"manor","icon_width_z16":37.9081,"icon_height_z16":33.2223,"icon_rotate":83.2,"building_area_m2":760.5,"building_major_m":30.4,"building_minor_m":26.6,"building_aspect":1.14,"building_rectangularity":0.939},"geometry":{"type":"Point","coordinates":[34.75301394184372,50.86098259483731]}},{"type":"Feature","id":"building-icon/253684935","properties":{"osm_id":"building-icon-253684935","source_osm_id":253684935,"kind":"building_icon","building_icon":"procedural-house-253684935","roof_style":"manor","icon_width_z16":55.2441,"icon_height_z16":39.2505,"icon_rotate":174.23,"building_area_m2":1339.9,"building_major_m":44.3,"building_minor_m":31.5,"building_aspect":1.41,"building_rectangularity":0.961},"geometry":{"type":"Point","coordinates":[34.752171600676284,50.86093756612974]}},{"type":"Feature","id":"building-icon/253684936","properties":{"osm_id":"building-icon-253684936","source_osm_id":253684936,"kind":"building_icon","building_icon":"procedural-house-253684936","roof_style":"manor","icon_width_z16":39.0208,"icon_height_z16":14.2928,"icon_rotate":173.04,"building_area_m2":358.4,"building_major_m":31.3,"building_minor_m":11.5,"building_aspect":2.73,"building_rectangularity":0.999},"geometry":{"type":"Point","coordinates":[34.75176301356592,50.86241487641726]}},{"type":"Feature","id":"building-icon/449215263","properties":{"osm_id":"building-icon-449215263","source_osm_id":449215263,"kind":"building_icon","building_icon":"procedural-house-449215263","roof_style":"manor","icon_width_z16":41.8806,"icon_height_z16":16.4386,"icon_rotate":177.42,"building_area_m2":442.5,"building_major_m":33.6,"building_minor_m":13.2,"building_aspect":2.55,"building_rectangularity":1},"geometry":{"type":"Point","coordinates":[34.777755616427626,50.86955712390072]}},{"type":"Feature","id":"building-icon/449215267","properties":{"osm_id":"building-icon-449215267","source_osm_id":449215267,"kind":"building_icon","building_icon":"procedural-house-449215267","roof_style":"manor","icon_width_z16":87.1333,"icon_height_z16":45.7114,"icon_rotate":176.29,"building_area_m2":2560.9,"building_major_m":69.9,"building_minor_m":36.7,"building_aspect":1.91,"building_rectangularity":1},"geometry":{"type":"Point","coordinates":[34.7793442749635,50.86971132369065]}},{"type":"Feature","id":"building-icon/454561585","properties":{"osm_id":"building-icon-454561585","source_osm_id":454561585,"kind":"building_icon","building_icon":"procedural-house-454561585","roof_style":"manor","icon_width_z16":32.6879,"icon_height_z16":12.7333,"icon_rotate":115.11,"building_area_m2":267.6,"building_major_m":26.2,"building_minor_m":10.2,"building_aspect":2.57,"building_rectangularity":1},"geometry":{"type":"Point","coordinates":[34.77520555,50.87402275]}},{"type":"Feature","id":"building-icon/454561612","properties":{"osm_id":"building-icon-454561612","source_osm_id":454561612,"kind":"building_icon","building_icon":"procedural-house-454561612","roof_style":"cottage","icon_width_z16":21.6802,"icon_height_z16":15.8006,"icon_rotate":85.17,"building_area_m2":220.2,"building_major_m":17.4,"building_minor_m":12.7,"building_aspect":1.37,"building_rectangularity":1},"geometry":{"type":"Point","coordinates":[34.776697726470765,50.87350439286086]}},{"type":"Feature","id":"building-icon/454561619","properties":{"osm_id":"building-icon-454561619","source_osm_id":454561619,"kind":"building_icon","building_icon":"procedural-house-454561619","roof_style":"manor","icon_width_z16":79.1117,"icon_height_z16":15.6403,"icon_rotate":143.34,"building_area_m2":795.4,"building_major_m":63.4,"building_minor_m":12.5,"building_aspect":5.06,"building_rectangularity":1},"geometry":{"type":"Point","coordinates":[34.77757605,50.87390605]}},{"type":"Feature","id":"building-icon/454561636","properties":{"osm_id":"building-icon-454561636","source_osm_id":454561636,"kind":"building_icon","building_icon":"procedural-house-454561636","roof_style":"manor","icon_width_z16":45.6049,"icon_height_z16":24.0183,"icon_rotate":59.41,"building_area_m2":704.2,"building_major_m":36.6,"building_minor_m":19.3,"building_aspect":1.9,"building_rectangularity":1},"geometry":{"type":"Point","coordinates":[34.7793732,50.8737786]}},{"type":"Feature","id":"building-icon/454561642","properties":{"osm_id":"building-icon-454561642","source_osm_id":454561642,"kind":"building_icon","building_icon":"procedural-house-454561642","roof_style":"manor","icon_width_z16":62.053,"icon_height_z16":25.3556,"icon_rotate":146.43,"building_area_m2":1011.5,"building_major_m":49.8,"building_minor_m":20.3,"building_aspect":2.45,"building_rectangularity":1},"geometry":{"type":"Point","coordinates":[34.77734017078815,50.87184303596615]}},{"type":"Feature","id":"building-icon/454561643","properties":{"osm_id":"building-icon-454561643","source_osm_id":454561643,"kind":"building_icon","building_icon":"procedural-house-454561643","roof_style":"manor","icon_width_z16":30.6777,"icon_height_z16":19.6419,"icon_rotate":67.94,"building_area_m2":387.4,"building_major_m":24.6,"building_minor_m":15.8,"building_aspect":1.56,"building_rectangularity":1},"geometry":{"type":"Point","coordinates":[34.7769754813858,50.87236474341718]}},{"type":"Feature","id":"building-icon/454561644","properties":{"osm_id":"building-icon-454561644","source_osm_id":454561644,"kind":"building_icon","building_icon":"procedural-house-454561644","roof_style":"manor","icon_width_z16":88.8493,"icon_height_z16":44.8685,"icon_rotate":146.99,"building_area_m2":2562.7,"building_major_m":71.2,"building_minor_m":36,"building_aspect":1.98,"building_rectangularity":1},"geometry":{"type":"Point","coordinates":[34.77760514913259,50.87286721431353]}},{"type":"Feature","id":"building-icon/454561645","properties":{"osm_id":"building-icon-454561645","source_osm_id":454561645,"kind":"building_icon","building_icon":"procedural-house-454561645","roof_style":"manor","icon_width_z16":66.1023,"icon_height_z16":29.2843,"icon_rotate":55.57,"building_area_m2":1244.4,"building_major_m":53,"building_minor_m":23.5,"building_aspect":2.26,"building_rectangularity":1},"geometry":{"type":"Point","coordinates":[34.7785423,50.87358175]}},{"type":"Feature","id":"building-icon/454561646","properties":{"osm_id":"building-icon-454561646","source_osm_id":454561646,"kind":"building_icon","building_icon":"procedural-house-454561646","roof_style":"manor","icon_width_z16":112.9448,"icon_height_z16":15.5731,"icon_rotate":56.11,"building_area_m2":1130.8,"building_major_m":90.6,"building_minor_m":12.5,"building_aspect":7.25,"building_rectangularity":1},"geometry":{"type":"Point","coordinates":[34.779178321472884,50.87302115351274]}},{"type":"Feature","id":"building-icon/498646607","properties":{"osm_id":"building-icon-498646607","source_osm_id":498646607,"kind":"building_icon","building_icon":"procedural-house-498646607","roof_style":"manor","icon_width_z16":52.1056,"icon_height_z16":18.3708,"icon_rotate":84.15,"building_area_m2":615.3,"building_major_m":41.8,"building_minor_m":14.7,"building_aspect":2.84,"building_rectangularity":1},"geometry":{"type":"Point","coordinates":[34.754059831909956,50.86211056294664]}},{"type":"Feature","id":"building-icon/581495728","properties":{"osm_id":"building-icon-581495728","source_osm_id":581495728,"kind":"building_icon","building_icon":"procedural-house-581495728","roof_style":"square","icon_width_z16":12.4009,"icon_height_z16":12.2266,"icon_rotate":48.59,"building_area_m2":96.4,"building_major_m":9.9,"building_minor_m":9.8,"building_aspect":1.01,"building_rectangularity":0.989},"geometry":{"type":"Point","coordinates":[34.76602955161234,50.86786823325644]}},{"type":"Feature","id":"building-icon/581495729","properties":{"osm_id":"building-icon-581495729","source_osm_id":581495729,"kind":"building_icon","building_icon":"procedural-house-581495729","roof_style":"square","icon_width_z16":14.6856,"icon_height_z16":11.7661,"icon_rotate":140.21,"building_area_m2":111.1,"building_major_m":11.8,"building_minor_m":9.4,"building_aspect":1.25,"building_rectangularity":1},"geometry":{"type":"Point","coordinates":[34.76631036660136,50.867638799797376]}},{"type":"Feature","id":"building-icon/581495730","properties":{"osm_id":"building-icon-581495730","source_osm_id":581495730,"kind":"building_icon","building_icon":"procedural-house-581495730","roof_style":"cottage","icon_width_z16":16.9632,"icon_height_z16":12.0656,"icon_rotate":42.72,"building_area_m2":131.5,"building_major_m":13.6,"building_minor_m":9.7,"building_aspect":1.41,"building_rectangularity":0.999},"geometry":{"type":"Point","coordinates":[34.76572281620572,50.86776425138853]}},{"type":"Feature","id":"building-icon/581495731","properties":{"osm_id":"building-icon-581495731","source_osm_id":581495731,"kind":"building_icon","building_icon":"procedural-house-581495731","roof_style":"cottage","icon_width_z16":19.1761,"icon_height_z16":13.1828,"icon_rotate":49.45,"building_area_m2":162.4,"building_major_m":15.4,"building_minor_m":10.6,"building_aspect":1.45,"building_rectangularity":0.999},"geometry":{"type":"Point","coordinates":[34.7653953309547,50.86766418092136]}},{"type":"Feature","id":"building-icon/581495732","properties":{"osm_id":"building-icon-581495732","source_osm_id":581495732,"kind":"building_icon","building_icon":"procedural-house-581495732","roof_style":"square","icon_width_z16":12.6388,"icon_height_z16":10.6387,"icon_rotate":45.05,"building_area_m2":86.3,"building_major_m":10.1,"building_minor_m":8.5,"building_aspect":1.19,"building_rectangularity":0.999},"geometry":{"type":"Point","coordinates":[34.76574984771874,50.8673049334573]}},{"type":"Feature","id":"building-icon/581495733","properties":{"osm_id":"building-icon-581495733","source_osm_id":581495733,"kind":"building_icon","building_icon":"procedural-house-581495733","roof_style":"cottage","icon_width_z16":13.9749,"icon_height_z16":10.157,"icon_rotate":134.93,"building_area_m2":91,"building_major_m":11.2,"building_minor_m":8.1,"building_aspect":1.38,"building_rectangularity":0.997},"geometry":{"type":"Point","coordinates":[34.7655105,50.8671496]}},{"type":"Feature","id":"building-icon/581495734","properties":{"osm_id":"building-icon-581495734","source_osm_id":581495734,"kind":"building_icon","building_icon":"procedural-house-581495734","roof_style":"square","icon_width_z16":14.1618,"icon_height_z16":11.3924,"icon_rotate":131.7,"building_area_m2":103.5,"building_major_m":11.4,"building_minor_m":9.1,"building_aspect":1.24,"building_rectangularity":0.998},"geometry":{"type":"Point","coordinates":[34.765121998687434,50.867304216527316]}},{"type":"Feature","id":"building-icon/581495735","properties":{"osm_id":"building-icon-581495735","source_osm_id":581495735,"kind":"building_icon","building_icon":"procedural-house-581495735","roof_style":"square","icon_width_z16":11.8883,"icon_height_z16":11.6893,"icon_rotate":136.38,"building_area_m2":88.6,"building_major_m":9.5,"building_minor_m":9.4,"building_aspect":1.02,"building_rectangularity":0.991},"geometry":{"type":"Point","coordinates":[34.764849500975565,50.86713443332097]}},{"type":"Feature","id":"building-icon/581495736","properties":{"osm_id":"building-icon-581495736","source_osm_id":581495736,"kind":"building_icon","building_icon":"procedural-house-581495736","roof_style":"square","icon_width_z16":12.3809,"icon_height_z16":10.8342,"icon_rotate":137.56,"building_area_m2":86,"building_major_m":9.9,"building_minor_m":8.7,"building_aspect":1.14,"building_rectangularity":0.997},"geometry":{"type":"Point","coordinates":[34.765038916628285,50.86680339978606]}},{"type":"Feature","id":"building-icon/581495737","properties":{"osm_id":"building-icon-581495737","source_osm_id":581495737,"kind":"building_icon","building_icon":"procedural-house-581495737","roof_style":"square","icon_width_z16":11.3234,"icon_height_z16":10.0749,"icon_rotate":43.39,"building_area_m2":73.1,"building_major_m":9.1,"building_minor_m":8.1,"building_aspect":1.12,"building_rectangularity":0.997},"geometry":{"type":"Point","coordinates":[34.7647338023386,50.86667361662467]}},{"type":"Feature","id":"building-icon/581495738","properties":{"osm_id":"building-icon-581495738","source_osm_id":581495738,"kind":"building_icon","building_icon":"procedural-house-581495738","roof_style":"cottage","icon_width_z16":15.6425,"icon_height_z16":11.908,"icon_rotate":132.54,"building_area_m2":119.7,"building_major_m":12.5,"building_minor_m":9.5,"building_aspect":1.31,"building_rectangularity":1},"geometry":{"type":"Point","coordinates":[34.7645371,50.8670233]}},{"type":"Feature","id":"building-icon/581495739","properties":{"osm_id":"building-icon-581495739","source_osm_id":581495739,"kind":"building_icon","building_icon":"procedural-house-581495739","roof_style":"square","icon_width_z16":15.3194,"icon_height_z16":14.8884,"icon_rotate":138.72,"building_area_m2":146.7,"building_major_m":12.3,"building_minor_m":11.9,"building_aspect":1.03,"building_rectangularity":1},"geometry":{"type":"Point","coordinates":[34.76520165,50.8669144]}},{"type":"Feature","id":"building-icon/581495740","properties":{"osm_id":"building-icon-581495740","source_osm_id":581495740,"kind":"building_icon","building_icon":"procedural-house-581495740","roof_style":"square","icon_width_z16":11.0285,"icon_height_z16":10.3811,"icon_rotate":133.54,"building_area_m2":72.6,"building_major_m":8.8,"building_minor_m":8.3,"building_aspect":1.06,"building_rectangularity":0.986},"geometry":{"type":"Point","coordinates":[34.764362999938456,50.86645683333089]}},{"type":"Feature","id":"building-icon/581495741","properties":{"osm_id":"building-icon-581495741","source_osm_id":581495741,"kind":"building_icon","building_icon":"procedural-house-581495741","roof_style":"square","icon_width_z16":11.1544,"icon_height_z16":10.3747,"icon_rotate":138.99,"building_area_m2":73.7,"building_major_m":8.9,"building_minor_m":8.3,"building_aspect":1.08,"building_rectangularity":0.99},"geometry":{"type":"Point","coordinates":[34.764256502662704,50.866362183285624]}},{"type":"Feature","id":"building-icon/581495743","properties":{"osm_id":"building-icon-581495743","source_osm_id":581495743,"kind":"building_icon","building_icon":"procedural-house-581495743","roof_style":"square","icon_width_z16":13.9957,"icon_height_z16":12.0773,"icon_rotate":42.19,"building_area_m2":108.4,"building_major_m":11.2,"building_minor_m":9.7,"building_aspect":1.16,"building_rectangularity":0.997},"geometry":{"type":"Point","coordinates":[34.76370405,50.8664365]}},{"type":"Feature","id":"building-icon/581495744","properties":{"osm_id":"building-icon-581495744","source_osm_id":581495744,"kind":"building_icon","building_icon":"procedural-house-581495744","roof_style":"cottage","icon_width_z16":13.1279,"icon_height_z16":8.9757,"icon_rotate":44.26,"building_area_m2":75.8,"building_major_m":10.5,"building_minor_m":7.2,"building_aspect":1.46,"building_rectangularity":1},"geometry":{"type":"Point","coordinates":[34.7633743,50.86621165]}},{"type":"Feature","id":"building-icon/581495746","properties":{"osm_id":"building-icon-581495746","source_osm_id":581495746,"kind":"building_icon","building_icon":"procedural-house-581495746","roof_style":"square","icon_width_z16":12.3656,"icon_height_z16":11.6288,"icon_rotate":139.51,"building_area_m2":92.1,"building_major_m":9.9,"building_minor_m":9.3,"building_aspect":1.06,"building_rectangularity":0.996},"geometry":{"type":"Point","coordinates":[34.763040849999996,50.86600455]}},{"type":"Feature","id":"building-icon/581495749","properties":{"osm_id":"building-icon-581495749","source_osm_id":581495749,"kind":"building_icon","building_icon":"procedural-house-581495749","roof_style":"cottage","icon_width_z16":13.4883,"icon_height_z16":10.6361,"icon_rotate":41.44,"building_area_m2":92.2,"building_major_m":10.8,"building_minor_m":8.5,"building_aspect":1.27,"building_rectangularity":0.999},"geometry":{"type":"Point","coordinates":[34.76383336649594,50.86608435059365]}},{"type":"Feature","id":"building-icon/581495752","properties":{"osm_id":"building-icon-581495752","source_osm_id":581495752,"kind":"building_icon","building_icon":"procedural-house-581495752","roof_style":"square","icon_width_z16":12.1328,"icon_height_z16":11.0608,"icon_rotate":141.97,"building_area_m2":86.1,"building_major_m":9.7,"building_minor_m":8.9,"building_aspect":1.1,"building_rectangularity":0.998},"geometry":{"type":"Point","coordinates":[34.76301344560608,50.86559076687377]}},{"type":"Feature","id":"building-icon/581495755","properties":{"osm_id":"building-icon-581495755","source_osm_id":581495755,"kind":"building_icon","building_icon":"procedural-house-581495755","roof_style":"square","icon_width_z16":16.7121,"icon_height_z16":16.15,"icon_rotate":136.84,"building_area_m2":173.1,"building_major_m":13.4,"building_minor_m":13,"building_aspect":1.03,"building_rectangularity":0.997},"geometry":{"type":"Point","coordinates":[34.76323765126663,50.86570068332234]}},{"type":"Feature","id":"building-icon/581495757","properties":{"osm_id":"building-icon-581495757","source_osm_id":581495757,"kind":"building_icon","building_icon":"procedural-house-581495757","roof_style":"cottage","icon_width_z16":22.9631,"icon_height_z16":12.665,"icon_rotate":42.53,"building_area_m2":186.9,"building_major_m":18.4,"building_minor_m":10.2,"building_aspect":1.81,"building_rectangularity":0.999},"geometry":{"type":"Point","coordinates":[34.76281874031721,50.865484884815565]}},{"type":"Feature","id":"building-icon/581495760","properties":{"osm_id":"building-icon-581495760","source_osm_id":581495760,"kind":"building_icon","building_icon":"procedural-house-581495760","roof_style":"square","icon_width_z16":14.4828,"icon_height_z16":11.8336,"icon_rotate":47.06,"building_area_m2":109.9,"building_major_m":11.6,"building_minor_m":9.5,"building_aspect":1.22,"building_rectangularity":0.997},"geometry":{"type":"Point","coordinates":[34.7627361,50.86539315]}},{"type":"Feature","id":"building-icon/581495763","properties":{"osm_id":"building-icon-581495763","source_osm_id":581495763,"kind":"building_icon","building_icon":"procedural-house-581495763","roof_style":"square","icon_width_z16":11.9658,"icon_height_z16":11.7882,"icon_rotate":44.19,"building_area_m2":88.2,"building_major_m":9.6,"building_minor_m":9.5,"building_aspect":1.02,"building_rectangularity":0.973},"geometry":{"type":"Point","coordinates":[34.76249296666574,50.865158850079325]}},{"type":"Feature","id":"building-icon/581495766","properties":{"osm_id":"building-icon-581495766","source_osm_id":581495766,"kind":"building_icon","building_icon":"procedural-house-581495766","roof_style":"square","icon_width_z16":15.5131,"icon_height_z16":14.507,"icon_rotate":42.85,"building_area_m2":143.9,"building_major_m":12.4,"building_minor_m":11.6,"building_aspect":1.07,"building_rectangularity":0.995},"geometry":{"type":"Point","coordinates":[34.762391916668165,50.864938399986215]}},{"type":"Feature","id":"building-icon/581495767","properties":{"osm_id":"building-icon-581495767","source_osm_id":581495767,"kind":"building_icon","building_icon":"procedural-house-581495767","roof_style":"cottage","icon_width_z16":14.9372,"icon_height_z16":11.3696,"icon_rotate":132.29,"building_area_m2":109.2,"building_major_m":12,"building_minor_m":9.1,"building_aspect":1.31,"building_rectangularity":1},"geometry":{"type":"Point","coordinates":[34.76212755,50.86508865]}},{"type":"Feature","id":"building-icon/581495769","properties":{"osm_id":"building-icon-581495769","source_osm_id":581495769,"kind":"building_icon","building_icon":"procedural-house-581495769","roof_style":"square","icon_width_z16":13.9996,"icon_height_z16":12.941,"icon_rotate":132.33,"building_area_m2":116.3,"building_major_m":11.2,"building_minor_m":10.4,"building_aspect":1.08,"building_rectangularity":0.998},"geometry":{"type":"Point","coordinates":[34.7624417997815,50.86571288332133]}},{"type":"Feature","id":"building-icon/581495770","properties":{"osm_id":"building-icon-581495770","source_osm_id":581495770,"kind":"building_icon","building_icon":"procedural-house-581495770","roof_style":"square","icon_width_z16":12.3238,"icon_height_z16":11.3038,"icon_rotate":42.17,"building_area_m2":89.2,"building_major_m":9.9,"building_minor_m":9.1,"building_aspect":1.09,"building_rectangularity":0.996},"geometry":{"type":"Point","coordinates":[34.76236973332705,50.865587350043725]}},{"type":"Feature","id":"building-icon/581495772","properties":{"osm_id":"building-icon-581495772","source_osm_id":581495772,"kind":"building_icon","building_icon":"procedural-house-581495772","roof_style":"small","icon_width_z16":9.863,"icon_height_z16":9.5414,"icon_rotate":49.07,"building_area_m2":60.1,"building_major_m":7.9,"building_minor_m":7.7,"building_aspect":1.03,"building_rectangularity":0.992},"geometry":{"type":"Point","coordinates":[34.76217098170979,50.865425965795446]}},{"type":"Feature","id":"building-icon/581495774","properties":{"osm_id":"building-icon-581495774","source_osm_id":581495774,"kind":"building_icon","building_icon":"procedural-house-581495774","roof_style":"cottage","icon_width_z16":18.6681,"icon_height_z16":11.7453,"icon_rotate":42.3,"building_area_m2":140.8,"building_major_m":15,"building_minor_m":9.4,"building_aspect":1.59,"building_rectangularity":0.999},"geometry":{"type":"Point","coordinates":[34.76244041579807,50.86667480196882]}},{"type":"Feature","id":"building-icon/657649218","properties":{"osm_id":"building-icon-657649218","source_osm_id":657649218,"kind":"building_icon","building_icon":"procedural-house-657649218","roof_style":"square","icon_width_z16":13.1354,"icon_height_z16":11.7981,"icon_rotate":45.81,"building_area_m2":99.5,"building_major_m":10.5,"building_minor_m":9.5,"building_aspect":1.11,"building_rectangularity":0.998},"geometry":{"type":"Point","coordinates":[34.76233674893413,50.86522528337843]}},{"type":"Feature","id":"building-icon/657649219","properties":{"osm_id":"building-icon-657649219","source_osm_id":657649219,"kind":"building_icon","building_icon":"procedural-house-657649219","roof_style":"square","icon_width_z16":13.3181,"icon_height_z16":10.6561,"icon_rotate":135.76,"building_area_m2":91.2,"building_major_m":10.7,"building_minor_m":8.5,"building_aspect":1.25,"building_rectangularity":0.999},"geometry":{"type":"Point","coordinates":[34.762591549999996,50.865854150000004]}},{"type":"Feature","id":"building-icon/657649220","properties":{"osm_id":"building-icon-657649220","source_osm_id":657649220,"kind":"building_icon","building_icon":"procedural-house-657649220","roof_style":"square","icon_width_z16":12.3379,"icon_height_z16":11.323,"icon_rotate":135.66,"building_area_m2":89.4,"building_major_m":9.9,"building_minor_m":9.1,"building_aspect":1.09,"building_rectangularity":0.996},"geometry":{"type":"Point","coordinates":[34.76339219850002,50.86582791663912]}},{"type":"Feature","id":"building-icon/657649221","properties":{"osm_id":"building-icon-657649221","source_osm_id":657649221,"kind":"building_icon","building_icon":"procedural-house-657649221","roof_style":"cottage","icon_width_z16":22.3145,"icon_height_z16":15.4888,"icon_rotate":45.78,"building_area_m2":222.2,"building_major_m":17.9,"building_minor_m":12.4,"building_aspect":1.44,"building_rectangularity":1},"geometry":{"type":"Point","coordinates":[34.764085550000004,50.8662046]}},{"type":"Feature","id":"building-icon/657649222","properties":{"osm_id":"building-icon-657649222","source_osm_id":657649222,"kind":"building_icon","building_icon":"procedural-house-657649222","roof_style":"square","icon_width_z16":13.16,"icon_height_z16":11.5018,"icon_rotate":135.69,"building_area_m2":97,"building_major_m":10.6,"building_minor_m":9.2,"building_aspect":1.14,"building_rectangularity":0.996},"geometry":{"type":"Point","coordinates":[34.76402251659418,50.86662104943586]}},{"type":"Feature","id":"building-icon/657649223","properties":{"osm_id":"building-icon-657649223","source_osm_id":657649223,"kind":"building_icon","building_icon":"procedural-house-657649223","roof_style":"cottage","icon_width_z16":14.6599,"icon_height_z16":10.3447,"icon_rotate":135.76,"building_area_m2":97.4,"building_major_m":11.8,"building_minor_m":8.3,"building_aspect":1.42,"building_rectangularity":0.999},"geometry":{"type":"Point","coordinates":[34.764269266158436,50.86682329828336]}},{"type":"Feature","id":"building-icon/657649224","properties":{"osm_id":"building-icon-657649224","source_osm_id":657649224,"kind":"building_icon","building_icon":"procedural-house-657649224","roof_style":"cottage","icon_width_z16":16.437,"icon_height_z16":10.4183,"icon_rotate":45.75,"building_area_m2":110,"building_major_m":13.2,"building_minor_m":8.4,"building_aspect":1.58,"building_rectangularity":0.999},"geometry":{"type":"Point","coordinates":[34.7643779,50.86693845]}},{"type":"Feature","id":"building-icon/657649225","properties":{"osm_id":"building-icon-657649225","source_osm_id":657649225,"kind":"building_icon","building_icon":"procedural-house-657649225","roof_style":"compound","icon_width_z16":17.1473,"icon_height_z16":17.1363,"icon_rotate":178.91,"building_area_m2":94.6,"building_major_m":13.8,"building_minor_m":13.7,"building_aspect":1,"building_rectangularity":0.501},"geometry":{"type":"Point","coordinates":[34.76452008333017,50.86653554985532]}},{"type":"Feature","id":"building-icon/657649226","properties":{"osm_id":"building-icon-657649226","source_osm_id":657649226,"kind":"building_icon","building_icon":"procedural-house-657649226","roof_style":"cottage","icon_width_z16":13.3369,"icon_height_z16":9.6572,"icon_rotate":135.8,"building_area_m2":82.8,"building_major_m":10.7,"building_minor_m":7.7,"building_aspect":1.38,"building_rectangularity":0.999},"geometry":{"type":"Point","coordinates":[34.76551382905268,50.86672511780599]}},{"type":"Feature","id":"building-icon/657649227","properties":{"osm_id":"building-icon-657649227","source_osm_id":657649227,"kind":"building_icon","building_icon":"procedural-house-657649227","roof_style":"long","icon_width_z16":18.8837,"icon_height_z16":7.5593,"icon_rotate":45.77,"building_area_m2":91.7,"building_major_m":15.1,"building_minor_m":6.1,"building_aspect":2.5,"building_rectangularity":0.999},"geometry":{"type":"Point","coordinates":[34.76541596333957,50.86695451292454]}},{"type":"Feature","id":"building-icon/657649228","properties":{"osm_id":"building-icon-657649228","source_osm_id":657649228,"kind":"building_icon","building_icon":"procedural-house-657649228","roof_style":"cottage","icon_width_z16":14.2744,"icon_height_z16":10.611,"icon_rotate":45.79,"building_area_m2":97.4,"building_major_m":11.4,"building_minor_m":8.5,"building_aspect":1.35,"building_rectangularity":1},"geometry":{"type":"Point","coordinates":[34.7656211,50.867233]}},{"type":"Feature","id":"building-icon/657649229","properties":{"osm_id":"building-icon-657649229","source_osm_id":657649229,"kind":"building_icon","building_icon":"procedural-house-657649229","roof_style":"cottage","icon_width_z16":14.4943,"icon_height_z16":10.8373,"icon_rotate":135.71,"building_area_m2":100.8,"building_major_m":11.6,"building_minor_m":8.7,"building_aspect":1.34,"building_rectangularity":0.998},"geometry":{"type":"Point","coordinates":[34.7671607,50.86816825]}},{"type":"Feature","id":"building-icon/657649230","properties":{"osm_id":"building-icon-657649230","source_osm_id":657649230,"kind":"building_icon","building_icon":"procedural-house-657649230","roof_style":"compound","icon_width_z16":16.2799,"icon_height_z16":15.337,"icon_rotate":22.25,"building_area_m2":92.3,"building_major_m":13.1,"building_minor_m":12.3,"building_aspect":1.06,"building_rectangularity":0.575},"geometry":{"type":"Point","coordinates":[34.76698976487299,50.868079955955544]}},{"type":"Feature","id":"building-icon/657649231","properties":{"osm_id":"building-icon-657649231","source_osm_id":657649231,"kind":"building_icon","building_icon":"procedural-house-657649231","roof_style":"compound","icon_width_z16":17.1096,"icon_height_z16":15.6542,"icon_rotate":148.91,"building_area_m2":119,"building_major_m":13.7,"building_minor_m":12.6,"building_aspect":1.09,"building_rectangularity":0.691},"geometry":{"type":"Point","coordinates":[34.76690724897439,50.868000681973534]}},{"type":"Feature","id":"building-icon/657649233","properties":{"osm_id":"building-icon-657649233","source_osm_id":657649233,"kind":"building_icon","building_icon":"procedural-house-657649233","roof_style":"square","icon_width_z16":14.4771,"icon_height_z16":11.8423,"icon_rotate":135.83,"building_area_m2":110,"building_major_m":11.6,"building_minor_m":9.5,"building_aspect":1.22,"building_rectangularity":0.998},"geometry":{"type":"Point","coordinates":[34.7666819469659,50.86789146650104]}},{"type":"Feature","id":"building-icon/657649235","properties":{"osm_id":"building-icon-657649235","source_osm_id":657649235,"kind":"building_icon","building_icon":"procedural-house-657649235","roof_style":"square","icon_width_z16":15.8707,"icon_height_z16":15.1219,"icon_rotate":45.59,"building_area_m2":153.4,"building_major_m":12.7,"building_minor_m":12.1,"building_aspect":1.05,"building_rectangularity":0.994},"geometry":{"type":"Point","coordinates":[34.76610524971399,50.8674953833401]}},{"type":"Feature","id":"building-icon/657649236","properties":{"osm_id":"building-icon-657649236","source_osm_id":657649236,"kind":"building_icon","building_icon":"procedural-house-657649236","roof_style":"square","icon_width_z16":17.7618,"icon_height_z16":15.8866,"icon_rotate":135.89,"building_area_m2":180.8,"building_major_m":14.2,"building_minor_m":12.7,"building_aspect":1.12,"building_rectangularity":0.996},"geometry":{"type":"Point","coordinates":[34.76591753154333,50.86738026706148]}},{"type":"Feature","id":"building-icon/657649238","properties":{"osm_id":"building-icon-657649238","source_osm_id":657649238,"kind":"building_icon","building_icon":"procedural-house-657649238","roof_style":"square","icon_width_z16":11.8064,"icon_height_z16":11.4918,"icon_rotate":45.69,"building_area_m2":87,"building_major_m":9.5,"building_minor_m":9.2,"building_aspect":1.03,"building_rectangularity":0.997},"geometry":{"type":"Point","coordinates":[34.76528316666667,50.86742683361748]}},{"type":"Feature","id":"building-icon/657649239","properties":{"osm_id":"building-icon-657649239","source_osm_id":657649239,"kind":"building_icon","building_icon":"procedural-house-657649239","roof_style":"cottage","icon_width_z16":16.9474,"icon_height_z16":12.6922,"icon_rotate":135.8,"building_area_m2":138.2,"building_major_m":13.6,"building_minor_m":10.2,"building_aspect":1.34,"building_rectangularity":0.999},"geometry":{"type":"Point","coordinates":[34.7655219,50.8675529]}},{"type":"Feature","id":"building-icon/657649240","properties":{"osm_id":"building-icon-657649240","source_osm_id":657649240,"kind":"building_icon","building_icon":"procedural-house-657649240","roof_style":"square","icon_width_z16":12.8008,"icon_height_z16":11.4728,"icon_rotate":45.83,"building_area_m2":94.2,"building_major_m":10.3,"building_minor_m":9.2,"building_aspect":1.12,"building_rectangularity":0.998},"geometry":{"type":"Point","coordinates":[34.76565465,50.8676494]}},{"type":"Feature","id":"building-icon/657649241","properties":{"osm_id":"building-icon-657649241","source_osm_id":657649241,"kind":"building_icon","building_icon":"procedural-house-657649241","roof_style":"square","icon_width_z16":12.1647,"icon_height_z16":10.8127,"icon_rotate":135.83,"building_area_m2":84.4,"building_major_m":9.8,"building_minor_m":8.7,"building_aspect":1.13,"building_rectangularity":0.998},"geometry":{"type":"Point","coordinates":[34.76616160191839,50.86796428338817]}},{"type":"Feature","id":"building-icon/657649242","properties":{"osm_id":"building-icon-657649242","source_osm_id":657649242,"kind":"building_icon","building_icon":"procedural-house-657649242","roof_style":"square","icon_width_z16":14.9596,"icon_height_z16":12.6656,"icon_rotate":135.76,"building_area_m2":121.8,"building_major_m":12,"building_minor_m":10.2,"building_aspect":1.18,"building_rectangularity":0.999},"geometry":{"type":"Point","coordinates":[34.76654915256768,50.86818773344612]}},{"type":"Feature","id":"building-icon/657649243","properties":{"osm_id":"building-icon-657649243","source_osm_id":657649243,"kind":"building_icon","building_icon":"procedural-house-657649243","roof_style":"square","icon_width_z16":13.8189,"icon_height_z16":12.505,"icon_rotate":135.87,"building_area_m2":110.7,"building_major_m":11.1,"building_minor_m":10,"building_aspect":1.11,"building_rectangularity":0.996},"geometry":{"type":"Point","coordinates":[34.7663681,50.868064149999995]}},{"type":"Feature","id":"building-icon/657649244","properties":{"osm_id":"building-icon-657649244","source_osm_id":657649244,"kind":"building_icon","building_icon":"procedural-house-657649244","roof_style":"cottage","icon_width_z16":15.9586,"icon_height_z16":12.3537,"icon_rotate":135.79,"building_area_m2":126.7,"building_major_m":12.8,"building_minor_m":9.9,"building_aspect":1.29,"building_rectangularity":0.999},"geometry":{"type":"Point","coordinates":[34.76681470379023,50.86835023360501]}},{"type":"Feature","id":"building-icon/657649245","properties":{"osm_id":"building-icon-657649245","source_osm_id":657649245,"kind":"building_icon","building_icon":"procedural-house-657649245","roof_style":"long","icon_width_z16":14.0509,"icon_height_z16":6.0054,"icon_rotate":135.77,"building_area_m2":54.3,"building_major_m":11.3,"building_minor_m":4.8,"building_aspect":2.34,"building_rectangularity":1},"geometry":{"type":"Point","coordinates":[34.76722375,50.868875800000005]}},{"type":"Feature","id":"building-icon/657649246","properties":{"osm_id":"building-icon-657649246","source_osm_id":657649246,"kind":"building_icon","building_icon":"procedural-house-657649246","roof_style":"square","icon_width_z16":14.7864,"icon_height_z16":12.4981,"icon_rotate":135.76,"building_area_m2":118.8,"building_major_m":11.9,"building_minor_m":10,"building_aspect":1.18,"building_rectangularity":1},"geometry":{"type":"Point","coordinates":[34.766938100000004,50.868715]}},{"type":"Feature","id":"building-icon/657649247","properties":{"osm_id":"building-icon-657649247","source_osm_id":657649247,"kind":"building_icon","building_icon":"procedural-house-657649247","roof_style":"square","icon_width_z16":12.6868,"icon_height_z16":12.3515,"icon_rotate":46.02,"building_area_m2":99.9,"building_major_m":10.2,"building_minor_m":9.9,"building_aspect":1.03,"building_rectangularity":0.991},"geometry":{"type":"Point","coordinates":[34.76704266666667,50.86849240028178]}},{"type":"Feature","id":"building-icon/657649248","properties":{"osm_id":"building-icon-657649248","source_osm_id":657649248,"kind":"building_icon","building_icon":"procedural-house-657649248","roof_style":"cottage","icon_width_z16":13.7604,"icon_height_z16":9.7927,"icon_rotate":45.76,"building_area_m2":86.6,"building_major_m":11,"building_minor_m":7.9,"building_aspect":1.41,"building_rectangularity":0.999},"geometry":{"type":"Point","coordinates":[34.7672478838173,50.86868029802804]}},{"type":"Feature","id":"building-icon/657649249","properties":{"osm_id":"building-icon-657649249","source_osm_id":657649249,"kind":"building_icon","building_icon":"procedural-house-657649249","roof_style":"square","icon_width_z16":13.8321,"icon_height_z16":12.8618,"icon_rotate":135.59,"building_area_m2":113.7,"building_major_m":11.1,"building_minor_m":10.3,"building_aspect":1.08,"building_rectangularity":0.994},"geometry":{"type":"Point","coordinates":[34.76749061664765,50.86884534975919]}},{"type":"Feature","id":"building-icon/657649251","properties":{"osm_id":"building-icon-657649251","source_osm_id":657649251,"kind":"building_icon","building_icon":"procedural-house-657649251","roof_style":"square","icon_width_z16":14.6132,"icon_height_z16":13.6865,"icon_rotate":133.38,"building_area_m2":127.6,"building_major_m":11.7,"building_minor_m":11,"building_aspect":1.07,"building_rectangularity":0.992},"geometry":{"type":"Point","coordinates":[34.76776248356176,50.867798233943105]}},{"type":"Feature","id":"building-icon/657649252","properties":{"osm_id":"building-icon-657649252","source_osm_id":657649252,"kind":"building_icon","building_icon":"procedural-house-657649252","roof_style":"square","icon_width_z16":15.0352,"icon_height_z16":14.6098,"icon_rotate":48.99,"building_area_m2":140.5,"building_major_m":12.1,"building_minor_m":11.7,"building_aspect":1.03,"building_rectangularity":0.994},"geometry":{"type":"Point","coordinates":[34.769217083262575,50.86653739914857]}},{"type":"Feature","id":"building-icon/657649253","properties":{"osm_id":"building-icon-657649253","source_osm_id":657649253,"kind":"building_icon","building_icon":"procedural-house-657649253","roof_style":"square","icon_width_z16":13.7207,"icon_height_z16":12.1932,"icon_rotate":50.68,"building_area_m2":107.2,"building_major_m":11,"building_minor_m":9.8,"building_aspect":1.13,"building_rectangularity":0.996},"geometry":{"type":"Point","coordinates":[34.76905296676642,50.86692565164466]}},{"type":"Feature","id":"building-icon/657649254","properties":{"osm_id":"building-icon-657649254","source_osm_id":657649254,"kind":"building_icon","building_icon":"procedural-house-657649254","roof_style":"cottage","icon_width_z16":14.99,"icon_height_z16":11.366,"icon_rotate":138.79,"building_area_m2":109.5,"building_major_m":12,"building_minor_m":9.1,"building_aspect":1.32,"building_rectangularity":0.999},"geometry":{"type":"Point","coordinates":[34.76862275,50.866697550000005]}},{"type":"Feature","id":"building-icon/657649255","properties":{"osm_id":"building-icon-657649255","source_osm_id":657649255,"kind":"building_icon","building_icon":"procedural-house-657649255","roof_style":"manor","icon_width_z16":21.4418,"icon_height_z16":18.8492,"icon_rotate":52.14,"building_area_m2":259.6,"building_major_m":17.2,"building_minor_m":15.1,"building_aspect":1.14,"building_rectangularity":0.999},"geometry":{"type":"Point","coordinates":[34.76884684843409,50.86679301685513]}},{"type":"Feature","id":"building-icon/657649256","properties":{"osm_id":"building-icon-657649256","source_osm_id":657649256,"kind":"building_icon","building_icon":"procedural-house-657649256","roof_style":"square","icon_width_z16":14.3713,"icon_height_z16":13.1707,"icon_rotate":140.22,"building_area_m2":121.3,"building_major_m":11.5,"building_minor_m":10.6,"building_aspect":1.09,"building_rectangularity":0.996},"geometry":{"type":"Point","coordinates":[34.7693511,50.86667185]}},{"type":"Feature","id":"building-icon/657649257","properties":{"osm_id":"building-icon-657649257","source_osm_id":657649257,"kind":"building_icon","building_icon":"procedural-house-657649257","roof_style":"manor","icon_width_z16":31.2649,"icon_height_z16":15.7304,"icon_rotate":44.6,"building_area_m2":238.3,"building_major_m":25.1,"building_minor_m":12.6,"building_aspect":1.99,"building_rectangularity":0.754},"geometry":{"type":"Point","coordinates":[34.76930086632245,50.866970156200104]}},{"type":"Feature","id":"building-icon/657649258","properties":{"osm_id":"building-icon-657649258","source_osm_id":657649258,"kind":"building_icon","building_icon":"procedural-house-657649258","roof_style":"square","icon_width_z16":15.6258,"icon_height_z16":13.0885,"icon_rotate":136.19,"building_area_m2":131.4,"building_major_m":12.5,"building_minor_m":10.5,"building_aspect":1.19,"building_rectangularity":0.999},"geometry":{"type":"Point","coordinates":[34.76974300292302,50.866707533456804]}},{"type":"Feature","id":"building-icon/657649259","properties":{"osm_id":"building-icon-657649259","source_osm_id":657649259,"kind":"building_icon","building_icon":"procedural-house-657649259","roof_style":"manor","icon_width_z16":39.9073,"icon_height_z16":12.1847,"icon_rotate":136.91,"building_area_m2":312.7,"building_major_m":32,"building_minor_m":9.8,"building_aspect":3.28,"building_rectangularity":1},"geometry":{"type":"Point","coordinates":[34.7699,50.867274349999995]}},{"type":"Feature","id":"building-icon/657649260","properties":{"osm_id":"building-icon-657649260","source_osm_id":657649260,"kind":"building_icon","building_icon":"procedural-house-657649260","roof_style":"cottage","icon_width_z16":22.7362,"icon_height_z16":12.0535,"icon_rotate":129.09,"building_area_m2":176,"building_major_m":18.2,"building_minor_m":9.7,"building_aspect":1.89,"building_rectangularity":0.999},"geometry":{"type":"Point","coordinates":[34.7702925,50.867014899999994]}},{"type":"Feature","id":"building-icon/657649261","properties":{"osm_id":"building-icon-657649261","source_osm_id":657649261,"kind":"building_icon","building_icon":"procedural-house-657649261","roof_style":"manor","icon_width_z16":34.2707,"icon_height_z16":15.856,"icon_rotate":36.63,"building_area_m2":349.3,"building_major_m":27.5,"building_minor_m":12.7,"building_aspect":2.16,"building_rectangularity":1},"geometry":{"type":"Point","coordinates":[34.77119376926396,50.86652213299097]}},{"type":"Feature","id":"building-icon/657649262","properties":{"osm_id":"building-icon-657649262","source_osm_id":657649262,"kind":"building_icon","building_icon":"procedural-house-657649262","roof_style":"manor","icon_width_z16":32.5899,"icon_height_z16":14.9168,"icon_rotate":128.86,"building_area_m2":312.5,"building_major_m":26.1,"building_minor_m":12,"building_aspect":2.18,"building_rectangularity":1},"geometry":{"type":"Point","coordinates":[34.770748935759286,50.86680030602156]}},{"type":"Feature","id":"building-icon/657649263","properties":{"osm_id":"building-icon-657649263","source_osm_id":657649263,"kind":"building_icon","building_icon":"procedural-house-657649263","roof_style":"long","icon_width_z16":16.3337,"icon_height_z16":6.9273,"icon_rotate":145.01,"building_area_m2":72.7,"building_major_m":13.1,"building_minor_m":5.6,"building_aspect":2.36,"building_rectangularity":0.999},"geometry":{"type":"Point","coordinates":[34.77633386684419,50.86844076669052]}},{"type":"Feature","id":"building-icon/657649264","properties":{"osm_id":"building-icon-657649264","source_osm_id":657649264,"kind":"building_icon","building_icon":"procedural-house-657649264","roof_style":"long","icon_width_z16":17.7508,"icon_height_z16":6.5074,"icon_rotate":145,"building_area_m2":74.2,"building_major_m":14.2,"building_minor_m":5.2,"building_aspect":2.73,"building_rectangularity":0.999},"geometry":{"type":"Point","coordinates":[34.7753897597322,50.86810224056256]}},{"type":"Feature","id":"building-icon/657649265","properties":{"osm_id":"building-icon-657649265","source_osm_id":657649265,"kind":"building_icon","building_icon":"procedural-house-657649265","roof_style":"cottage","icon_width_z16":13.4043,"icon_height_z16":7.2542,"icon_rotate":144.99,"building_area_m2":62.5,"building_major_m":10.7,"building_minor_m":5.8,"building_aspect":1.85,"building_rectangularity":1},"geometry":{"type":"Point","coordinates":[34.7756673,50.868180100000004]}},{"type":"Feature","id":"building-icon/657649266","properties":{"osm_id":"building-icon-657649266","source_osm_id":657649266,"kind":"building_icon","building_icon":"procedural-house-657649266","roof_style":"small","icon_width_z16":10.9303,"icon_height_z16":6.9887,"icon_rotate":144.92,"building_area_m2":49.1,"building_major_m":8.8,"building_minor_m":5.6,"building_aspect":1.56,"building_rectangularity":0.999},"geometry":{"type":"Point","coordinates":[34.77590608363253,50.86828420045916]}},{"type":"Feature","id":"building-icon/657649267","properties":{"osm_id":"building-icon-657649267","source_osm_id":657649267,"kind":"building_icon","building_icon":"procedural-house-657649267","roof_style":"long","icon_width_z16":19.3154,"icon_height_z16":6.2728,"icon_rotate":145,"building_area_m2":77.9,"building_major_m":15.5,"building_minor_m":5,"building_aspect":3.08,"building_rectangularity":0.999},"geometry":{"type":"Point","coordinates":[34.77612198833075,50.86835530418421]}},{"type":"Feature","id":"building-icon/657649268","properties":{"osm_id":"building-icon-657649268","source_osm_id":657649268,"kind":"building_icon","building_icon":"procedural-house-657649268","roof_style":"cottage","icon_width_z16":15.4067,"icon_height_z16":12.1647,"icon_rotate":144.99,"building_area_m2":120.4,"building_major_m":12.4,"building_minor_m":9.8,"building_aspect":1.27,"building_rectangularity":0.999},"geometry":{"type":"Point","coordinates":[34.772726292207146,50.86704591694897]}},{"type":"Feature","id":"building-icon/657649269","properties":{"osm_id":"building-icon-657649269","source_osm_id":657649269,"kind":"building_icon","building_icon":"procedural-house-657649269","roof_style":"cottage","icon_width_z16":19.8131,"icon_height_z16":11.0854,"icon_rotate":144.98,"building_area_m2":141.2,"building_major_m":15.9,"building_minor_m":8.9,"building_aspect":1.79,"building_rectangularity":1},"geometry":{"type":"Point","coordinates":[34.7731769,50.86716185]}},{"type":"Feature","id":"building-icon/657649270","properties":{"osm_id":"building-icon-657649270","source_osm_id":657649270,"kind":"building_icon","building_icon":"procedural-house-657649270","roof_style":"square","icon_width_z16":17.818,"icon_height_z16":14.787,"icon_rotate":145.02,"building_area_m2":169.3,"building_major_m":14.3,"building_minor_m":11.9,"building_aspect":1.2,"building_rectangularity":0.999},"geometry":{"type":"Point","coordinates":[34.77354975,50.8672245]}},{"type":"Feature","id":"building-icon/657649271","properties":{"osm_id":"building-icon-657649271","source_osm_id":657649271,"kind":"building_icon","building_icon":"procedural-house-657649271","roof_style":"square","icon_width_z16":14.1196,"icon_height_z16":12.7845,"icon_rotate":145.03,"building_area_m2":116,"building_major_m":11.3,"building_minor_m":10.3,"building_aspect":1.1,"building_rectangularity":0.999},"geometry":{"type":"Point","coordinates":[34.773673117130905,50.86744795128507]}},{"type":"Feature","id":"building-icon/657649272","properties":{"osm_id":"building-icon-657649272","source_osm_id":657649272,"kind":"building_icon","building_icon":"procedural-house-657649272","roof_style":"cottage","icon_width_z16":16.0632,"icon_height_z16":9.4088,"icon_rotate":144.97,"building_area_m2":97.1,"building_major_m":12.9,"building_minor_m":7.5,"building_aspect":1.71,"building_rectangularity":1},"geometry":{"type":"Point","coordinates":[34.774009750000005,50.867447150000004]}},{"type":"Feature","id":"building-icon/657649274","properties":{"osm_id":"building-icon-657649274","source_osm_id":657649274,"kind":"building_icon","building_icon":"procedural-house-657649274","roof_style":"square","icon_width_z16":13.3671,"icon_height_z16":11.3034,"icon_rotate":144.96,"building_area_m2":97.1,"building_major_m":10.7,"building_minor_m":9.1,"building_aspect":1.18,"building_rectangularity":0.999},"geometry":{"type":"Point","coordinates":[34.7739292567966,50.867560532943784]}},{"type":"Feature","id":"building-icon/657649276","properties":{"osm_id":"building-icon-657649276","source_osm_id":657649276,"kind":"building_icon","building_icon":"procedural-house-657649276","roof_style":"square","icon_width_z16":13.4966,"icon_height_z16":13.0768,"icon_rotate":145.37,"building_area_m2":111.9,"building_major_m":10.8,"building_minor_m":10.5,"building_aspect":1.03,"building_rectangularity":0.986},"geometry":{"type":"Point","coordinates":[34.7741009,50.867662100000004]}},{"type":"Feature","id":"building-icon/657649278","properties":{"osm_id":"building-icon-657649278","source_osm_id":657649278,"kind":"building_icon","building_icon":"procedural-house-657649278","roof_style":"long","icon_width_z16":20.3986,"icon_height_z16":7.8101,"icon_rotate":145.01,"building_area_m2":102.4,"building_major_m":16.4,"building_minor_m":6.3,"building_aspect":2.61,"building_rectangularity":0.999},"geometry":{"type":"Point","coordinates":[34.774472434749654,50.867640933557084]}},{"type":"Feature","id":"building-icon/657649280","properties":{"osm_id":"building-icon-657649280","source_osm_id":657649280,"kind":"building_icon","building_icon":"procedural-house-657649280","roof_style":"square","icon_width_z16":13.7291,"icon_height_z16":13.4311,"icon_rotate":145.23,"building_area_m2":117.6,"building_major_m":11,"building_minor_m":10.8,"building_aspect":1.02,"building_rectangularity":0.992},"geometry":{"type":"Point","coordinates":[34.7743745,50.8677721]}},{"type":"Feature","id":"building-icon/657649282","properties":{"osm_id":"building-icon-657649282","source_osm_id":657649282,"kind":"building_icon","building_icon":"procedural-house-657649282","roof_style":"cottage","icon_width_z16":19.7476,"icon_height_z16":13.4295,"icon_rotate":145,"building_area_m2":170.4,"building_major_m":15.8,"building_minor_m":10.8,"building_aspect":1.47,"building_rectangularity":0.999},"geometry":{"type":"Point","coordinates":[34.774577033421984,50.86786780014757]}},{"type":"Feature","id":"building-icon/657649284","properties":{"osm_id":"building-icon-657649284","source_osm_id":657649284,"kind":"building_icon","building_icon":"procedural-house-657649284","roof_style":"square","icon_width_z16":11.2437,"icon_height_z16":9.0685,"icon_rotate":145.06,"building_area_m2":65.4,"building_major_m":9,"building_minor_m":7.3,"building_aspect":1.24,"building_rectangularity":0.997},"geometry":{"type":"Point","coordinates":[34.77494583301508,50.86784069930348]}},{"type":"Feature","id":"building-icon/657649285","properties":{"osm_id":"building-icon-657649285","source_osm_id":657649285,"kind":"building_icon","building_icon":"procedural-house-657649285","roof_style":"long","icon_width_z16":20.1751,"icon_height_z16":7.2412,"icon_rotate":54.98,"building_area_m2":93.9,"building_major_m":16.2,"building_minor_m":5.8,"building_aspect":2.79,"building_rectangularity":1},"geometry":{"type":"Point","coordinates":[34.7751081,50.86791265]}},{"type":"Feature","id":"building-icon/657649287","properties":{"osm_id":"building-icon-657649287","source_osm_id":657649287,"kind":"building_icon","building_icon":"procedural-house-657649287","roof_style":"square","icon_width_z16":17.0943,"icon_height_z16":14.152,"icon_rotate":145.02,"building_area_m2":155.3,"building_major_m":13.7,"building_minor_m":11.3,"building_aspect":1.21,"building_rectangularity":0.998},"geometry":{"type":"Point","coordinates":[34.77481436702659,50.8679778008273]}},{"type":"Feature","id":"building-icon/657649289","properties":{"osm_id":"building-icon-657649289","source_osm_id":657649289,"kind":"building_icon","building_icon":"procedural-house-657649289","roof_style":"cottage","icon_width_z16":20.6159,"icon_height_z16":13.5771,"icon_rotate":54.97,"building_area_m2":179.9,"building_major_m":16.5,"building_minor_m":10.9,"building_aspect":1.52,"building_rectangularity":1},"geometry":{"type":"Point","coordinates":[34.77510405,50.868077650000004]}},{"type":"Feature","id":"building-icon/657649290","properties":{"osm_id":"building-icon-657649290","source_osm_id":657649290,"kind":"building_icon","building_icon":"procedural-house-657649290","roof_style":"square","icon_width_z16":14.6574,"icon_height_z16":14.307,"icon_rotate":145.44,"building_area_m2":132.7,"building_major_m":11.8,"building_minor_m":11.5,"building_aspect":1.02,"building_rectangularity":0.984},"geometry":{"type":"Point","coordinates":[34.775306549999996,50.8681894]}},{"type":"Feature","id":"building-icon/657649292","properties":{"osm_id":"building-icon-657649292","source_osm_id":657649292,"kind":"building_icon","building_icon":"procedural-house-657649292","roof_style":"square","icon_width_z16":14.1387,"icon_height_z16":14.0049,"icon_rotate":145.22,"building_area_m2":126.3,"building_major_m":11.3,"building_minor_m":11.2,"building_aspect":1.01,"building_rectangularity":0.992},"geometry":{"type":"Point","coordinates":[34.77552788283222,50.86826554825296]}},{"type":"Feature","id":"building-icon/657649293","properties":{"osm_id":"building-icon-657649293","source_osm_id":657649293,"kind":"building_icon","building_icon":"procedural-house-657649293","roof_style":"square","icon_width_z16":18.7621,"icon_height_z16":15.4416,"icon_rotate":54.92,"building_area_m2":185.9,"building_major_m":15,"building_minor_m":12.4,"building_aspect":1.22,"building_rectangularity":0.998},"geometry":{"type":"Point","coordinates":[34.77570889799683,50.868384067017786]}},{"type":"Feature","id":"building-icon/657649294","properties":{"osm_id":"building-icon-657649294","source_osm_id":657649294,"kind":"building_icon","building_icon":"procedural-house-657649294","roof_style":"cottage","icon_width_z16":14.6027,"icon_height_z16":11.0071,"icon_rotate":145.03,"building_area_m2":103.2,"building_major_m":11.7,"building_minor_m":8.8,"building_aspect":1.33,"building_rectangularity":0.999},"geometry":{"type":"Point","coordinates":[34.77619706685368,50.86857450036358]}},{"type":"Feature","id":"building-icon/657649295","properties":{"osm_id":"building-icon-657649295","source_osm_id":657649295,"kind":"building_icon","building_icon":"procedural-house-657649295","roof_style":"cottage","icon_width_z16":17.1234,"icon_height_z16":12.0018,"icon_rotate":54.97,"building_area_m2":132.1,"building_major_m":13.7,"building_minor_m":9.6,"building_aspect":1.43,"building_rectangularity":1},"geometry":{"type":"Point","coordinates":[34.77642506666667,50.868675203819286]}},{"type":"Feature","id":"building-icon/657649296","properties":{"osm_id":"building-icon-657649296","source_osm_id":657649296,"kind":"building_icon","building_icon":"procedural-house-657649296","roof_style":"cottage","icon_width_z16":11.752,"icon_height_z16":9.3035,"icon_rotate":141.96,"building_area_m2":70.2,"building_major_m":9.4,"building_minor_m":7.5,"building_aspect":1.26,"building_rectangularity":0.999},"geometry":{"type":"Point","coordinates":[34.77499410637846,50.868872433310955]}},{"type":"Feature","id":"building-icon/657649297","properties":{"osm_id":"building-icon-657649297","source_osm_id":657649297,"kind":"building_icon","building_icon":"procedural-house-657649297","roof_style":"long","icon_width_z16":29.3061,"icon_height_z16":12.2849,"icon_rotate":141.97,"building_area_m2":231.4,"building_major_m":23.5,"building_minor_m":9.9,"building_aspect":2.39,"building_rectangularity":0.999},"geometry":{"type":"Point","coordinates":[34.77513491744144,50.86868623634495]}},{"type":"Feature","id":"building-icon/657649298","properties":{"osm_id":"building-icon-657649298","source_osm_id":657649298,"kind":"building_icon","building_icon":"procedural-house-657649298","roof_style":"long","icon_width_z16":18.1241,"icon_height_z16":5.8317,"icon_rotate":51.95,"building_area_m2":68,"building_major_m":14.5,"building_minor_m":4.7,"building_aspect":3.11,"building_rectangularity":1},"geometry":{"type":"Point","coordinates":[34.77437585,50.86821225]}},{"type":"Feature","id":"building-icon/657649299","properties":{"osm_id":"building-icon-657649299","source_osm_id":657649299,"kind":"building_icon","building_icon":"procedural-house-657649299","roof_style":"square","icon_width_z16":16.2676,"icon_height_z16":15.0616,"icon_rotate":142.04,"building_area_m2":157.1,"building_major_m":13,"building_minor_m":12.1,"building_aspect":1.08,"building_rectangularity":0.997},"geometry":{"type":"Point","coordinates":[34.7747956,50.8684907]}},{"type":"Feature","id":"building-icon/657649300","properties":{"osm_id":"building-icon-657649300","source_osm_id":657649300,"kind":"building_icon","building_icon":"procedural-house-657649300","roof_style":"cottage","icon_width_z16":18.4627,"icon_height_z16":9.9736,"icon_rotate":51.94,"building_area_m2":118.4,"building_major_m":14.8,"building_minor_m":8,"building_aspect":1.85,"building_rectangularity":1},"geometry":{"type":"Point","coordinates":[34.77435575,50.868506800000006]}},{"type":"Feature","id":"building-icon/657649301","properties":{"osm_id":"building-icon-657649301","source_osm_id":657649301,"kind":"building_icon","building_icon":"procedural-house-657649301","roof_style":"square","icon_width_z16":17.0307,"icon_height_z16":15.6564,"icon_rotate":142.03,"building_area_m2":171,"building_major_m":13.7,"building_minor_m":12.6,"building_aspect":1.09,"building_rectangularity":0.997},"geometry":{"type":"Point","coordinates":[34.774542149999995,50.8682842]}},{"type":"Feature","id":"building-icon/657649302","properties":{"osm_id":"building-icon-657649302","source_osm_id":657649302,"kind":"building_icon","building_icon":"procedural-house-657649302","roof_style":"long","icon_width_z16":20.5954,"icon_height_z16":6.8665,"icon_rotate":51.95,"building_area_m2":90.9,"building_major_m":16.5,"building_minor_m":5.5,"building_aspect":3,"building_rectangularity":0.999},"geometry":{"type":"Point","coordinates":[34.77407143848322,50.868087840882474]}},{"type":"Feature","id":"building-icon/657649303","properties":{"osm_id":"building-icon-657649303","source_osm_id":657649303,"kind":"building_icon","building_icon":"procedural-house-657649303","roof_style":"square","icon_width_z16":14.9468,"icon_height_z16":14.1231,"icon_rotate":142.33,"building_area_m2":134,"building_major_m":12,"building_minor_m":11.3,"building_aspect":1.06,"building_rectangularity":0.987},"geometry":{"type":"Point","coordinates":[34.773956066898485,50.86800065096925]}},{"type":"Feature","id":"building-icon/657649304","properties":{"osm_id":"building-icon-657649304","source_osm_id":657649304,"kind":"building_icon","building_icon":"procedural-house-657649304","roof_style":"long","icon_width_z16":21.1698,"icon_height_z16":8.8097,"icon_rotate":51.97,"building_area_m2":119.9,"building_major_m":17,"building_minor_m":7.1,"building_aspect":2.4,"building_rectangularity":0.999},"geometry":{"type":"Point","coordinates":[34.77375628640313,50.86794309298836]}},{"type":"Feature","id":"building-icon/657649305","properties":{"osm_id":"building-icon-657649305","source_osm_id":657649305,"kind":"building_icon","building_icon":"procedural-house-657649305","roof_style":"cottage","icon_width_z16":17.0327,"icon_height_z16":9.9409,"icon_rotate":141.96,"building_area_m2":108.9,"building_major_m":13.7,"building_minor_m":8,"building_aspect":1.71,"building_rectangularity":1},"geometry":{"type":"Point","coordinates":[34.7735779,50.867872]}},{"type":"Feature","id":"building-icon/657649306","properties":{"osm_id":"building-icon-657649306","source_osm_id":657649306,"kind":"building_icon","building_icon":"procedural-house-657649306","roof_style":"cottage","icon_width_z16":14.0683,"icon_height_z16":9.5864,"icon_rotate":141.94,"building_area_m2":86.7,"building_major_m":11.3,"building_minor_m":7.7,"building_aspect":1.47,"building_rectangularity":0.999},"geometry":{"type":"Point","coordinates":[34.773273508600525,50.867727283692794]}},{"type":"Feature","id":"building-icon/657649307","properties":{"osm_id":"building-icon-657649307","source_osm_id":657649307,"kind":"building_icon","building_icon":"procedural-house-657649307","roof_style":"square","icon_width_z16":14.755,"icon_height_z16":12.4502,"icon_rotate":51.89,"building_area_m2":117.9,"building_major_m":11.8,"building_minor_m":10,"building_aspect":1.19,"building_rectangularity":0.998},"geometry":{"type":"Point","coordinates":[34.772998550000004,50.8676164]}},{"type":"Feature","id":"building-icon/657649308","properties":{"osm_id":"building-icon-657649308","source_osm_id":657649308,"kind":"building_icon","building_icon":"procedural-house-657649308","roof_style":"compound","icon_width_z16":28.7532,"icon_height_z16":25.4997,"icon_rotate":2.94,"building_area_m2":231.4,"building_major_m":23.1,"building_minor_m":20.4,"building_aspect":1.13,"building_rectangularity":0.491},"geometry":{"type":"Point","coordinates":[34.772654382792204,50.86748758715367]}},{"type":"Feature","id":"building-icon/657649309","properties":{"osm_id":"building-icon-657649309","source_osm_id":657649309,"kind":"building_icon","building_icon":"procedural-house-657649309","roof_style":"cottage","icon_width_z16":22.4168,"icon_height_z16":11.7322,"icon_rotate":57.69,"building_area_m2":136.5,"building_major_m":18,"building_minor_m":9.4,"building_aspect":1.91,"building_rectangularity":0.807},"geometry":{"type":"Point","coordinates":[34.77204654431777,50.86714448823509]}},{"type":"Feature","id":"building-icon/657649310","properties":{"osm_id":"building-icon-657649310","source_osm_id":657649310,"kind":"building_icon","building_icon":"procedural-house-657649310","roof_style":"cottage","icon_width_z16":15.9838,"icon_height_z16":12.0887,"icon_rotate":146.96,"building_area_m2":124.1,"building_major_m":12.8,"building_minor_m":9.7,"building_aspect":1.32,"building_rectangularity":0.999},"geometry":{"type":"Point","coordinates":[34.7723414,50.86733805]}},{"type":"Feature","id":"building-icon/657649311","properties":{"osm_id":"building-icon-657649311","source_osm_id":657649311,"kind":"building_icon","building_icon":"procedural-house-657649311","roof_style":"square","icon_width_z16":13.6998,"icon_height_z16":12.6253,"icon_rotate":50.51,"building_area_m2":111.1,"building_major_m":11,"building_minor_m":10.1,"building_aspect":1.09,"building_rectangularity":0.999},"geometry":{"type":"Point","coordinates":[34.77202685146979,50.86729063320486]}},{"type":"Feature","id":"building-icon/657649312","properties":{"osm_id":"building-icon-657649312","source_osm_id":657649312,"kind":"building_icon","building_icon":"procedural-house-657649312","roof_style":"cottage","icon_width_z16":14.2963,"icon_height_z16":10.7275,"icon_rotate":53.71,"building_area_m2":98.5,"building_major_m":11.5,"building_minor_m":8.6,"building_aspect":1.33,"building_rectangularity":0.999},"geometry":{"type":"Point","coordinates":[34.77137011644723,50.86765026988471]}},{"type":"Feature","id":"building-icon/657649313","properties":{"osm_id":"building-icon-657649313","source_osm_id":657649313,"kind":"building_icon","building_icon":"procedural-house-657649313","roof_style":"square","icon_width_z16":10.4732,"icon_height_z16":9.8593,"icon_rotate":62.05,"building_area_m2":65.5,"building_major_m":8.4,"building_minor_m":7.9,"building_aspect":1.06,"building_rectangularity":0.987},"geometry":{"type":"Point","coordinates":[34.771567149999996,50.867754149999996]}},{"type":"Feature","id":"building-icon/657649314","properties":{"osm_id":"building-icon-657649314","source_osm_id":657649314,"kind":"building_icon","building_icon":"procedural-house-657649314","roof_style":"square","icon_width_z16":11.8136,"icon_height_z16":10.6131,"icon_rotate":54.67,"building_area_m2":80.5,"building_major_m":9.5,"building_minor_m":8.5,"building_aspect":1.11,"building_rectangularity":0.998},"geometry":{"type":"Point","coordinates":[34.7718195,50.86786955]}},{"type":"Feature","id":"building-icon/657649315","properties":{"osm_id":"building-icon-657649315","source_osm_id":657649315,"kind":"building_icon","building_icon":"procedural-house-657649315","roof_style":"square","icon_width_z16":11.0489,"icon_height_z16":9.0116,"icon_rotate":146.85,"building_area_m2":63.8,"building_major_m":8.9,"building_minor_m":7.2,"building_aspect":1.23,"building_rectangularity":0.996},"geometry":{"type":"Point","coordinates":[34.77224112527315,50.868071533862036]}},{"type":"Feature","id":"building-icon/657649316","properties":{"osm_id":"building-icon-657649316","source_osm_id":657649316,"kind":"building_icon","building_icon":"procedural-house-657649316","roof_style":"cottage","icon_width_z16":14.0606,"icon_height_z16":11.077,"icon_rotate":141.77,"building_area_m2":100.1,"building_major_m":11.3,"building_minor_m":8.9,"building_aspect":1.27,"building_rectangularity":0.999},"geometry":{"type":"Point","coordinates":[34.77247128970471,50.868178433333334]}},{"type":"Feature","id":"building-icon/657649317","properties":{"osm_id":"building-icon-657649317","source_osm_id":657649317,"kind":"building_icon","building_icon":"procedural-house-657649317","roof_style":"square","icon_width_z16":11.8139,"icon_height_z16":11.1721,"icon_rotate":145.46,"building_area_m2":84.4,"building_major_m":9.5,"building_minor_m":9,"building_aspect":1.06,"building_rectangularity":0.995},"geometry":{"type":"Point","coordinates":[34.7726864,50.86826605]}},{"type":"Feature","id":"building-icon/657649318","properties":{"osm_id":"building-icon-657649318","source_osm_id":657649318,"kind":"building_icon","building_icon":"procedural-house-657649318","roof_style":"square","icon_width_z16":12.496,"icon_height_z16":11.1058,"icon_rotate":143.56,"building_area_m2":89.1,"building_major_m":10,"building_minor_m":8.9,"building_aspect":1.13,"building_rectangularity":0.998},"geometry":{"type":"Point","coordinates":[34.77295260550023,50.86839463301457]}},{"type":"Feature","id":"building-icon/657649319","properties":{"osm_id":"building-icon-657649319","source_osm_id":657649319,"kind":"building_icon","building_icon":"procedural-house-657649319","roof_style":"square","icon_width_z16":12.388,"icon_height_z16":11.2747,"icon_rotate":142.88,"building_area_m2":89.1,"building_major_m":9.9,"building_minor_m":9,"building_aspect":1.1,"building_rectangularity":0.992},"geometry":{"type":"Point","coordinates":[34.7731779,50.8685016]}},{"type":"Feature","id":"building-icon/657649320","properties":{"osm_id":"building-icon-657649320","source_osm_id":657649320,"kind":"building_icon","building_icon":"procedural-house-657649320","roof_style":"cottage","icon_width_z16":15.2654,"icon_height_z16":7.952,"icon_rotate":56.27,"building_area_m2":77.9,"building_major_m":12.2,"building_minor_m":6.4,"building_aspect":1.92,"building_rectangularity":0.998},"geometry":{"type":"Point","coordinates":[34.77373235,50.86859715]}},{"type":"Feature","id":"building-icon/657649321","properties":{"osm_id":"building-icon-657649321","source_osm_id":657649321,"kind":"building_icon","building_icon":"procedural-house-657649321","roof_style":"square","icon_width_z16":13.4429,"icon_height_z16":11.3334,"icon_rotate":57.22,"building_area_m2":97.7,"building_major_m":10.8,"building_minor_m":9.1,"building_aspect":1.19,"building_rectangularity":0.997},"geometry":{"type":"Point","coordinates":[34.77351949675371,50.86855766729356]}},{"type":"Feature","id":"building-icon/657649322","properties":{"osm_id":"building-icon-657649322","source_osm_id":657649322,"kind":"building_icon","building_icon":"procedural-house-657649322","roof_style":"cottage","icon_width_z16":10.8672,"icon_height_z16":8.3622,"icon_rotate":158.4,"building_area_m2":58.4,"building_major_m":8.7,"building_minor_m":6.7,"building_aspect":1.3,"building_rectangularity":0.999},"geometry":{"type":"Point","coordinates":[34.7728013,50.869801800000005]}},{"type":"Feature","id":"building-icon/657649323","properties":{"osm_id":"building-icon-657649323","source_osm_id":657649323,"kind":"building_icon","building_icon":"procedural-house-657649323","roof_style":"square","icon_width_z16":14.297,"icon_height_z16":13.1898,"icon_rotate":57.18,"building_area_m2":120.9,"building_major_m":11.5,"building_minor_m":10.6,"building_aspect":1.08,"building_rectangularity":0.997},"geometry":{"type":"Point","coordinates":[34.7738502456369,50.86872636737387]}},{"type":"Feature","id":"building-icon/657649324","properties":{"osm_id":"building-icon-657649324","source_osm_id":657649324,"kind":"building_icon","building_icon":"procedural-house-657649324","roof_style":"compound","icon_width_z16":26.865,"icon_height_z16":17.0257,"icon_rotate":139.45,"building_area_m2":158.9,"building_major_m":21.5,"building_minor_m":13.7,"building_aspect":1.58,"building_rectangularity":0.54},"geometry":{"type":"Point","coordinates":[34.7727822651863,50.868609877175224]}},{"type":"Feature","id":"building-icon/657649325","properties":{"osm_id":"building-icon-657649325","source_osm_id":657649325,"kind":"building_icon","building_icon":"procedural-house-657649325","roof_style":"small","icon_width_z16":12.04,"icon_height_z16":6.8666,"icon_rotate":51.33,"building_area_m2":53.1,"building_major_m":9.7,"building_minor_m":5.5,"building_aspect":1.75,"building_rectangularity":0.999},"geometry":{"type":"Point","coordinates":[34.77144528444847,50.8682581955485]}},{"type":"Feature","id":"building-icon/657649326","properties":{"osm_id":"building-icon-657649326","source_osm_id":657649326,"kind":"building_icon","building_icon":"procedural-house-657649326","roof_style":"square","icon_width_z16":12.2059,"icon_height_z16":11.0779,"icon_rotate":51.71,"building_area_m2":86.4,"building_major_m":9.8,"building_minor_m":8.9,"building_aspect":1.1,"building_rectangularity":0.993},"geometry":{"type":"Point","coordinates":[34.77138125188359,50.86817648313061]}},{"type":"Feature","id":"building-icon/657649327","properties":{"osm_id":"building-icon-657649327","source_osm_id":657649327,"kind":"building_icon","building_icon":"procedural-house-657649327","roof_style":"cottage","icon_width_z16":14.7654,"icon_height_z16":10.9112,"icon_rotate":67.48,"building_area_m2":103.4,"building_major_m":11.8,"building_minor_m":8.7,"building_aspect":1.35,"building_rectangularity":0.998},"geometry":{"type":"Point","coordinates":[34.7720542,50.868383]}},{"type":"Feature","id":"building-icon/657649328","properties":{"osm_id":"building-icon-657649328","source_osm_id":657649328,"kind":"building_icon","building_icon":"procedural-house-657649328","roof_style":"cottage","icon_width_z16":16.6091,"icon_height_z16":10.3084,"icon_rotate":153.06,"building_area_m2":110.1,"building_major_m":13.3,"building_minor_m":8.3,"building_aspect":1.61,"building_rectangularity":1},"geometry":{"type":"Point","coordinates":[34.771756849999996,50.8683723]}},{"type":"Feature","id":"building-icon/657649329","properties":{"osm_id":"building-icon-657649329","source_osm_id":657649329,"kind":"building_icon","building_icon":"procedural-house-657649329","roof_style":"square","icon_width_z16":13.0425,"icon_height_z16":11.7471,"icon_rotate":145.95,"building_area_m2":98.4,"building_major_m":10.5,"building_minor_m":9.4,"building_aspect":1.11,"building_rectangularity":0.998},"geometry":{"type":"Point","coordinates":[34.7705243,50.868099199999996]}},{"type":"Feature","id":"building-icon/657649330","properties":{"osm_id":"building-icon-657649330","source_osm_id":657649330,"kind":"building_icon","building_icon":"procedural-house-657649330","roof_style":"long","icon_width_z16":14.2004,"icon_height_z16":6.2826,"icon_rotate":61.29,"building_area_m2":57.3,"building_major_m":11.4,"building_minor_m":5,"building_aspect":2.26,"building_rectangularity":0.999},"geometry":{"type":"Point","coordinates":[34.77008225,50.8679853]}},{"type":"Feature","id":"building-icon/657649331","properties":{"osm_id":"building-icon-657649331","source_osm_id":657649331,"kind":"building_icon","building_icon":"procedural-house-657649331","roof_style":"square","icon_width_z16":10.9409,"icon_height_z16":10.4585,"icon_rotate":151.77,"building_area_m2":73.5,"building_major_m":8.8,"building_minor_m":8.4,"building_aspect":1.05,"building_rectangularity":0.999},"geometry":{"type":"Point","coordinates":[34.77023449209255,50.86800841804952]}},{"type":"Feature","id":"building-icon/657649332","properties":{"osm_id":"building-icon-657649332","source_osm_id":657649332,"kind":"building_icon","building_icon":"procedural-house-657649332","roof_style":"square","icon_width_z16":12.1068,"icon_height_z16":10.3485,"icon_rotate":60.88,"building_area_m2":80.4,"building_major_m":9.7,"building_minor_m":8.3,"building_aspect":1.17,"building_rectangularity":0.998},"geometry":{"type":"Point","coordinates":[34.769860977181295,50.86786216419554]}},{"type":"Feature","id":"building-icon/657649333","properties":{"osm_id":"building-icon-657649333","source_osm_id":657649333,"kind":"building_icon","building_icon":"procedural-house-657649333","roof_style":"square","icon_width_z16":12.7211,"icon_height_z16":11.8203,"icon_rotate":66.64,"building_area_m2":96.2,"building_major_m":10.2,"building_minor_m":9.5,"building_aspect":1.08,"building_rectangularity":0.994},"geometry":{"type":"Point","coordinates":[34.770050068885446,50.86820845398095]}},{"type":"Feature","id":"building-icon/657649334","properties":{"osm_id":"building-icon-657649334","source_osm_id":657649334,"kind":"building_icon","building_icon":"procedural-house-657649334","roof_style":"long","icon_width_z16":17.5264,"icon_height_z16":8.2287,"icon_rotate":154.04,"building_area_m2":92.6,"building_major_m":14.1,"building_minor_m":6.6,"building_aspect":2.13,"building_rectangularity":0.999},"geometry":{"type":"Point","coordinates":[34.77052384490048,50.8683866663187]}},{"type":"Feature","id":"building-icon/657649335","properties":{"osm_id":"building-icon-657649335","source_osm_id":657649335,"kind":"building_icon","building_icon":"procedural-house-657649335","roof_style":"cottage","icon_width_z16":22.9753,"icon_height_z16":17.1795,"icon_rotate":166.41,"building_area_m2":201.3,"building_major_m":18.4,"building_minor_m":13.8,"building_aspect":1.34,"building_rectangularity":0.793},"geometry":{"type":"Point","coordinates":[34.77076695585113,50.86838355037484]}},{"type":"Feature","id":"building-icon/657649336","properties":{"osm_id":"building-icon-657649336","source_osm_id":657649336,"kind":"building_icon","building_icon":"procedural-house-657649336","roof_style":"cottage","icon_width_z16":24.5975,"icon_height_z16":12.8292,"icon_rotate":152.73,"building_area_m2":202.8,"building_major_m":19.7,"building_minor_m":10.3,"building_aspect":1.92,"building_rectangularity":0.999},"geometry":{"type":"Point","coordinates":[34.77121348328061,50.86849704995277]}},{"type":"Feature","id":"building-icon/657649337","properties":{"osm_id":"building-icon-657649337","source_osm_id":657649337,"kind":"building_icon","building_icon":"procedural-house-657649337","roof_style":"long","icon_width_z16":18.4228,"icon_height_z16":7.4764,"icon_rotate":37.73,"building_area_m2":88.6,"building_major_m":14.8,"building_minor_m":6,"building_aspect":2.46,"building_rectangularity":1},"geometry":{"type":"Point","coordinates":[34.76956325,50.8706609]}},{"type":"Feature","id":"building-icon/657649338","properties":{"osm_id":"building-icon-657649338","source_osm_id":657649338,"kind":"building_icon","building_icon":"procedural-house-657649338","roof_style":"square","icon_width_z16":13.3568,"icon_height_z16":11.8119,"icon_rotate":125.07,"building_area_m2":101.1,"building_major_m":10.7,"building_minor_m":9.5,"building_aspect":1.13,"building_rectangularity":0.997},"geometry":{"type":"Point","coordinates":[34.7694301,50.8702909]}},{"type":"Feature","id":"building-icon/657649339","properties":{"osm_id":"building-icon-657649339","source_osm_id":657649339,"kind":"building_icon","building_icon":"procedural-house-657649339","roof_style":"manor","icon_width_z16":24.4291,"icon_height_z16":18.9951,"icon_rotate":38.69,"building_area_m2":297.8,"building_major_m":19.6,"building_minor_m":15.2,"building_aspect":1.29,"building_rectangularity":0.998},"geometry":{"type":"Point","coordinates":[34.76921735,50.870146999999996]}},{"type":"Feature","id":"building-icon/657649340","properties":{"osm_id":"building-icon-657649340","source_osm_id":657649340,"kind":"building_icon","building_icon":"procedural-house-657649340","roof_style":"square","icon_width_z16":17.8556,"icon_height_z16":16.4099,"icon_rotate":128.01,"building_area_m2":188.3,"building_major_m":14.3,"building_minor_m":13.2,"building_aspect":1.09,"building_rectangularity":0.999},"geometry":{"type":"Point","coordinates":[34.7690165,50.86997175]}},{"type":"Feature","id":"building-icon/657649341","properties":{"osm_id":"building-icon-657649341","source_osm_id":657649341,"kind":"building_icon","building_icon":"procedural-house-657649341","roof_style":"square","icon_width_z16":20.6867,"icon_height_z16":17.0222,"icon_rotate":36.19,"building_area_m2":226.3,"building_major_m":16.6,"building_minor_m":13.7,"building_aspect":1.22,"building_rectangularity":0.999},"geometry":{"type":"Point","coordinates":[34.768750983095686,50.86978685058675]}},{"type":"Feature","id":"building-icon/657649342","properties":{"osm_id":"building-icon-657649342","source_osm_id":657649342,"kind":"building_icon","building_icon":"procedural-house-657649342","roof_style":"long","icon_width_z16":20.4716,"icon_height_z16":8.4071,"icon_rotate":124.27,"building_area_m2":110.6,"building_major_m":16.4,"building_minor_m":6.7,"building_aspect":2.44,"building_rectangularity":0.999},"geometry":{"type":"Point","coordinates":[34.76839110648488,50.86968503603434]}},{"type":"Feature","id":"building-icon/657649343","properties":{"osm_id":"building-icon-657649343","source_osm_id":657649343,"kind":"building_icon","building_icon":"procedural-house-657649343","roof_style":"cottage","icon_width_z16":17.1658,"icon_height_z16":10.723,"icon_rotate":126.07,"building_area_m2":118.3,"building_major_m":13.8,"building_minor_m":8.6,"building_aspect":1.6,"building_rectangularity":0.999},"geometry":{"type":"Point","coordinates":[34.76856908382793,50.86961540435841]}},{"type":"Feature","id":"building-icon/657649344","properties":{"osm_id":"building-icon-657649344","source_osm_id":657649344,"kind":"building_icon","building_icon":"procedural-house-657649344","roof_style":"cottage","icon_width_z16":20.1275,"icon_height_z16":11.331,"icon_rotate":127.4,"building_area_m2":146.6,"building_major_m":16.1,"building_minor_m":9.1,"building_aspect":1.78,"building_rectangularity":0.999},"geometry":{"type":"Point","coordinates":[34.76818221954853,50.869526929599715]}},{"type":"Feature","id":"building-icon/657649345","properties":{"osm_id":"building-icon-657649345","source_osm_id":657649345,"kind":"building_icon","building_icon":"procedural-house-657649345","roof_style":"square","icon_width_z16":11.5564,"icon_height_z16":10.8224,"icon_rotate":33.64,"building_area_m2":80.4,"building_major_m":9.3,"building_minor_m":8.7,"building_aspect":1.07,"building_rectangularity":1},"geometry":{"type":"Point","coordinates":[34.7685187,50.8694442]}},{"type":"Feature","id":"building-icon/657649346","properties":{"osm_id":"building-icon-657649346","source_osm_id":657649346,"kind":"building_icon","building_icon":"procedural-house-657649346","roof_style":"cottage","icon_width_z16":21.239,"icon_height_z16":14.3814,"icon_rotate":128.84,"building_area_m2":175.4,"building_major_m":17,"building_minor_m":11.5,"building_aspect":1.48,"building_rectangularity":0.893},"geometry":{"type":"Point","coordinates":[34.76835311619239,50.86944959426976]}},{"type":"Feature","id":"building-icon/657649347","properties":{"osm_id":"building-icon-657649347","source_osm_id":657649347,"kind":"building_icon","building_icon":"procedural-house-657649347","roof_style":"square","icon_width_z16":16.8469,"icon_height_z16":14.4433,"icon_rotate":131.12,"building_area_m2":156,"building_major_m":13.5,"building_minor_m":11.6,"building_aspect":1.17,"building_rectangularity":0.997},"geometry":{"type":"Point","coordinates":[34.76814335,50.8692857]}},{"type":"Feature","id":"building-icon/657649348","properties":{"osm_id":"building-icon-657649348","source_osm_id":657649348,"kind":"building_icon","building_icon":"procedural-house-657649348","roof_style":"long","icon_width_z16":24.1131,"icon_height_z16":7.3314,"icon_rotate":43.02,"building_area_m2":113.7,"building_major_m":19.3,"building_minor_m":5.9,"building_aspect":3.29,"building_rectangularity":1},"geometry":{"type":"Point","coordinates":[34.76799525,50.86919645]}},{"type":"Feature","id":"building-icon/657649349","properties":{"osm_id":"building-icon-657649349","source_osm_id":657649349,"kind":"building_icon","building_icon":"procedural-house-657649349","roof_style":"long","icon_width_z16":24.2936,"icon_height_z16":9.2948,"icon_rotate":42.63,"building_area_m2":145.1,"building_major_m":19.5,"building_minor_m":7.5,"building_aspect":2.61,"building_rectangularity":0.999},"geometry":{"type":"Point","coordinates":[34.7682615,50.868526349999996]}},{"type":"Feature","id":"building-icon/657649350","properties":{"osm_id":"building-icon-657649350","source_osm_id":657649350,"kind":"building_icon","building_icon":"procedural-house-657649350","roof_style":"square","icon_width_z16":15.2641,"icon_height_z16":15.0058,"icon_rotate":126.66,"building_area_m2":144.7,"building_major_m":12.2,"building_minor_m":12,"building_aspect":1.02,"building_rectangularity":0.983},"geometry":{"type":"Point","coordinates":[34.7684011,50.8686163]}},{"type":"Feature","id":"building-icon/657649351","properties":{"osm_id":"building-icon-657649351","source_osm_id":657649351,"kind":"building_icon","building_icon":"procedural-house-657649351","roof_style":"square","icon_width_z16":13.3225,"icon_height_z16":11.8066,"icon_rotate":135.77,"building_area_m2":101,"building_major_m":10.7,"building_minor_m":9.5,"building_aspect":1.13,"building_rectangularity":0.999},"geometry":{"type":"Point","coordinates":[34.76835648536684,50.86893968387737]}},{"type":"Feature","id":"building-icon/657649352","properties":{"osm_id":"building-icon-657649352","source_osm_id":657649352,"kind":"building_icon","building_icon":"procedural-house-657649352","roof_style":"cottage","icon_width_z16":15.7459,"icon_height_z16":10.6433,"icon_rotate":127.73,"building_area_m2":107.7,"building_major_m":12.6,"building_minor_m":8.5,"building_aspect":1.48,"building_rectangularity":1},"geometry":{"type":"Point","coordinates":[34.7685382836933,50.869059203537574]}},{"type":"Feature","id":"building-icon/657649353","properties":{"osm_id":"building-icon-657649353","source_osm_id":657649353,"kind":"building_icon","building_icon":"procedural-house-657649353","roof_style":"square","icon_width_z16":14.6278,"icon_height_z16":12.5715,"icon_rotate":126.47,"building_area_m2":118.1,"building_major_m":11.7,"building_minor_m":10.1,"building_aspect":1.16,"building_rectangularity":0.999},"geometry":{"type":"Point","coordinates":[34.76879423495535,50.869288669292736]}},{"type":"Feature","id":"building-icon/657649354","properties":{"osm_id":"building-icon-657649354","source_osm_id":657649354,"kind":"building_icon","building_icon":"procedural-house-657649354","roof_style":"cottage","icon_width_z16":12.7382,"icon_height_z16":10.066,"icon_rotate":127.4,"building_area_m2":82.4,"building_major_m":10.2,"building_minor_m":8.1,"building_aspect":1.27,"building_rectangularity":0.999},"geometry":{"type":"Point","coordinates":[34.76899124958818,50.869409933267264]}},{"type":"Feature","id":"building-icon/657649356","properties":{"osm_id":"building-icon-657649356","source_osm_id":657649356,"kind":"building_icon","building_icon":"procedural-house-657649356","roof_style":"cottage","icon_width_z16":12.4744,"icon_height_z16":9.3291,"icon_rotate":132.73,"building_area_m2":74.8,"building_major_m":10,"building_minor_m":7.5,"building_aspect":1.34,"building_rectangularity":1},"geometry":{"type":"Point","coordinates":[34.7699406,50.8691161]}},{"type":"Feature","id":"building-icon/657649357","properties":{"osm_id":"building-icon-657649357","source_osm_id":657649357,"kind":"building_icon","building_icon":"procedural-house-657649357","roof_style":"long","icon_width_z16":23.1036,"icon_height_z16":9.2757,"icon_rotate":135.41,"building_area_m2":137.7,"building_major_m":18.5,"building_minor_m":7.4,"building_aspect":2.49,"building_rectangularity":0.999},"geometry":{"type":"Point","coordinates":[34.770076687050214,50.868983405383744]}},{"type":"Feature","id":"building-icon/657649358","properties":{"osm_id":"building-icon-657649358","source_osm_id":657649358,"kind":"building_icon","building_icon":"procedural-house-657649358","roof_style":"cottage","icon_width_z16":16.6231,"icon_height_z16":12.7935,"icon_rotate":134.98,"building_area_m2":136.7,"building_major_m":13.3,"building_minor_m":10.3,"building_aspect":1.3,"building_rectangularity":0.999},"geometry":{"type":"Point","coordinates":[34.7701587465028,50.86915551637929]}},{"type":"Feature","id":"building-icon/657649359","properties":{"osm_id":"building-icon-657649359","source_osm_id":657649359,"kind":"building_icon","building_icon":"procedural-house-657649359","roof_style":"cottage","icon_width_z16":19.0168,"icon_height_z16":12.0139,"icon_rotate":39.97,"building_area_m2":146.9,"building_major_m":15.2,"building_minor_m":9.6,"building_aspect":1.58,"building_rectangularity":1},"geometry":{"type":"Point","coordinates":[34.7696107,50.86934735]}},{"type":"Feature","id":"building-icon/657649360","properties":{"osm_id":"building-icon-657649360","source_osm_id":657649360,"kind":"building_icon","building_icon":"procedural-house-657649360","roof_style":"square","icon_width_z16":20.0121,"icon_height_z16":17.4191,"icon_rotate":126.97,"building_area_m2":223.3,"building_major_m":16,"building_minor_m":14,"building_aspect":1.15,"building_rectangularity":0.996},"geometry":{"type":"Point","coordinates":[34.7693733,50.8696988]}},{"type":"Feature","id":"building-icon/657649361","properties":{"osm_id":"building-icon-657649361","source_osm_id":657649361,"kind":"building_icon","building_icon":"procedural-house-657649361","roof_style":"square","icon_width_z16":15.8256,"icon_height_z16":12.8128,"icon_rotate":130.79,"building_area_m2":130.4,"building_major_m":12.7,"building_minor_m":10.3,"building_aspect":1.24,"building_rectangularity":1},"geometry":{"type":"Point","coordinates":[34.769605150000004,50.8699546]}},{"type":"Feature","id":"building-icon/657649364","properties":{"osm_id":"building-icon-657649364","source_osm_id":657649364,"kind":"building_icon","building_icon":"procedural-house-657649364","roof_style":"cottage","icon_width_z16":23.0858,"icon_height_z16":15.6527,"icon_rotate":37.45,"building_area_m2":231.2,"building_major_m":18.5,"building_minor_m":12.6,"building_aspect":1.47,"building_rectangularity":0.995},"geometry":{"type":"Point","coordinates":[34.774072592676845,50.87082021575532]}},{"type":"Feature","id":"building-icon/657649365","properties":{"osm_id":"building-icon-657649365","source_osm_id":657649365,"kind":"building_icon","building_icon":"procedural-house-657649365","roof_style":"square","icon_width_z16":16.6906,"icon_height_z16":14.8669,"icon_rotate":124.72,"building_area_m2":159.4,"building_major_m":13.4,"building_minor_m":11.9,"building_aspect":1.12,"building_rectangularity":0.999},"geometry":{"type":"Point","coordinates":[34.77366198285128,50.870478952475366]}},{"type":"Feature","id":"building-icon/657649366","properties":{"osm_id":"building-icon-657649366","source_osm_id":657649366,"kind":"building_icon","building_icon":"procedural-house-657649366","roof_style":"square","icon_width_z16":20.4374,"icon_height_z16":16.4224,"icon_rotate":36.41,"building_area_m2":215.4,"building_major_m":16.4,"building_minor_m":13.2,"building_aspect":1.24,"building_rectangularity":0.998},"geometry":{"type":"Point","coordinates":[34.77316258314766,50.87125630044155]}},{"type":"Feature","id":"building-icon/657649367","properties":{"osm_id":"building-icon-657649367","source_osm_id":657649367,"kind":"building_icon","building_icon":"procedural-house-657649367","roof_style":"cottage","icon_width_z16":19.6116,"icon_height_z16":14.6797,"icon_rotate":37.68,"building_area_m2":185,"building_major_m":15.7,"building_minor_m":11.8,"building_aspect":1.34,"building_rectangularity":0.999},"geometry":{"type":"Point","coordinates":[34.77252804264525,50.871113883404384]}},{"type":"Feature","id":"building-icon/657649368","properties":{"osm_id":"building-icon-657649368","source_osm_id":657649368,"kind":"building_icon","building_icon":"procedural-house-657649368","roof_style":"square","icon_width_z16":17.3263,"icon_height_z16":16.2681,"icon_rotate":126.86,"building_area_m2":180.4,"building_major_m":13.9,"building_minor_m":13,"building_aspect":1.07,"building_rectangularity":0.995},"geometry":{"type":"Point","coordinates":[34.772424050000005,50.87064155]}},{"type":"Feature","id":"building-icon/657649369","properties":{"osm_id":"building-icon-657649369","source_osm_id":657649369,"kind":"building_icon","building_icon":"procedural-house-657649369","roof_style":"square","icon_width_z16":19.5643,"icon_height_z16":16.6352,"icon_rotate":122.78,"building_area_m2":209,"building_major_m":15.7,"building_minor_m":13.3,"building_aspect":1.18,"building_rectangularity":0.999},"geometry":{"type":"Point","coordinates":[34.7721087465994,50.87076678268185]}},{"type":"Feature","id":"building-icon/657649370","properties":{"osm_id":"building-icon-657649370","source_osm_id":657649370,"kind":"building_icon","building_icon":"procedural-house-657649370","roof_style":"manor","icon_width_z16":23.2224,"icon_height_z16":17.5074,"icon_rotate":125.96,"building_area_m2":261.3,"building_major_m":18.6,"building_minor_m":14,"building_aspect":1.33,"building_rectangularity":1},"geometry":{"type":"Point","coordinates":[34.771821966761614,50.87090679679324]}},{"type":"Feature","id":"building-icon/657649371","properties":{"osm_id":"building-icon-657649371","source_osm_id":657649371,"kind":"building_icon","building_icon":"procedural-house-657649371","roof_style":"square","icon_width_z16":12.6854,"icon_height_z16":10.6721,"icon_rotate":125.36,"building_area_m2":87,"building_major_m":10.2,"building_minor_m":8.6,"building_aspect":1.19,"building_rectangularity":1},"geometry":{"type":"Point","coordinates":[34.77192625,50.871784]}},{"type":"Feature","id":"building-icon/657649372","properties":{"osm_id":"building-icon-657649372","source_osm_id":657649372,"kind":"building_icon","building_icon":"procedural-house-657649372","roof_style":"cottage","icon_width_z16":22.0594,"icon_height_z16":15.0657,"icon_rotate":38.95,"building_area_m2":213.7,"building_major_m":17.7,"building_minor_m":12.1,"building_aspect":1.46,"building_rectangularity":1},"geometry":{"type":"Point","coordinates":[34.77220505,50.87172195]}},{"type":"Feature","id":"building-icon/657649373","properties":{"osm_id":"building-icon-657649373","source_osm_id":657649373,"kind":"building_icon","building_icon":"procedural-house-657649373","roof_style":"square","icon_width_z16":19.1784,"icon_height_z16":19.0866,"icon_rotate":128.67,"building_area_m2":220.5,"building_major_m":15.4,"building_minor_m":15.3,"building_aspect":1,"building_rectangularity":0.937},"geometry":{"type":"Point","coordinates":[34.77193535369791,50.87139476701182]}},{"type":"Feature","id":"building-icon/657649374","properties":{"osm_id":"building-icon-657649374","source_osm_id":657649374,"kind":"building_icon","building_icon":"procedural-house-657649374","roof_style":"cottage","icon_width_z16":23.9729,"icon_height_z16":15.2831,"icon_rotate":127.44,"building_area_m2":235.5,"building_major_m":19.2,"building_minor_m":12.3,"building_aspect":1.57,"building_rectangularity":1},"geometry":{"type":"Point","coordinates":[34.7715252,50.8710361]}},{"type":"Feature","id":"building-icon/657649375","properties":{"osm_id":"building-icon-657649375","source_osm_id":657649375,"kind":"building_icon","building_icon":"procedural-house-657649375","roof_style":"square","icon_width_z16":19.8284,"icon_height_z16":16.1092,"icon_rotate":33.84,"building_area_m2":205.1,"building_major_m":15.9,"building_minor_m":12.9,"building_aspect":1.23,"building_rectangularity":0.998},"geometry":{"type":"Point","coordinates":[34.77120570925222,50.871104981947546]}},{"type":"Feature","id":"building-icon/657649376","properties":{"osm_id":"building-icon-657649376","source_osm_id":657649376,"kind":"building_icon","building_icon":"procedural-house-657649376","roof_style":"square","icon_width_z16":18.0111,"icon_height_z16":15.6564,"icon_rotate":126.03,"building_area_m2":181,"building_major_m":14.4,"building_minor_m":12.6,"building_aspect":1.15,"building_rectangularity":0.998},"geometry":{"type":"Point","coordinates":[34.7714159,50.871657649999996]}},{"type":"Feature","id":"building-icon/657649378","properties":{"osm_id":"building-icon-657649378","source_osm_id":657649378,"kind":"building_icon","building_icon":"procedural-house-657649378","roof_style":"cottage","icon_width_z16":20.9426,"icon_height_z16":16.4288,"icon_rotate":135.94,"building_area_m2":221.1,"building_major_m":16.8,"building_minor_m":13.2,"building_aspect":1.27,"building_rectangularity":0.999},"geometry":{"type":"Point","coordinates":[34.76287905,50.86656195]}},{"type":"Feature","id":"building-icon/657649379","properties":{"osm_id":"building-icon-657649379","source_osm_id":657649379,"kind":"building_icon","building_icon":"procedural-house-657649379","roof_style":"square","icon_width_z16":16.5557,"icon_height_z16":14.9914,"icon_rotate":136.42,"building_area_m2":158.7,"building_major_m":13.3,"building_minor_m":12,"building_aspect":1.1,"building_rectangularity":0.995},"geometry":{"type":"Point","coordinates":[34.7628273,50.8668568]}},{"type":"Feature","id":"building-icon/657649380","properties":{"osm_id":"building-icon-657649380","source_osm_id":657649380,"kind":"building_icon","building_icon":"procedural-house-657649380","roof_style":"compound","icon_width_z16":33.3033,"icon_height_z16":29.0087,"icon_rotate":78.99,"building_area_m2":286.2,"building_major_m":26.7,"building_minor_m":23.3,"building_aspect":1.15,"building_rectangularity":0.461},"geometry":{"type":"Point","coordinates":[34.76758442625661,50.86901425114587]}},{"type":"Feature","id":"building-icon/657649381","properties":{"osm_id":"building-icon-657649381","source_osm_id":657649381,"kind":"building_icon","building_icon":"procedural-house-657649381","roof_style":"manor","icon_width_z16":30.4294,"icon_height_z16":15.1196,"icon_rotate":128.76,"building_area_m2":295.7,"building_major_m":24.4,"building_minor_m":12.1,"building_aspect":2.01,"building_rectangularity":0.999},"geometry":{"type":"Point","coordinates":[34.769903049999996,50.870836999999995]}},{"type":"Feature","id":"building-icon/657649382","properties":{"osm_id":"building-icon-657649382","source_osm_id":657649382,"kind":"building_icon","building_icon":"procedural-house-657649382","roof_style":"manor","icon_width_z16":27.9747,"icon_height_z16":14.7296,"icon_rotate":125.42,"building_area_m2":264.9,"building_major_m":22.4,"building_minor_m":11.8,"building_aspect":1.9,"building_rectangularity":1},"geometry":{"type":"Point","coordinates":[34.77016738454881,50.8706830557034]}},{"type":"Feature","id":"building-icon/657649383","properties":{"osm_id":"building-icon-657649383","source_osm_id":657649383,"kind":"building_icon","building_icon":"procedural-house-657649383","roof_style":"long","icon_width_z16":14.8731,"icon_height_z16":7.1489,"icon_rotate":38.1,"building_area_m2":68.3,"building_major_m":11.9,"building_minor_m":5.7,"building_aspect":2.08,"building_rectangularity":0.999},"geometry":{"type":"Point","coordinates":[34.771091464635134,50.8706574026029]}},{"type":"Feature","id":"building-icon/657649384","properties":{"osm_id":"building-icon-657649384","source_osm_id":657649384,"kind":"building_icon","building_icon":"procedural-house-657649384","roof_style":"long","icon_width_z16":13.6868,"icon_height_z16":6.5596,"icon_rotate":128.12,"building_area_m2":57.7,"building_major_m":11,"building_minor_m":5.3,"building_aspect":2.09,"building_rectangularity":0.999},"geometry":{"type":"Point","coordinates":[34.771235000000004,50.87054905]}},{"type":"Feature","id":"building-icon/657649385","properties":{"osm_id":"building-icon-657649385","source_osm_id":657649385,"kind":"building_icon","building_icon":"procedural-house-657649385","roof_style":"long","icon_width_z16":24.829,"icon_height_z16":7.8384,"icon_rotate":130.79,"building_area_m2":125.1,"building_major_m":19.9,"building_minor_m":6.3,"building_aspect":3.17,"building_rectangularity":1},"geometry":{"type":"Point","coordinates":[34.770548,50.87015025]}},{"type":"Feature","id":"building-icon/657649386","properties":{"osm_id":"building-icon-657649386","source_osm_id":657649386,"kind":"building_icon","building_icon":"procedural-house-657649386","roof_style":"manor","icon_width_z16":44.9059,"icon_height_z16":19.8066,"icon_rotate":135.05,"building_area_m2":430.5,"building_major_m":36,"building_minor_m":15.9,"building_aspect":2.27,"building_rectangularity":0.753},"geometry":{"type":"Point","coordinates":[34.770749831598074,50.87039302463522]}},{"type":"Feature","id":"building-icon/657649399","properties":{"osm_id":"building-icon-657649399","source_osm_id":657649399,"kind":"building_icon","building_icon":"procedural-house-657649399","roof_style":"small","icon_width_z16":9.7989,"icon_height_z16":6.3579,"icon_rotate":123.14,"building_area_m2":40,"building_major_m":7.9,"building_minor_m":5.1,"building_aspect":1.54,"building_rectangularity":0.998},"geometry":{"type":"Point","coordinates":[34.771511016539705,50.87336586197879]}},{"type":"Feature","id":"building-icon/657649400","properties":{"osm_id":"building-icon-657649400","source_osm_id":657649400,"kind":"building_icon","building_icon":"procedural-house-657649400","roof_style":"manor","icon_width_z16":83.3302,"icon_height_z16":9.3733,"icon_rotate":34.49,"building_area_m2":376.5,"building_major_m":66.8,"building_minor_m":7.5,"building_aspect":8.89,"building_rectangularity":0.75},"geometry":{"type":"Point","coordinates":[34.770324147812154,50.87305208465748]}},{"type":"Feature","id":"building-icon/657649401","properties":{"osm_id":"building-icon-657649401","source_osm_id":657649401,"kind":"building_icon","building_icon":"procedural-house-657649401","roof_style":"square","icon_width_z16":11.6311,"icon_height_z16":10.339,"icon_rotate":30.32,"building_area_m2":77,"building_major_m":9.3,"building_minor_m":8.3,"building_aspect":1.12,"building_rectangularity":0.995},"geometry":{"type":"Point","coordinates":[34.77142764197591,50.87376658233205]}},{"type":"Feature","id":"building-icon/657649402","properties":{"osm_id":"building-icon-657649402","source_osm_id":657649402,"kind":"building_icon","building_icon":"procedural-house-657649402","roof_style":"cottage","icon_width_z16":12.9815,"icon_height_z16":7.915,"icon_rotate":31.67,"building_area_m2":66,"building_major_m":10.4,"building_minor_m":6.3,"building_aspect":1.64,"building_rectangularity":0.999},"geometry":{"type":"Point","coordinates":[34.77141563337988,50.8736639999422]}},{"type":"Feature","id":"building-icon/657649403","properties":{"osm_id":"building-icon-657649403","source_osm_id":657649403,"kind":"building_icon","building_icon":"procedural-house-657649403","roof_style":"manor","icon_width_z16":45.1989,"icon_height_z16":21.9126,"icon_rotate":117.23,"building_area_m2":636.8,"building_major_m":36.2,"building_minor_m":17.6,"building_aspect":2.06,"building_rectangularity":1},"geometry":{"type":"Point","coordinates":[34.7718104170049,50.87373172559656]}},{"type":"Feature","id":"building-icon/657649404","properties":{"osm_id":"building-icon-657649404","source_osm_id":657649404,"kind":"building_icon","building_icon":"procedural-house-657649404","roof_style":"manor","icon_width_z16":47.7936,"icon_height_z16":17.6551,"icon_rotate":26.71,"building_area_m2":493,"building_major_m":38.3,"building_minor_m":14.2,"building_aspect":2.71,"building_rectangularity":0.909},"geometry":{"type":"Point","coordinates":[34.77108194895282,50.873812050312466]}},{"type":"Feature","id":"building-icon/657649406","properties":{"osm_id":"building-icon-657649406","source_osm_id":657649406,"kind":"building_icon","building_icon":"procedural-house-657649406","roof_style":"cottage","icon_width_z16":22.508,"icon_height_z16":11.3688,"icon_rotate":24.68,"building_area_m2":164.5,"building_major_m":18,"building_minor_m":9.1,"building_aspect":1.98,"building_rectangularity":1},"geometry":{"type":"Point","coordinates":[34.7718723,50.87403155]}},{"type":"Feature","id":"building-icon/657649407","properties":{"osm_id":"building-icon-657649407","source_osm_id":657649407,"kind":"building_icon","building_icon":"procedural-house-657649407","roof_style":"manor","icon_width_z16":36.6549,"icon_height_z16":16.1176,"icon_rotate":113.24,"building_area_m2":342.6,"building_major_m":29.4,"building_minor_m":12.9,"building_aspect":2.27,"building_rectangularity":0.902},"geometry":{"type":"Point","coordinates":[34.7721728717076,50.87413488638212]}},{"type":"Feature","id":"building-icon/657649411","properties":{"osm_id":"building-icon-657649411","source_osm_id":657649411,"kind":"building_icon","building_icon":"procedural-house-657649411","roof_style":"compound","icon_width_z16":31.0494,"icon_height_z16":21.8309,"icon_rotate":126.74,"building_area_m2":288.3,"building_major_m":24.9,"building_minor_m":17.5,"building_aspect":1.42,"building_rectangularity":0.661},"geometry":{"type":"Point","coordinates":[34.77179797439294,50.873274730635245]}},{"type":"Feature","id":"building-icon/657649412","properties":{"osm_id":"building-icon-657649412","source_osm_id":657649412,"kind":"building_icon","building_icon":"procedural-house-657649412","roof_style":"manor","icon_width_z16":23.7906,"icon_height_z16":10.8035,"icon_rotate":117.6,"building_area_m2":132.2,"building_major_m":19.1,"building_minor_m":8.7,"building_aspect":2.2,"building_rectangularity":0.8},"geometry":{"type":"Point","coordinates":[34.772835424578695,50.873484986752814]}},{"type":"Feature","id":"building-icon/682417020","properties":{"osm_id":"building-icon-682417020","source_osm_id":682417020,"kind":"building_icon","building_icon":"procedural-house-682417020","roof_style":"cottage","icon_width_z16":14.6725,"icon_height_z16":9.9957,"icon_rotate":173.61,"building_area_m2":94.2,"building_major_m":11.8,"building_minor_m":8,"building_aspect":1.47,"building_rectangularity":0.999},"geometry":{"type":"Point","coordinates":[34.77655815,50.87376525]}},{"type":"Feature","id":"building-icon/682417021","properties":{"osm_id":"building-icon-682417021","source_osm_id":682417021,"kind":"building_icon","building_icon":"procedural-house-682417021","roof_style":"long","icon_width_z16":22.7752,"icon_height_z16":7.8273,"icon_rotate":82.27,"building_area_m2":114.5,"building_major_m":18.3,"building_minor_m":6.3,"building_aspect":2.91,"building_rectangularity":0.999},"geometry":{"type":"Point","coordinates":[34.776854199999995,50.8735293]}},{"type":"Feature","id":"building-icon/682417023","properties":{"osm_id":"building-icon-682417023","source_osm_id":682417023,"kind":"building_icon","building_icon":"procedural-house-682417023","roof_style":"cottage","icon_width_z16":23.5766,"icon_height_z16":12.7352,"icon_rotate":80.8,"building_area_m2":192.9,"building_major_m":18.9,"building_minor_m":10.2,"building_aspect":1.85,"building_rectangularity":0.999},"geometry":{"type":"Point","coordinates":[34.77695812186088,50.874029609416766]}},{"type":"Feature","id":"building-icon/700514640","properties":{"osm_id":"building-icon-700514640","source_osm_id":700514640,"kind":"building_icon","building_icon":"procedural-house-700514640","roof_style":"manor","icon_width_z16":25.7381,"icon_height_z16":14.9702,"icon_rotate":173.73,"building_area_m2":247.6,"building_major_m":20.6,"building_minor_m":12,"building_aspect":1.72,"building_rectangularity":0.999},"geometry":{"type":"Point","coordinates":[34.76343035473879,50.85630292000386]}},{"type":"Feature","id":"building-icon/710877602","properties":{"osm_id":"building-icon-710877602","source_osm_id":710877602,"kind":"building_icon","building_icon":"procedural-house-710877602","roof_style":"small","icon_width_z16":11.0444,"icon_height_z16":5.5407,"icon_rotate":51.9,"building_area_m2":39.3,"building_major_m":8.9,"building_minor_m":4.4,"building_aspect":1.99,"building_rectangularity":0.999},"geometry":{"type":"Point","coordinates":[34.769842264902856,50.866134805493004]}},{"type":"Feature","id":"building-icon/710877603","properties":{"osm_id":"building-icon-710877603","source_osm_id":710877603,"kind":"building_icon","building_icon":"procedural-house-710877603","roof_style":"small","icon_width_z16":10.9604,"icon_height_z16":6.9517,"icon_rotate":144.63,"building_area_m2":49,"building_major_m":8.8,"building_minor_m":5.6,"building_aspect":1.58,"building_rectangularity":0.999},"geometry":{"type":"Point","coordinates":[34.77208373369865,50.86824705056428]}},{"type":"Feature","id":"building-icon/710877604","properties":{"osm_id":"building-icon-710877604","source_osm_id":710877604,"kind":"building_icon","building_icon":"procedural-house-710877604","roof_style":"square","icon_width_z16":12.1964,"icon_height_z16":10.5538,"icon_rotate":56.03,"building_area_m2":82.7,"building_major_m":9.8,"building_minor_m":8.5,"building_aspect":1.16,"building_rectangularity":0.999},"geometry":{"type":"Point","coordinates":[34.7721177,50.86790085]}},{"type":"Feature","id":"building-icon/710877605","properties":{"osm_id":"building-icon-710877605","source_osm_id":710877605,"kind":"building_icon","building_icon":"procedural-house-710877605","roof_style":"small","icon_width_z16":8.042,"icon_height_z16":6.8414,"icon_rotate":148.33,"building_area_m2":35.2,"building_major_m":6.4,"building_minor_m":5.5,"building_aspect":1.18,"building_rectangularity":0.995},"geometry":{"type":"Point","coordinates":[34.769804941918565,50.86746631743471]}},{"type":"Feature","id":"building-icon/710877606","properties":{"osm_id":"building-icon-710877606","source_osm_id":710877606,"kind":"building_icon","building_icon":"procedural-house-710877606","roof_style":"small","icon_width_z16":12.1681,"icon_height_z16":6.4856,"icon_rotate":48.91,"building_area_m2":50.7,"building_major_m":9.8,"building_minor_m":5.2,"building_aspect":1.88,"building_rectangularity":0.999},"geometry":{"type":"Point","coordinates":[34.770428693308766,50.86753103494469]}},{"type":"Feature","id":"building-icon/710877607","properties":{"osm_id":"building-icon-710877607","source_osm_id":710877607,"kind":"building_icon","building_icon":"procedural-house-710877607","roof_style":"small","icon_width_z16":10.0619,"icon_height_z16":7.8443,"icon_rotate":52.52,"building_area_m2":50.7,"building_major_m":8.1,"building_minor_m":6.3,"building_aspect":1.28,"building_rectangularity":0.998},"geometry":{"type":"Point","coordinates":[34.77062141670547,50.86764880273982]}},{"type":"Feature","id":"building-icon/710877608","properties":{"osm_id":"building-icon-710877608","source_osm_id":710877608,"kind":"building_icon","building_icon":"procedural-house-710877608","roof_style":"square","icon_width_z16":10.5033,"icon_height_z16":10.0311,"icon_rotate":55.97,"building_area_m2":67.7,"building_major_m":8.4,"building_minor_m":8,"building_aspect":1.05,"building_rectangularity":0.999},"geometry":{"type":"Point","coordinates":[34.77109594568125,50.86789136725886]}},{"type":"Feature","id":"building-icon/710877609","properties":{"osm_id":"building-icon-710877609","source_osm_id":710877609,"kind":"building_icon","building_icon":"procedural-house-710877609","roof_style":"square","icon_width_z16":10.7701,"icon_height_z16":8.6367,"icon_rotate":53.9,"building_area_m2":59.8,"building_major_m":8.6,"building_minor_m":6.9,"building_aspect":1.25,"building_rectangularity":0.999},"geometry":{"type":"Point","coordinates":[34.770830898806345,50.86777266687084]}},{"type":"Feature","id":"building-icon/710877610","properties":{"osm_id":"building-icon-710877610","source_osm_id":710877610,"kind":"building_icon","building_icon":"procedural-house-710877610","roof_style":"long","icon_width_z16":19.1313,"icon_height_z16":7.4618,"icon_rotate":132.5,"building_area_m2":91.8,"building_major_m":15.3,"building_minor_m":6,"building_aspect":2.56,"building_rectangularity":1},"geometry":{"type":"Point","coordinates":[34.77032785,50.86738405]}},{"type":"Feature","id":"building-icon/710877611","properties":{"osm_id":"building-icon-710877611","source_osm_id":710877611,"kind":"building_icon","building_icon":"procedural-house-710877611","roof_style":"square","icon_width_z16":15.6452,"icon_height_z16":12.6699,"icon_rotate":42.59,"building_area_m2":127.3,"building_major_m":12.5,"building_minor_m":10.2,"building_aspect":1.23,"building_rectangularity":0.999},"geometry":{"type":"Point","coordinates":[34.76995481651143,50.86931140066054]}},{"type":"Feature","id":"building-icon/710877612","properties":{"osm_id":"building-icon-710877612","source_osm_id":710877612,"kind":"building_icon","building_icon":"procedural-house-710877612","roof_style":"cottage","icon_width_z16":15.7184,"icon_height_z16":8.4302,"icon_rotate":128.93,"building_area_m2":85.1,"building_major_m":12.6,"building_minor_m":6.8,"building_aspect":1.86,"building_rectangularity":0.999},"geometry":{"type":"Point","coordinates":[34.768550255440076,50.86842428478112]}},{"type":"Feature","id":"building-icon/710877613","properties":{"osm_id":"building-icon-710877613","source_osm_id":710877613,"kind":"building_icon","building_icon":"procedural-house-710877613","roof_style":"small","icon_width_z16":7.0542,"icon_height_z16":5.8682,"icon_rotate":119.99,"building_area_m2":26.6,"building_major_m":5.7,"building_minor_m":4.7,"building_aspect":1.2,"building_rectangularity":0.999},"geometry":{"type":"Point","coordinates":[34.7681674,50.86830325]}},{"type":"Feature","id":"building-icon/710877614","properties":{"osm_id":"building-icon-710877614","source_osm_id":710877614,"kind":"building_icon","building_icon":"procedural-house-710877614","roof_style":"square","icon_width_z16":10.7014,"icon_height_z16":9.5901,"icon_rotate":41.67,"building_area_m2":65.4,"building_major_m":8.6,"building_minor_m":7.7,"building_aspect":1.12,"building_rectangularity":0.991},"geometry":{"type":"Point","coordinates":[34.76752131668189,50.86838699991838]}},{"type":"Feature","id":"building-icon/710877615","properties":{"osm_id":"building-icon-710877615","source_osm_id":710877615,"kind":"building_icon","building_icon":"procedural-house-710877615","roof_style":"square","icon_width_z16":10.8669,"icon_height_z16":9.0588,"icon_rotate":38.86,"building_area_m2":63.3,"building_major_m":8.7,"building_minor_m":7.3,"building_aspect":1.2,"building_rectangularity":0.999},"geometry":{"type":"Point","coordinates":[34.76764641672219,50.86848054982504]}},{"type":"Feature","id":"building-icon/710877619","properties":{"osm_id":"building-icon-710877619","source_osm_id":710877619,"kind":"building_icon","building_icon":"procedural-house-710877619","roof_style":"manor","icon_width_z16":45.5022,"icon_height_z16":21.4334,"icon_rotate":109.94,"building_area_m2":627,"building_major_m":36.5,"building_minor_m":17.2,"building_aspect":2.12,"building_rectangularity":1},"geometry":{"type":"Point","coordinates":[34.77610551807176,50.86595654041933]}},{"type":"Feature","id":"building-icon/710877620","properties":{"osm_id":"building-icon-710877620","source_osm_id":710877620,"kind":"building_icon","building_icon":"procedural-house-710877620","roof_style":"manor","icon_width_z16":46.239,"icon_height_z16":22.3594,"icon_rotate":17.15,"building_area_m2":664.8,"building_major_m":37.1,"building_minor_m":17.9,"building_aspect":2.07,"building_rectangularity":1},"geometry":{"type":"Point","coordinates":[34.77277463099048,50.864140051376765]}},{"type":"Feature","id":"building-icon/710877621","properties":{"osm_id":"building-icon-710877621","source_osm_id":710877621,"kind":"building_icon","building_icon":"procedural-house-710877621","roof_style":"cottage","icon_width_z16":20.2373,"icon_height_z16":15.5035,"icon_rotate":2.7,"building_area_m2":201.5,"building_major_m":16.2,"building_minor_m":12.4,"building_aspect":1.31,"building_rectangularity":0.999},"geometry":{"type":"Point","coordinates":[34.7729262,50.86461825]}},{"type":"Feature","id":"building-icon/710877622","properties":{"osm_id":"building-icon-710877622","source_osm_id":710877622,"kind":"building_icon","building_icon":"procedural-house-710877622","roof_style":"manor","icon_width_z16":75.5789,"icon_height_z16":22.6,"icon_rotate":5.71,"building_area_m2":1098,"building_major_m":60.6,"building_minor_m":18.1,"building_aspect":3.34,"building_rectangularity":1},"geometry":{"type":"Point","coordinates":[34.773034106310135,50.865252928004935]}},{"type":"Feature","id":"building-icon/710877623","properties":{"osm_id":"building-icon-710877623","source_osm_id":710877623,"kind":"building_icon","building_icon":"procedural-house-710877623","roof_style":"compound","icon_width_z16":91.6057,"icon_height_z16":54.8187,"icon_rotate":7.21,"building_area_m2":1851.1,"building_major_m":73.5,"building_minor_m":44,"building_aspect":1.67,"building_rectangularity":0.573},"geometry":{"type":"Point","coordinates":[34.77476103581276,50.86518751035367]}},{"type":"Feature","id":"building-icon/710877624","properties":{"osm_id":"building-icon-710877624","source_osm_id":710877624,"kind":"building_icon","building_icon":"procedural-house-710877624","roof_style":"manor","icon_width_z16":99.0423,"icon_height_z16":24.8869,"icon_rotate":7.36,"building_area_m2":1584.6,"building_major_m":79.4,"building_minor_m":20,"building_aspect":3.98,"building_rectangularity":1},"geometry":{"type":"Point","coordinates":[34.774892898358274,50.86589907948307]}},{"type":"Feature","id":"building-icon/710877625","properties":{"osm_id":"building-icon-710877625","source_osm_id":710877625,"kind":"building_icon","building_icon":"procedural-house-710877625","roof_style":"manor","icon_width_z16":82.2201,"icon_height_z16":15.896,"icon_rotate":5.9,"building_area_m2":840.4,"building_major_m":65.9,"building_minor_m":12.7,"building_aspect":5.17,"building_rectangularity":1},"geometry":{"type":"Point","coordinates":[34.7731916,50.8659196]}},{"type":"Feature","id":"building-icon/710877626","properties":{"osm_id":"building-icon-710877626","source_osm_id":710877626,"kind":"building_icon","building_icon":"procedural-house-710877626","roof_style":"long","icon_width_z16":10.8401,"icon_height_z16":5.1755,"icon_rotate":49.39,"building_area_m2":36,"building_major_m":8.7,"building_minor_m":4.2,"building_aspect":2.09,"building_rectangularity":0.999},"geometry":{"type":"Point","coordinates":[34.76705305809216,50.86569276440629]}},{"type":"Feature","id":"building-icon/710877627","properties":{"osm_id":"building-icon-710877627","source_osm_id":710877627,"kind":"building_icon","building_icon":"procedural-house-710877627","roof_style":"cottage","icon_width_z16":15.0779,"icon_height_z16":7.4552,"icon_rotate":139.11,"building_area_m2":72.3,"building_major_m":12.1,"building_minor_m":6,"building_aspect":2.02,"building_rectangularity":1},"geometry":{"type":"Point","coordinates":[34.7674232,50.86577295]}},{"type":"Feature","id":"building-icon/710877628","properties":{"osm_id":"building-icon-710877628","source_osm_id":710877628,"kind":"building_icon","building_icon":"procedural-house-710877628","roof_style":"small","icon_width_z16":6.8867,"icon_height_z16":5.7706,"icon_rotate":51.73,"building_area_m2":25.4,"building_major_m":5.5,"building_minor_m":4.6,"building_aspect":1.19,"building_rectangularity":0.992},"geometry":{"type":"Point","coordinates":[34.7688093,50.8659389]}},{"type":"Feature","id":"building-icon/710877629","properties":{"osm_id":"building-icon-710877629","source_osm_id":710877629,"kind":"building_icon","building_icon":"procedural-house-710877629","roof_style":"small","icon_width_z16":10.9066,"icon_height_z16":7.5519,"icon_rotate":52.84,"building_area_m2":52.9,"building_major_m":8.7,"building_minor_m":6.1,"building_aspect":1.44,"building_rectangularity":0.999},"geometry":{"type":"Point","coordinates":[34.7704244,50.865758]}},{"type":"Feature","id":"building-icon/710877630","properties":{"osm_id":"building-icon-710877630","source_osm_id":710877630,"kind":"building_icon","building_icon":"procedural-house-710877630","roof_style":"cottage","icon_width_z16":13.0459,"icon_height_z16":9.964,"icon_rotate":123.94,"building_area_m2":83.5,"building_major_m":10.5,"building_minor_m":8,"building_aspect":1.31,"building_rectangularity":0.999},"geometry":{"type":"Point","coordinates":[34.770000983005836,50.86649210348152]}},{"type":"Feature","id":"building-icon/710877631","properties":{"osm_id":"building-icon-710877631","source_osm_id":710877631,"kind":"building_icon","building_icon":"procedural-house-710877631","roof_style":"cottage","icon_width_z16":25.5483,"icon_height_z16":14.4854,"icon_rotate":129.4,"building_area_m2":237.9,"building_major_m":20.5,"building_minor_m":11.6,"building_aspect":1.76,"building_rectangularity":1},"geometry":{"type":"Point","coordinates":[34.77057698452644,50.86619370433933]}},{"type":"Feature","id":"building-icon/710877632","properties":{"osm_id":"building-icon-710877632","source_osm_id":710877632,"kind":"building_icon","building_icon":"procedural-house-710877632","roof_style":"small","icon_width_z16":10.8935,"icon_height_z16":5.563,"icon_rotate":139.64,"building_area_m2":38.9,"building_major_m":8.7,"building_minor_m":4.5,"building_aspect":1.96,"building_rectangularity":0.998},"geometry":{"type":"Point","coordinates":[34.76875396220904,50.86662103515074]}},{"type":"Feature","id":"building-icon/710877633","properties":{"osm_id":"building-icon-710877633","source_osm_id":710877633,"kind":"building_icon","building_icon":"procedural-house-710877633","roof_style":"square","icon_width_z16":13.9143,"icon_height_z16":13.0424,"icon_rotate":49.63,"building_area_m2":116.5,"building_major_m":11.2,"building_minor_m":10.5,"building_aspect":1.07,"building_rectangularity":0.998},"geometry":{"type":"Point","coordinates":[34.76885584870654,50.86648306676004]}},{"type":"Feature","id":"building-icon/710877634","properties":{"osm_id":"building-icon-710877634","source_osm_id":710877634,"kind":"building_icon","building_icon":"procedural-house-710877634","roof_style":"cottage","icon_width_z16":18.4592,"icon_height_z16":11.6666,"icon_rotate":49.67,"building_area_m2":138.4,"building_major_m":14.8,"building_minor_m":9.4,"building_aspect":1.58,"building_rectangularity":0.999},"geometry":{"type":"Point","coordinates":[34.76916030389727,50.86628076589639]}},{"type":"Feature","id":"building-icon/710877635","properties":{"osm_id":"building-icon-710877635","source_osm_id":710877635,"kind":"building_icon","building_icon":"procedural-house-710877635","roof_style":"cottage","icon_width_z16":14.2341,"icon_height_z16":10.851,"icon_rotate":49.71,"building_area_m2":99.2,"building_major_m":11.4,"building_minor_m":8.7,"building_aspect":1.31,"building_rectangularity":0.999},"geometry":{"type":"Point","coordinates":[34.76928501507086,50.86612503586114]}},{"type":"Feature","id":"building-icon/710877636","properties":{"osm_id":"building-icon-710877636","source_osm_id":710877636,"kind":"building_icon","building_icon":"procedural-house-710877636","roof_style":"cottage","icon_width_z16":20.1741,"icon_height_z16":12.1895,"icon_rotate":49.69,"building_area_m2":158.1,"building_major_m":16.2,"building_minor_m":9.8,"building_aspect":1.66,"building_rectangularity":1},"geometry":{"type":"Point","coordinates":[34.76951838428852,50.86601079626831]}},{"type":"Feature","id":"building-icon/710877637","properties":{"osm_id":"building-icon-710877637","source_osm_id":710877637,"kind":"building_icon","building_icon":"procedural-house-710877637","roof_style":"cottage","icon_width_z16":15.462,"icon_height_z16":10.9478,"icon_rotate":139.63,"building_area_m2":108.6,"building_major_m":12.4,"building_minor_m":8.8,"building_aspect":1.41,"building_rectangularity":0.998},"geometry":{"type":"Point","coordinates":[34.76964445,50.86586605]}},{"type":"Feature","id":"building-icon/710877638","properties":{"osm_id":"building-icon-710877638","source_osm_id":710877638,"kind":"building_icon","building_icon":"procedural-house-710877638","roof_style":"cottage","icon_width_z16":19.0697,"icon_height_z16":11.5636,"icon_rotate":139.66,"building_area_m2":141.8,"building_major_m":15.3,"building_minor_m":9.3,"building_aspect":1.65,"building_rectangularity":1},"geometry":{"type":"Point","coordinates":[34.76982685,50.8657594]}},{"type":"Feature","id":"building-icon/710877639","properties":{"osm_id":"building-icon-710877639","source_osm_id":710877639,"kind":"building_icon","building_icon":"procedural-house-710877639","roof_style":"compound","icon_width_z16":22.2267,"icon_height_z16":16.9216,"icon_rotate":171.04,"building_area_m2":111.4,"building_major_m":17.8,"building_minor_m":13.6,"building_aspect":1.31,"building_rectangularity":0.461},"geometry":{"type":"Point","coordinates":[34.77021840399145,50.865640894707525]}},{"type":"Feature","id":"building-icon/710877640","properties":{"osm_id":"building-icon-710877640","source_osm_id":710877640,"kind":"building_icon","building_icon":"procedural-house-710877640","roof_style":"square","icon_width_z16":15.1427,"icon_height_z16":14.8971,"icon_rotate":139.01,"building_area_m2":141.8,"building_major_m":12.1,"building_minor_m":11.9,"building_aspect":1.02,"building_rectangularity":0.977},"geometry":{"type":"Point","coordinates":[34.77000651677637,50.865596050768964]}},{"type":"Feature","id":"building-icon/710877641","properties":{"osm_id":"building-icon-710877641","source_osm_id":710877641,"kind":"building_icon","building_icon":"procedural-house-710877641","roof_style":"cottage","icon_width_z16":14.0614,"icon_height_z16":8.2797,"icon_rotate":47.86,"building_area_m2":74.8,"building_major_m":11.3,"building_minor_m":6.6,"building_aspect":1.7,"building_rectangularity":0.999},"geometry":{"type":"Point","coordinates":[34.76847766551706,50.86595915351914]}},{"type":"Feature","id":"building-icon/710877642","properties":{"osm_id":"building-icon-710877642","source_osm_id":710877642,"kind":"building_icon","building_icon":"procedural-house-710877642","roof_style":"square","icon_width_z16":12.4902,"icon_height_z16":10.0209,"icon_rotate":47.85,"building_area_m2":80.4,"building_major_m":10,"building_minor_m":8,"building_aspect":1.25,"building_rectangularity":0.999},"geometry":{"type":"Point","coordinates":[34.7679922,50.86631635]}},{"type":"Feature","id":"building-icon/710877643","properties":{"osm_id":"building-icon-710877643","source_osm_id":710877643,"kind":"building_icon","building_icon":"procedural-house-710877643","roof_style":"cottage","icon_width_z16":13.2941,"icon_height_z16":6.9875,"icon_rotate":137.89,"building_area_m2":59.7,"building_major_m":10.7,"building_minor_m":5.6,"building_aspect":1.9,"building_rectangularity":0.999},"geometry":{"type":"Point","coordinates":[34.768416,50.86638235]}},{"type":"Feature","id":"building-icon/710877644","properties":{"osm_id":"building-icon-710877644","source_osm_id":710877644,"kind":"building_icon","building_icon":"procedural-house-710877644","roof_style":"square","icon_width_z16":12.9573,"icon_height_z16":10.4768,"icon_rotate":137.84,"building_area_m2":87.1,"building_major_m":10.4,"building_minor_m":8.4,"building_aspect":1.24,"building_rectangularity":0.998},"geometry":{"type":"Point","coordinates":[34.76823494581466,50.86644156652105]}},{"type":"Feature","id":"building-icon/710877645","properties":{"osm_id":"building-icon-710877645","source_osm_id":710877645,"kind":"building_icon","building_icon":"procedural-house-710877645","roof_style":"square","icon_width_z16":15.6316,"icon_height_z16":12.8661,"icon_rotate":47.9,"building_area_m2":129.1,"building_major_m":12.5,"building_minor_m":10.3,"building_aspect":1.21,"building_rectangularity":0.999},"geometry":{"type":"Point","coordinates":[34.768520598755124,50.86627738344943]}},{"type":"Feature","id":"building-icon/710877646","properties":{"osm_id":"building-icon-710877646","source_osm_id":710877646,"kind":"building_icon","building_icon":"procedural-house-710877646","roof_style":"square","icon_width_z16":14.9406,"icon_height_z16":12.5608,"icon_rotate":47.86,"building_area_m2":120.7,"building_major_m":12,"building_minor_m":10.1,"building_aspect":1.19,"building_rectangularity":1},"geometry":{"type":"Point","coordinates":[34.76870165,50.86612925]}},{"type":"Feature","id":"building-icon/710877647","properties":{"osm_id":"building-icon-710877647","source_osm_id":710877647,"kind":"building_icon","building_icon":"procedural-house-710877647","roof_style":"square","icon_width_z16":13.4232,"icon_height_z16":11.672,"icon_rotate":138,"building_area_m2":100.3,"building_major_m":10.8,"building_minor_m":9.4,"building_aspect":1.15,"building_rectangularity":0.996},"geometry":{"type":"Point","coordinates":[34.7692676,50.86573145]}},{"type":"Feature","id":"building-icon/710877648","properties":{"osm_id":"building-icon-710877648","source_osm_id":710877648,"kind":"building_icon","building_icon":"procedural-house-710877648","roof_style":"cottage","icon_width_z16":14.721,"icon_height_z16":11.7254,"icon_rotate":137.89,"building_area_m2":110.9,"building_major_m":11.8,"building_minor_m":9.4,"building_aspect":1.26,"building_rectangularity":0.999},"geometry":{"type":"Point","coordinates":[34.76946336649281,50.865563849332034]}},{"type":"Feature","id":"building-icon/710877649","properties":{"osm_id":"building-icon-710877649","source_osm_id":710877649,"kind":"building_icon","building_icon":"procedural-house-710877649","roof_style":"square","icon_width_z16":15.5776,"icon_height_z16":14.4045,"icon_rotate":48.06,"building_area_m2":143.4,"building_major_m":12.5,"building_minor_m":11.6,"building_aspect":1.08,"building_rectangularity":0.994},"geometry":{"type":"Point","coordinates":[34.767829916683354,50.86618430094193]}},{"type":"Feature","id":"building-icon/710877650","properties":{"osm_id":"building-icon-710877650","source_osm_id":710877650,"kind":"building_icon","building_icon":"procedural-house-710877650","roof_style":"cottage","icon_width_z16":16.4163,"icon_height_z16":11.1389,"icon_rotate":137.88,"building_area_m2":117.5,"building_major_m":13.2,"building_minor_m":8.9,"building_aspect":1.47,"building_rectangularity":1},"geometry":{"type":"Point","coordinates":[34.76807268392294,50.866033601523974]}},{"type":"Feature","id":"building-icon/710877651","properties":{"osm_id":"building-icon-710877651","source_osm_id":710877651,"kind":"building_icon","building_icon":"procedural-house-710877651","roof_style":"square","icon_width_z16":14.3005,"icon_height_z16":13.7042,"icon_rotate":137.91,"building_area_m2":125.8,"building_major_m":11.5,"building_minor_m":11,"building_aspect":1.04,"building_rectangularity":0.998},"geometry":{"type":"Point","coordinates":[34.76825238518228,50.865884682997134]}},{"type":"Feature","id":"building-icon/710877652","properties":{"osm_id":"building-icon-710877652","source_osm_id":710877652,"kind":"building_icon","building_icon":"procedural-house-710877652","roof_style":"square","icon_width_z16":13.9633,"icon_height_z16":12.9415,"icon_rotate":47.87,"building_area_m2":116.1,"building_major_m":11.2,"building_minor_m":10.4,"building_aspect":1.08,"building_rectangularity":1},"geometry":{"type":"Point","coordinates":[34.768417316685,50.86575175093089]}},{"type":"Feature","id":"building-icon/710877653","properties":{"osm_id":"building-icon-710877653","source_osm_id":710877653,"kind":"building_icon","building_icon":"procedural-house-710877653","roof_style":"square","icon_width_z16":13.524,"icon_height_z16":13.1836,"icon_rotate":47.63,"building_area_m2":113.7,"building_major_m":10.8,"building_minor_m":10.6,"building_aspect":1.03,"building_rectangularity":0.992},"geometry":{"type":"Point","coordinates":[34.7685836342768,50.86562058263485]}},{"type":"Feature","id":"building-icon/710877654","properties":{"osm_id":"building-icon-710877654","source_osm_id":710877654,"kind":"building_icon","building_icon":"procedural-house-710877654","roof_style":"square","icon_width_z16":15.7892,"icon_height_z16":15.2321,"icon_rotate":47.67,"building_area_m2":153.6,"building_major_m":12.7,"building_minor_m":12.2,"building_aspect":1.04,"building_rectangularity":0.993},"geometry":{"type":"Point","coordinates":[34.768825000845254,50.865484283297015]}},{"type":"Feature","id":"building-icon/710877655","properties":{"osm_id":"building-icon-710877655","source_osm_id":710877655,"kind":"building_icon","building_icon":"procedural-house-710877655","roof_style":"square","icon_width_z16":13.894,"icon_height_z16":11.8567,"icon_rotate":137.82,"building_area_m2":105.8,"building_major_m":11.1,"building_minor_m":9.5,"building_aspect":1.17,"building_rectangularity":0.998},"geometry":{"type":"Point","coordinates":[34.7689739,50.8653353]}},{"type":"Feature","id":"building-icon/710877656","properties":{"osm_id":"building-icon-710877656","source_osm_id":710877656,"kind":"building_icon","building_icon":"procedural-house-710877656","roof_style":"square","icon_width_z16":14.1099,"icon_height_z16":14.0515,"icon_rotate":46.76,"building_area_m2":122.6,"building_major_m":11.3,"building_minor_m":11.3,"building_aspect":1,"building_rectangularity":0.962},"geometry":{"type":"Point","coordinates":[34.76915360127788,50.86521853329085]}},{"type":"Feature","id":"building-icon/710877657","properties":{"osm_id":"building-icon-710877657","source_osm_id":710877657,"kind":"building_icon","building_icon":"procedural-house-710877657","roof_style":"small","icon_width_z16":10.6621,"icon_height_z16":6.7958,"icon_rotate":47.82,"building_area_m2":46.5,"building_major_m":8.6,"building_minor_m":5.4,"building_aspect":1.57,"building_rectangularity":0.998},"geometry":{"type":"Point","coordinates":[34.76881965,50.86485625]}},{"type":"Feature","id":"building-icon/710877658","properties":{"osm_id":"building-icon-710877658","source_osm_id":710877658,"kind":"building_icon","building_icon":"procedural-house-710877658","roof_style":"small","icon_width_z16":11.3294,"icon_height_z16":6.5703,"icon_rotate":137.83,"building_area_m2":47.8,"building_major_m":9.1,"building_minor_m":5.3,"building_aspect":1.72,"building_rectangularity":0.998},"geometry":{"type":"Point","coordinates":[34.7689645,50.8649104]}},{"type":"Feature","id":"building-icon/710877659","properties":{"osm_id":"building-icon-710877659","source_osm_id":710877659,"kind":"building_icon","building_icon":"procedural-house-710877659","roof_style":"square","icon_width_z16":11.012,"icon_height_z16":9.3795,"icon_rotate":137.88,"building_area_m2":66.4,"building_major_m":8.8,"building_minor_m":7.5,"building_aspect":1.17,"building_rectangularity":1},"geometry":{"type":"Point","coordinates":[34.7688183,50.86501875]}},{"type":"Feature","id":"building-icon/710877660","properties":{"osm_id":"building-icon-710877660","source_osm_id":710877660,"kind":"building_icon","building_icon":"procedural-house-710877660","roof_style":"cottage","icon_width_z16":13.4631,"icon_height_z16":9.6468,"icon_rotate":47.9,"building_area_m2":83.4,"building_major_m":10.8,"building_minor_m":7.7,"building_aspect":1.4,"building_rectangularity":0.999},"geometry":{"type":"Point","coordinates":[34.7685796,50.86514825]}},{"type":"Feature","id":"building-icon/710877661","properties":{"osm_id":"building-icon-710877661","source_osm_id":710877661,"kind":"building_icon","building_icon":"procedural-house-710877661","roof_style":"square","icon_width_z16":11.0034,"icon_height_z16":9.71,"icon_rotate":137.86,"building_area_m2":68.6,"building_major_m":8.8,"building_minor_m":7.8,"building_aspect":1.13,"building_rectangularity":0.999},"geometry":{"type":"Point","coordinates":[34.768288602988285,50.865331083356544]}},{"type":"Feature","id":"building-icon/710877662","properties":{"osm_id":"building-icon-710877662","source_osm_id":710877662,"kind":"building_icon","building_icon":"procedural-house-710877662","roof_style":"square","icon_width_z16":13.7238,"icon_height_z16":11.1397,"icon_rotate":47.79,"building_area_m2":98,"building_major_m":11,"building_minor_m":8.9,"building_aspect":1.23,"building_rectangularity":0.997},"geometry":{"type":"Point","coordinates":[34.768421350000004,50.86523035]}},{"type":"Feature","id":"building-icon/710877663","properties":{"osm_id":"building-icon-710877663","source_osm_id":710877663,"kind":"building_icon","building_icon":"procedural-house-710877663","roof_style":"square","icon_width_z16":17.4242,"icon_height_z16":14.3554,"icon_rotate":137.9,"building_area_m2":160.7,"building_major_m":14,"building_minor_m":11.5,"building_aspect":1.21,"building_rectangularity":0.999},"geometry":{"type":"Point","coordinates":[34.76804046262836,50.86547751606314]}},{"type":"Feature","id":"building-icon/710877664","properties":{"osm_id":"building-icon-710877664","source_osm_id":710877664,"kind":"building_icon","building_icon":"procedural-house-710877664","roof_style":"cottage","icon_width_z16":14.1359,"icon_height_z16":9.6131,"icon_rotate":47.79,"building_area_m2":87.2,"building_major_m":11.3,"building_minor_m":7.7,"building_aspect":1.47,"building_rectangularity":0.998},"geometry":{"type":"Point","coordinates":[34.76784735,50.8656375]}},{"type":"Feature","id":"building-icon/710877665","properties":{"osm_id":"building-icon-710877665","source_osm_id":710877665,"kind":"building_icon","building_icon":"procedural-house-710877665","roof_style":"square","icon_width_z16":13.1156,"icon_height_z16":12.1804,"icon_rotate":47.99,"building_area_m2":102.3,"building_major_m":10.5,"building_minor_m":9.8,"building_aspect":1.08,"building_rectangularity":0.996},"geometry":{"type":"Point","coordinates":[34.767588550349245,50.86581863331407]}},{"type":"Feature","id":"building-icon/710877666","properties":{"osm_id":"building-icon-710877666","source_osm_id":710877666,"kind":"building_icon","building_icon":"procedural-house-710877666","roof_style":"small","icon_width_z16":10.2504,"icon_height_z16":8.3111,"icon_rotate":47.82,"building_area_m2":54.7,"building_major_m":8.2,"building_minor_m":6.7,"building_aspect":1.23,"building_rectangularity":0.998},"geometry":{"type":"Point","coordinates":[34.76726665,50.8659405]}},{"type":"Feature","id":"building-icon/710877667","properties":{"osm_id":"building-icon-710877667","source_osm_id":710877667,"kind":"building_icon","building_icon":"procedural-house-710877667","roof_style":"square","icon_width_z16":12.8221,"icon_height_z16":12.2401,"icon_rotate":47.54,"building_area_m2":99.8,"building_major_m":10.3,"building_minor_m":9.8,"building_aspect":1.05,"building_rectangularity":0.989},"geometry":{"type":"Point","coordinates":[34.767447733300536,50.86592274922922]}},{"type":"Feature","id":"building-icon/710877668","properties":{"osm_id":"building-icon-710877668","source_osm_id":710877668,"kind":"building_icon","building_icon":"procedural-house-710877668","roof_style":"cottage","icon_width_z16":10.7438,"icon_height_z16":8.4478,"icon_rotate":47.91,"building_area_m2":58.3,"building_major_m":8.6,"building_minor_m":6.8,"building_aspect":1.27,"building_rectangularity":0.999},"geometry":{"type":"Point","coordinates":[34.76671815,50.8656849]}},{"type":"Feature","id":"building-icon/710877669","properties":{"osm_id":"building-icon-710877669","source_osm_id":710877669,"kind":"building_icon","building_icon":"procedural-house-710877669","roof_style":"cottage","icon_width_z16":13.4918,"icon_height_z16":9.6717,"icon_rotate":137.9,"building_area_m2":83.8,"building_major_m":10.8,"building_minor_m":7.8,"building_aspect":1.39,"building_rectangularity":0.999},"geometry":{"type":"Point","coordinates":[34.76688849411849,50.865734816244775]}},{"type":"Feature","id":"building-icon/710877670","properties":{"osm_id":"building-icon-710877670","source_osm_id":710877670,"kind":"building_icon","building_icon":"procedural-house-710877670","roof_style":"square","icon_width_z16":10.3912,"icon_height_z16":10.0292,"icon_rotate":48.26,"building_area_m2":66.1,"building_major_m":8.3,"building_minor_m":8,"building_aspect":1.04,"building_rectangularity":0.986},"geometry":{"type":"Point","coordinates":[34.76621924914676,50.865228666703246]}},{"type":"Feature","id":"building-icon/710877671","properties":{"osm_id":"building-icon-710877671","source_osm_id":710877671,"kind":"building_icon","building_icon":"procedural-house-710877671","roof_style":"cottage","icon_width_z16":15.7861,"icon_height_z16":10.4465,"icon_rotate":137.86,"building_area_m2":106,"building_major_m":12.7,"building_minor_m":8.4,"building_aspect":1.51,"building_rectangularity":1},"geometry":{"type":"Point","coordinates":[34.76612,50.865344650000004]}},{"type":"Feature","id":"building-icon/710877672","properties":{"osm_id":"building-icon-710877672","source_osm_id":710877672,"kind":"building_icon","building_icon":"procedural-house-710877672","roof_style":"square","icon_width_z16":13.6156,"icon_height_z16":11.9991,"icon_rotate":47.7,"building_area_m2":104.5,"building_major_m":10.9,"building_minor_m":9.6,"building_aspect":1.13,"building_rectangularity":0.994},"geometry":{"type":"Point","coordinates":[34.766424449999995,50.86523035]}},{"type":"Feature","id":"building-icon/710877673","properties":{"osm_id":"building-icon-710877673","source_osm_id":710877673,"kind":"building_icon","building_icon":"procedural-house-710877673","roof_style":"cottage","icon_width_z16":13.9882,"icon_height_z16":9.857,"icon_rotate":137.88,"building_area_m2":88.6,"building_major_m":11.2,"building_minor_m":7.9,"building_aspect":1.42,"building_rectangularity":0.999},"geometry":{"type":"Point","coordinates":[34.76652502231268,50.86508478248603]}},{"type":"Feature","id":"building-icon/710877674","properties":{"osm_id":"building-icon-710877674","source_osm_id":710877674,"kind":"building_icon","building_icon":"procedural-house-710877674","roof_style":"cottage","icon_width_z16":12.7359,"icon_height_z16":8.4632,"icon_rotate":137.83,"building_area_m2":69.2,"building_major_m":10.2,"building_minor_m":6.8,"building_aspect":1.5,"building_rectangularity":0.998},"geometry":{"type":"Point","coordinates":[34.766710100000005,50.86501535]}},{"type":"Feature","id":"building-icon/710877675","properties":{"osm_id":"building-icon-710877675","source_osm_id":710877675,"kind":"building_icon","building_icon":"procedural-house-710877675","roof_style":"square","icon_width_z16":11.5497,"icon_height_z16":11.0783,"icon_rotate":47.82,"building_area_m2":82.1,"building_major_m":9.3,"building_minor_m":8.9,"building_aspect":1.04,"building_rectangularity":0.998},"geometry":{"type":"Point","coordinates":[34.76687369921972,50.86483506670182]}},{"type":"Feature","id":"building-icon/710877676","properties":{"osm_id":"building-icon-710877676","source_osm_id":710877676,"kind":"building_icon","building_icon":"procedural-house-710877676","roof_style":"cottage","icon_width_z16":13.4651,"icon_height_z16":6.834,"icon_rotate":137.92,"building_area_m2":59.1,"building_major_m":10.8,"building_minor_m":5.5,"building_aspect":1.97,"building_rectangularity":0.999},"geometry":{"type":"Point","coordinates":[34.767017249999995,50.86472165]}},{"type":"Feature","id":"building-icon/710877677","properties":{"osm_id":"building-icon-710877677","source_osm_id":710877677,"kind":"building_icon","building_icon":"procedural-house-710877677","roof_style":"square","icon_width_z16":11.9488,"icon_height_z16":10.7523,"icon_rotate":137.82,"building_area_m2":82.5,"building_major_m":9.6,"building_minor_m":8.6,"building_aspect":1.11,"building_rectangularity":0.998},"geometry":{"type":"Point","coordinates":[34.76715936666221,50.86463024997271]}},{"type":"Feature","id":"building-icon/710877678","properties":{"osm_id":"building-icon-710877678","source_osm_id":710877678,"kind":"building_icon","building_icon":"procedural-house-710877678","roof_style":"long","icon_width_z16":17.4036,"icon_height_z16":8.0316,"icon_rotate":137.87,"building_area_m2":89.9,"building_major_m":14,"building_minor_m":6.4,"building_aspect":2.17,"building_rectangularity":1},"geometry":{"type":"Point","coordinates":[34.767238500000005,50.8645363]}},{"type":"Feature","id":"building-icon/710877679","properties":{"osm_id":"building-icon-710877679","source_osm_id":710877679,"kind":"building_icon","building_icon":"procedural-house-710877679","roof_style":"long","icon_width_z16":19.3435,"icon_height_z16":5.9642,"icon_rotate":137.87,"building_area_m2":74.1,"building_major_m":15.5,"building_minor_m":4.8,"building_aspect":3.24,"building_rectangularity":0.999},"geometry":{"type":"Point","coordinates":[34.76750137173958,50.864369539731605]}},{"type":"Feature","id":"building-icon/710877680","properties":{"osm_id":"building-icon-710877680","source_osm_id":710877680,"kind":"building_icon","building_icon":"procedural-house-710877680","roof_style":"square","icon_width_z16":12.93,"icon_height_z16":11.4853,"icon_rotate":137.75,"building_area_m2":95.1,"building_major_m":10.4,"building_minor_m":9.2,"building_aspect":1.13,"building_rectangularity":0.996},"geometry":{"type":"Point","coordinates":[34.76736454709804,50.86445501665045]}},{"type":"Feature","id":"building-icon/710877681","properties":{"osm_id":"building-icon-710877681","source_osm_id":710877681,"kind":"building_icon","building_icon":"procedural-house-710877681","roof_style":"cottage","icon_width_z16":12.9869,"icon_height_z16":9.808,"icon_rotate":137.86,"building_area_m2":81.8,"building_major_m":10.4,"building_minor_m":7.9,"building_aspect":1.32,"building_rectangularity":0.999},"geometry":{"type":"Point","coordinates":[34.76760195,50.86429675]}},{"type":"Feature","id":"building-icon/710877682","properties":{"osm_id":"building-icon-710877682","source_osm_id":710877682,"kind":"building_icon","building_icon":"procedural-house-710877682","roof_style":"square","icon_width_z16":15.6254,"icon_height_z16":14.4657,"icon_rotate":137.72,"building_area_m2":144.6,"building_major_m":12.5,"building_minor_m":11.6,"building_aspect":1.08,"building_rectangularity":0.995},"geometry":{"type":"Point","coordinates":[34.76795195,50.8643069]}},{"type":"Feature","id":"building-icon/710877683","properties":{"osm_id":"building-icon-710877683","source_osm_id":710877683,"kind":"building_icon","building_icon":"procedural-house-710877683","roof_style":"square","icon_width_z16":11.6135,"icon_height_z16":10.8006,"icon_rotate":47.86,"building_area_m2":80.1,"building_major_m":9.3,"building_minor_m":8.7,"building_aspect":1.08,"building_rectangularity":0.993},"geometry":{"type":"Point","coordinates":[34.76573245,50.8651652]}},{"type":"Feature","id":"building-icon/710877684","properties":{"osm_id":"building-icon-710877684","source_osm_id":710877684,"kind":"building_icon","building_icon":"procedural-house-710877684","roof_style":"cottage","icon_width_z16":17.2758,"icon_height_z16":8.5692,"icon_rotate":138.02,"building_area_m2":95.1,"building_major_m":13.9,"building_minor_m":6.9,"building_aspect":2.02,"building_rectangularity":0.999},"geometry":{"type":"Point","coordinates":[34.765879964591676,50.865077146700976]}},{"type":"Feature","id":"building-icon/710877685","properties":{"osm_id":"building-icon-710877685","source_osm_id":710877685,"kind":"building_icon","building_icon":"procedural-house-710877685","roof_style":"small","icon_width_z16":11.1856,"icon_height_z16":6.9007,"icon_rotate":138.03,"building_area_m2":49.6,"building_major_m":9,"building_minor_m":5.5,"building_aspect":1.62,"building_rectangularity":0.999},"geometry":{"type":"Point","coordinates":[34.76671145820212,50.8644761842731]}},{"type":"Feature","id":"building-icon/710877686","properties":{"osm_id":"building-icon-710877686","source_osm_id":710877686,"kind":"building_icon","building_icon":"procedural-house-710877686","roof_style":"cottage","icon_width_z16":12.2553,"icon_height_z16":8.1783,"icon_rotate":138.01,"building_area_m2":64.4,"building_major_m":9.8,"building_minor_m":6.6,"building_aspect":1.5,"building_rectangularity":0.999},"geometry":{"type":"Point","coordinates":[34.76637753397346,50.86472420158186]}},{"type":"Feature","id":"building-icon/710877687","properties":{"osm_id":"building-icon-710877687","source_osm_id":710877687,"kind":"building_icon","building_icon":"procedural-house-710877687","roof_style":"cottage","icon_width_z16":24.8578,"icon_height_z16":14.0422,"icon_rotate":41.45,"building_area_m2":162.9,"building_major_m":19.9,"building_minor_m":11.3,"building_aspect":1.77,"building_rectangularity":0.726},"geometry":{"type":"Point","coordinates":[34.766120777393745,50.864635387698236]}},{"type":"Feature","id":"building-icon/710877688","properties":{"osm_id":"building-icon-710877688","source_osm_id":710877688,"kind":"building_icon","building_icon":"procedural-house-710877688","roof_style":"square","icon_width_z16":11.1003,"icon_height_z16":10.5962,"icon_rotate":48.14,"building_area_m2":75.4,"building_major_m":8.9,"building_minor_m":8.5,"building_aspect":1.05,"building_rectangularity":0.996},"geometry":{"type":"Point","coordinates":[34.76648613407951,50.86462433249416]}},{"type":"Feature","id":"building-icon/710877689","properties":{"osm_id":"building-icon-710877689","source_osm_id":710877689,"kind":"building_icon","building_icon":"procedural-house-710877689","roof_style":"cottage","icon_width_z16":11.9787,"icon_height_z16":9.1899,"icon_rotate":138.12,"building_area_m2":70.7,"building_major_m":9.6,"building_minor_m":7.4,"building_aspect":1.3,"building_rectangularity":0.998},"geometry":{"type":"Point","coordinates":[34.76696223357813,50.86429760082735]}},{"type":"Feature","id":"building-icon/710877690","properties":{"osm_id":"building-icon-710877690","source_osm_id":710877690,"kind":"building_icon","building_icon":"procedural-house-710877690","roof_style":"square","icon_width_z16":11.2826,"icon_height_z16":10.4398,"icon_rotate":47.97,"building_area_m2":75.5,"building_major_m":9,"building_minor_m":8.4,"building_aspect":1.08,"building_rectangularity":0.996},"geometry":{"type":"Point","coordinates":[34.76742759960838,50.86399876668957]}},{"type":"Feature","id":"building-icon/710877691","properties":{"osm_id":"building-icon-710877691","source_osm_id":710877691,"kind":"building_icon","building_icon":"procedural-house-710877691","roof_style":"long","icon_width_z16":24.6551,"icon_height_z16":6.6734,"icon_rotate":48.06,"building_area_m2":105.7,"building_major_m":19.8,"building_minor_m":5.4,"building_aspect":3.69,"building_rectangularity":0.999},"geometry":{"type":"Point","coordinates":[34.766872358567475,50.863671210120906]}},{"type":"Feature","id":"building-icon/710877692","properties":{"osm_id":"building-icon-710877692","source_osm_id":710877692,"kind":"building_icon","building_icon":"procedural-house-710877692","roof_style":"square","icon_width_z16":14.1453,"icon_height_z16":12.3959,"icon_rotate":138.05,"building_area_m2":112.7,"building_major_m":11.3,"building_minor_m":9.9,"building_aspect":1.14,"building_rectangularity":1},"geometry":{"type":"Point","coordinates":[34.7667047166416,50.863603449867774]}},{"type":"Feature","id":"building-icon/710877693","properties":{"osm_id":"building-icon-710877693","source_osm_id":710877693,"kind":"building_icon","building_icon":"procedural-house-710877693","roof_style":"cottage","icon_width_z16":13.938,"icon_height_z16":10.2309,"icon_rotate":48.06,"building_area_m2":91.6,"building_major_m":11.2,"building_minor_m":8.2,"building_aspect":1.36,"building_rectangularity":0.999},"geometry":{"type":"Point","coordinates":[34.76629434732146,50.86335293368566]}},{"type":"Feature","id":"building-icon/710877694","properties":{"osm_id":"building-icon-710877694","source_osm_id":710877694,"kind":"building_icon","building_icon":"procedural-house-710877694","roof_style":"square","icon_width_z16":11.0467,"icon_height_z16":10.2447,"icon_rotate":137.95,"building_area_m2":72.5,"building_major_m":8.9,"building_minor_m":8.2,"building_aspect":1.08,"building_rectangularity":0.996},"geometry":{"type":"Point","coordinates":[34.7660637,50.86350365]}},{"type":"Feature","id":"building-icon/710877695","properties":{"osm_id":"building-icon-710877695","source_osm_id":710877695,"kind":"building_icon","building_icon":"procedural-house-710877695","roof_style":"cottage","icon_width_z16":11.5397,"icon_height_z16":8.6157,"icon_rotate":47.95,"building_area_m2":63.7,"building_major_m":9.3,"building_minor_m":6.9,"building_aspect":1.34,"building_rectangularity":0.997},"geometry":{"type":"Point","coordinates":[34.76621388364267,50.863577247859546]}},{"type":"Feature","id":"building-icon/710877696","properties":{"osm_id":"building-icon-710877696","source_osm_id":710877696,"kind":"building_icon","building_icon":"procedural-house-710877696","roof_style":"small","icon_width_z16":11.6999,"icon_height_z16":7.0384,"icon_rotate":138,"building_area_m2":52.9,"building_major_m":9.4,"building_minor_m":5.6,"building_aspect":1.66,"building_rectangularity":0.998},"geometry":{"type":"Point","coordinates":[34.7659792,50.863571300000004]}},{"type":"Feature","id":"building-icon/710877697","properties":{"osm_id":"building-icon-710877697","source_osm_id":710877697,"kind":"building_icon","building_icon":"procedural-house-710877697","roof_style":"small","icon_width_z16":9.9559,"icon_height_z16":9.6484,"icon_rotate":48.91,"building_area_m2":60,"building_major_m":8,"building_minor_m":7.7,"building_aspect":1.03,"building_rectangularity":0.971},"geometry":{"type":"Point","coordinates":[34.76587325,50.8636348]}},{"type":"Feature","id":"building-icon/710877698","properties":{"osm_id":"building-icon-710877698","source_osm_id":710877698,"kind":"building_icon","building_icon":"procedural-house-710877698","roof_style":"small","icon_width_z16":7.8861,"icon_height_z16":7.0892,"icon_rotate":138.22,"building_area_m2":35.7,"building_major_m":6.3,"building_minor_m":5.7,"building_aspect":1.11,"building_rectangularity":0.994},"geometry":{"type":"Point","coordinates":[34.76578336948481,50.86370083333333]}},{"type":"Feature","id":"building-icon/710877699","properties":{"osm_id":"building-icon-710877699","source_osm_id":710877699,"kind":"building_icon","building_icon":"procedural-house-710877699","roof_style":"long","icon_width_z16":12.4619,"icon_height_z16":5.8275,"icon_rotate":138.05,"building_area_m2":46.7,"building_major_m":10,"building_minor_m":4.7,"building_aspect":2.14,"building_rectangularity":0.999},"geometry":{"type":"Point","coordinates":[34.76570698579914,50.86376090366855]}},{"type":"Feature","id":"building-icon/710877700","properties":{"osm_id":"building-icon-710877700","source_osm_id":710877700,"kind":"building_icon","building_icon":"procedural-house-710877700","roof_style":"square","icon_width_z16":10.9683,"icon_height_z16":8.9031,"icon_rotate":138.05,"building_area_m2":62.8,"building_major_m":8.8,"building_minor_m":7.1,"building_aspect":1.23,"building_rectangularity":1},"geometry":{"type":"Point","coordinates":[34.7655943,50.86383205]}},{"type":"Feature","id":"building-icon/710877701","properties":{"osm_id":"building-icon-710877701","source_osm_id":710877701,"kind":"building_icon","building_icon":"procedural-house-710877701","roof_style":"square","icon_width_z16":10.1745,"icon_height_z16":9.4653,"icon_rotate":138.15,"building_area_m2":61.7,"building_major_m":8.2,"building_minor_m":7.6,"building_aspect":1.07,"building_rectangularity":0.996},"geometry":{"type":"Point","coordinates":[34.76542935,50.86394545]}},{"type":"Feature","id":"building-icon/710877702","properties":{"osm_id":"building-icon-710877702","source_osm_id":710877702,"kind":"building_icon","building_icon":"procedural-house-710877702","roof_style":"square","icon_width_z16":13.8205,"icon_height_z16":12.1047,"icon_rotate":138.17,"building_area_m2":107.1,"building_major_m":11.1,"building_minor_m":9.7,"building_aspect":1.14,"building_rectangularity":0.996},"geometry":{"type":"Point","coordinates":[34.76526975,50.86408425]}},{"type":"Feature","id":"building-icon/710877703","properties":{"osm_id":"building-icon-710877703","source_osm_id":710877703,"kind":"building_icon","building_icon":"procedural-house-710877703","roof_style":"cottage","icon_width_z16":11.5531,"icon_height_z16":7.5446,"icon_rotate":138.08,"building_area_m2":56,"building_major_m":9.3,"building_minor_m":6.1,"building_aspect":1.53,"building_rectangularity":0.999},"geometry":{"type":"Point","coordinates":[34.76513831595029,50.86413339830191]}},{"type":"Feature","id":"building-icon/710877704","properties":{"osm_id":"building-icon-710877704","source_osm_id":710877704,"kind":"building_icon","building_icon":"procedural-house-710877704","roof_style":"long","icon_width_z16":14.8805,"icon_height_z16":4.9519,"icon_rotate":138.08,"building_area_m2":47.3,"building_major_m":11.9,"building_minor_m":4,"building_aspect":3,"building_rectangularity":0.999},"geometry":{"type":"Point","coordinates":[34.764965350000004,50.864293350000004]}},{"type":"Feature","id":"building-icon/710877705","properties":{"osm_id":"building-icon-710877705","source_osm_id":710877705,"kind":"building_icon","building_icon":"procedural-house-710877705","roof_style":"cottage","icon_width_z16":14.8598,"icon_height_z16":11.6122,"icon_rotate":48.05,"building_area_m2":110.9,"building_major_m":11.9,"building_minor_m":9.3,"building_aspect":1.28,"building_rectangularity":1},"geometry":{"type":"Point","coordinates":[34.76509406646054,50.86423915188714]}},{"type":"Feature","id":"building-icon/710877706","properties":{"osm_id":"building-icon-710877706","source_osm_id":710877706,"kind":"building_icon","building_icon":"procedural-house-710877706","roof_style":"square","icon_width_z16":11.8416,"icon_height_z16":11.3978,"icon_rotate":48.7,"building_area_m2":84.9,"building_major_m":9.5,"building_minor_m":9.1,"building_aspect":1.04,"building_rectangularity":0.979},"geometry":{"type":"Point","coordinates":[34.76485,50.86437885]}},{"type":"Feature","id":"building-icon/710877707","properties":{"osm_id":"building-icon-710877707","source_osm_id":710877707,"kind":"building_icon","building_icon":"procedural-house-710877707","roof_style":"cottage","icon_width_z16":12.4127,"icon_height_z16":7.9927,"icon_rotate":138.01,"building_area_m2":63.8,"building_major_m":10,"building_minor_m":6.4,"building_aspect":1.55,"building_rectangularity":1},"geometry":{"type":"Point","coordinates":[34.76465285,50.8645185]}},{"type":"Feature","id":"building-icon/710877708","properties":{"osm_id":"building-icon-710877708","source_osm_id":710877708,"kind":"building_icon","building_icon":"procedural-house-710877708","roof_style":"small","icon_width_z16":10.8927,"icon_height_z16":7.5769,"icon_rotate":138.04,"building_area_m2":53,"building_major_m":8.7,"building_minor_m":6.1,"building_aspect":1.44,"building_rectangularity":0.999},"geometry":{"type":"Point","coordinates":[34.76428540638904,50.864304383839524]}},{"type":"Feature","id":"building-icon/710877709","properties":{"osm_id":"building-icon-710877709","source_osm_id":710877709,"kind":"building_icon","building_icon":"procedural-house-710877709","roof_style":"square","icon_width_z16":11.9359,"icon_height_z16":11.1693,"icon_rotate":48.27,"building_area_m2":85.1,"building_major_m":9.6,"building_minor_m":9,"building_aspect":1.07,"building_rectangularity":0.992},"geometry":{"type":"Point","coordinates":[34.76410165,50.86460145]}},{"type":"Feature","id":"building-icon/710877710","properties":{"osm_id":"building-icon-710877710","source_osm_id":710877710,"kind":"building_icon","building_icon":"procedural-house-710877710","roof_style":"square","icon_width_z16":11.7325,"icon_height_z16":10.5396,"icon_rotate":138.14,"building_area_m2":79.3,"building_major_m":9.4,"building_minor_m":8.5,"building_aspect":1.11,"building_rectangularity":0.997},"geometry":{"type":"Point","coordinates":[34.7643055,50.8644288]}},{"type":"Feature","id":"building-icon/710877711","properties":{"osm_id":"building-icon-710877711","source_osm_id":710877711,"kind":"building_icon","building_icon":"procedural-house-710877711","roof_style":"square","icon_width_z16":11.5989,"icon_height_z16":11.3741,"icon_rotate":138.1,"building_area_m2":84.7,"building_major_m":9.3,"building_minor_m":9.1,"building_aspect":1.02,"building_rectangularity":0.998},"geometry":{"type":"Point","coordinates":[34.76448255,50.86430095]}},{"type":"Feature","id":"building-icon/710877712","properties":{"osm_id":"building-icon-710877712","source_osm_id":710877712,"kind":"building_icon","building_icon":"procedural-house-710877712","roof_style":"cottage","icon_width_z16":15.3863,"icon_height_z16":10.6672,"icon_rotate":138.05,"building_area_m2":105.5,"building_major_m":12.3,"building_minor_m":8.6,"building_aspect":1.44,"building_rectangularity":0.999},"geometry":{"type":"Point","coordinates":[34.76442887259552,50.86414608247694]}},{"type":"Feature","id":"building-icon/710877713","properties":{"osm_id":"building-icon-710877713","source_osm_id":710877713,"kind":"building_icon","building_icon":"procedural-house-710877713","roof_style":"long","icon_width_z16":13.8107,"icon_height_z16":6.0845,"icon_rotate":138.04,"building_area_m2":54,"building_major_m":11.1,"building_minor_m":4.9,"building_aspect":2.27,"building_rectangularity":1},"geometry":{"type":"Point","coordinates":[34.7647749,50.86410375]}},{"type":"Feature","id":"building-icon/710877714","properties":{"osm_id":"building-icon-710877714","source_osm_id":710877714,"kind":"building_icon","building_icon":"procedural-house-710877714","roof_style":"square","icon_width_z16":13.6839,"icon_height_z16":11.7122,"icon_rotate":48.05,"building_area_m2":103,"building_major_m":11,"building_minor_m":9.4,"building_aspect":1.17,"building_rectangularity":1},"geometry":{"type":"Point","coordinates":[34.7646636,50.86417145]}},{"type":"Feature","id":"building-icon/710877715","properties":{"osm_id":"building-icon-710877715","source_osm_id":710877715,"kind":"building_icon","building_icon":"procedural-house-710877715","roof_style":"square","icon_width_z16":14.0175,"icon_height_z16":12.5987,"icon_rotate":138.2,"building_area_m2":113,"building_major_m":11.2,"building_minor_m":10.1,"building_aspect":1.11,"building_rectangularity":0.995},"geometry":{"type":"Point","coordinates":[34.764851300000004,50.8640191]}},{"type":"Feature","id":"building-icon/710877716","properties":{"osm_id":"building-icon-710877716","source_osm_id":710877716,"kind":"building_icon","building_icon":"procedural-house-710877716","roof_style":"small","icon_width_z16":12.4583,"icon_height_z16":6.826,"icon_rotate":48.12,"building_area_m2":54.6,"building_major_m":10,"building_minor_m":5.5,"building_aspect":1.83,"building_rectangularity":0.999},"geometry":{"type":"Point","coordinates":[34.76522549325245,50.86325898483033]}},{"type":"Feature","id":"building-icon/710877717","properties":{"osm_id":"building-icon-710877717","source_osm_id":710877717,"kind":"building_icon","building_icon":"procedural-house-710877717","roof_style":"square","icon_width_z16":11.7578,"icon_height_z16":10.974,"icon_rotate":47.88,"building_area_m2":82.5,"building_major_m":9.4,"building_minor_m":8.8,"building_aspect":1.07,"building_rectangularity":0.995},"geometry":{"type":"Point","coordinates":[34.7649801,50.86393785]}},{"type":"Feature","id":"building-icon/710877718","properties":{"osm_id":"building-icon-710877718","source_osm_id":710877718,"kind":"building_icon","building_icon":"procedural-house-710877718","roof_style":"cottage","icon_width_z16":11.3056,"icon_height_z16":8.8916,"icon_rotate":137.99,"building_area_m2":64.5,"building_major_m":9.1,"building_minor_m":7.1,"building_aspect":1.27,"building_rectangularity":0.998},"geometry":{"type":"Point","coordinates":[34.76520401647361,50.86359419929923]}},{"type":"Feature","id":"building-icon/710877719","properties":{"osm_id":"building-icon-710877719","source_osm_id":710877719,"kind":"building_icon","building_icon":"procedural-house-710877719","roof_style":"cottage","icon_width_z16":11.9053,"icon_height_z16":7.8592,"icon_rotate":138.03,"building_area_m2":60.1,"building_major_m":9.5,"building_minor_m":6.3,"building_aspect":1.51,"building_rectangularity":0.999},"geometry":{"type":"Point","coordinates":[34.76515445,50.8638168]}},{"type":"Feature","id":"building-icon/710877720","properties":{"osm_id":"building-icon-710877720","source_osm_id":710877720,"kind":"building_icon","building_icon":"procedural-house-710877720","roof_style":"cottage","icon_width_z16":14.8278,"icon_height_z16":9.5287,"icon_rotate":138.03,"building_area_m2":90.7,"building_major_m":11.9,"building_minor_m":7.6,"building_aspect":1.56,"building_rectangularity":0.999},"geometry":{"type":"Point","coordinates":[34.76518659241884,50.86372621589097]}},{"type":"Feature","id":"building-icon/710877721","properties":{"osm_id":"building-icon-710877721","source_osm_id":710877721,"kind":"building_icon","building_icon":"procedural-house-710877721","roof_style":"cottage","icon_width_z16":11.9053,"icon_height_z16":7.8592,"icon_rotate":138.03,"building_area_m2":60.1,"building_major_m":9.5,"building_minor_m":6.3,"building_aspect":1.51,"building_rectangularity":0.999},"geometry":{"type":"Point","coordinates":[34.76534215,50.8636712]}},{"type":"Feature","id":"building-icon/710877722","properties":{"osm_id":"building-icon-710877722","source_osm_id":710877722,"kind":"building_icon","building_icon":"procedural-house-710877722","roof_style":"long","icon_width_z16":18.4762,"icon_height_z16":6.17,"icon_rotate":138.04,"building_area_m2":73.3,"building_major_m":14.8,"building_minor_m":4.9,"building_aspect":2.99,"building_rectangularity":0.999},"geometry":{"type":"Point","coordinates":[34.76550576889709,50.863544217278445]}},{"type":"Feature","id":"building-icon/710877723","properties":{"osm_id":"building-icon-710877723","source_osm_id":710877723,"kind":"building_icon","building_icon":"procedural-house-710877723","roof_style":"long","icon_width_z16":20.551,"icon_height_z16":7.7239,"icon_rotate":138.05,"building_area_m2":102,"building_major_m":16.5,"building_minor_m":6.2,"building_aspect":2.66,"building_rectangularity":0.999},"geometry":{"type":"Point","coordinates":[34.76542933277928,50.863592462415]}},{"type":"Feature","id":"building-icon/710877724","properties":{"osm_id":"building-icon-710877724","source_osm_id":710877724,"kind":"building_icon","building_icon":"procedural-house-710877724","roof_style":"square","icon_width_z16":13.9463,"icon_height_z16":11.5816,"icon_rotate":137.99,"building_area_m2":103.7,"building_major_m":11.2,"building_minor_m":9.3,"building_aspect":1.2,"building_rectangularity":0.998},"geometry":{"type":"Point","coordinates":[34.76559026657046,50.863476549586]}},{"type":"Feature","id":"building-icon/710877725","properties":{"osm_id":"building-icon-710877725","source_osm_id":710877725,"kind":"building_icon","building_icon":"procedural-house-710877725","roof_style":"square","icon_width_z16":10.9818,"icon_height_z16":10.8301,"icon_rotate":138.57,"building_area_m2":75.1,"building_major_m":8.8,"building_minor_m":8.7,"building_aspect":1.01,"building_rectangularity":0.982},"geometry":{"type":"Point","coordinates":[34.76571365,50.86339695]}},{"type":"Feature","id":"building-icon/710877726","properties":{"osm_id":"building-icon-710877726","source_osm_id":710877726,"kind":"building_icon","building_icon":"procedural-house-710877726","roof_style":"cottage","icon_width_z16":11.7828,"icon_height_z16":8.3695,"icon_rotate":137.97,"building_area_m2":63.3,"building_major_m":9.4,"building_minor_m":6.7,"building_aspect":1.41,"building_rectangularity":0.997},"geometry":{"type":"Point","coordinates":[34.76591481622404,50.863253048755496]}},{"type":"Feature","id":"building-icon/710877727","properties":{"osm_id":"building-icon-710877727","source_osm_id":710877727,"kind":"building_icon","building_icon":"procedural-house-710877727","roof_style":"cottage","icon_width_z16":14.9285,"icon_height_z16":11.5186,"icon_rotate":138.04,"building_area_m2":110.6,"building_major_m":12,"building_minor_m":9.2,"building_aspect":1.3,"building_rectangularity":1},"geometry":{"type":"Point","coordinates":[34.7660583,50.8631608]}},{"type":"Feature","id":"building-icon/710877728","properties":{"osm_id":"building-icon-710877728","source_osm_id":710877728,"kind":"building_icon","building_icon":"procedural-house-710877728","roof_style":"square","icon_width_z16":11.8724,"icon_height_z16":11.4523,"icon_rotate":48.1,"building_area_m2":87.4,"building_major_m":9.5,"building_minor_m":9.2,"building_aspect":1.04,"building_rectangularity":0.999},"geometry":{"type":"Point","coordinates":[34.76536095,50.86293815]}},{"type":"Feature","id":"building-icon/710877729","properties":{"osm_id":"building-icon-710877729","source_osm_id":710877729,"kind":"building_icon","building_icon":"procedural-house-710877729","roof_style":"cottage","icon_width_z16":15.3621,"icon_height_z16":11.4633,"icon_rotate":48.05,"building_area_m2":113.2,"building_major_m":12.3,"building_minor_m":9.2,"building_aspect":1.34,"building_rectangularity":1},"geometry":{"type":"Point","coordinates":[34.76502835,50.86322345]}},{"type":"Feature","id":"building-icon/710877730","properties":{"osm_id":"building-icon-710877730","source_osm_id":710877730,"kind":"building_icon","building_icon":"procedural-house-710877730","roof_style":"square","icon_width_z16":14.6282,"icon_height_z16":14.4278,"icon_rotate":137.13,"building_area_m2":131.6,"building_major_m":11.7,"building_minor_m":11.6,"building_aspect":1.01,"building_rectangularity":0.969},"geometry":{"type":"Point","coordinates":[34.764870099999996,50.86331485]}},{"type":"Feature","id":"building-icon/710877731","properties":{"osm_id":"building-icon-710877731","source_osm_id":710877731,"kind":"building_icon","building_icon":"procedural-house-710877731","roof_style":"cottage","icon_width_z16":13.3342,"icon_height_z16":9.7794,"icon_rotate":138.06,"building_area_m2":83.9,"building_major_m":10.7,"building_minor_m":7.8,"building_aspect":1.36,"building_rectangularity":1},"geometry":{"type":"Point","coordinates":[34.764618,50.8634782]}},{"type":"Feature","id":"building-icon/710877732","properties":{"osm_id":"building-icon-710877732","source_osm_id":710877732,"kind":"building_icon","building_icon":"procedural-house-710877732","roof_style":"square","icon_width_z16":13.0256,"icon_height_z16":12.0216,"icon_rotate":48.15,"building_area_m2":100.4,"building_major_m":10.4,"building_minor_m":9.6,"building_aspect":1.08,"building_rectangularity":0.997},"geometry":{"type":"Point","coordinates":[34.76440475,50.86361875]}},{"type":"Feature","id":"building-icon/710877733","properties":{"osm_id":"building-icon-710877733","source_osm_id":710877733,"kind":"building_icon","building_icon":"procedural-house-710877733","roof_style":"square","icon_width_z16":12.9286,"icon_height_z16":12.6153,"icon_rotate":47.5,"building_area_m2":103,"building_major_m":10.4,"building_minor_m":10.1,"building_aspect":1.02,"building_rectangularity":0.982},"geometry":{"type":"Point","coordinates":[34.76421835,50.8637457]}},{"type":"Feature","id":"building-icon/710877734","properties":{"osm_id":"building-icon-710877734","source_osm_id":710877734,"kind":"building_icon","building_icon":"procedural-house-710877734","roof_style":"long","icon_width_z16":16.446,"icon_height_z16":5.6202,"icon_rotate":138.03,"building_area_m2":59.4,"building_major_m":13.2,"building_minor_m":4.5,"building_aspect":2.93,"building_rectangularity":0.999},"geometry":{"type":"Point","coordinates":[34.76394741145656,50.863945444111025]}},{"type":"Feature","id":"building-icon/710877735","properties":{"osm_id":"building-icon-710877735","source_osm_id":710877735,"kind":"building_icon","building_icon":"procedural-house-710877735","roof_style":"cottage","icon_width_z16":13.2677,"icon_height_z16":8.4389,"icon_rotate":138.04,"building_area_m2":72,"building_major_m":10.6,"building_minor_m":6.8,"building_aspect":1.57,"building_rectangularity":1},"geometry":{"type":"Point","coordinates":[34.764027899999995,50.863874349999996]}},{"type":"Feature","id":"building-icon/710877736","properties":{"osm_id":"building-icon-710877736","source_osm_id":710877736,"kind":"building_icon","building_icon":"procedural-house-710877736","roof_style":"small","icon_width_z16":11.5992,"icon_height_z16":7.277,"icon_rotate":138.04,"building_area_m2":54.2,"building_major_m":9.3,"building_minor_m":5.8,"building_aspect":1.59,"building_rectangularity":0.999},"geometry":{"type":"Point","coordinates":[34.76382675793659,50.864002184204864]}},{"type":"Feature","id":"building-icon/710877737","properties":{"osm_id":"building-icon-710877737","source_osm_id":710877737,"kind":"building_icon","building_icon":"procedural-house-710877737","roof_style":"small","icon_width_z16":11.6124,"icon_height_z16":7.2812,"icon_rotate":138.02,"building_area_m2":54.3,"building_major_m":9.3,"building_minor_m":5.8,"building_aspect":1.59,"building_rectangularity":0.999},"geometry":{"type":"Point","coordinates":[34.763529000000005,50.864245950000004]}},{"type":"Feature","id":"building-icon/710877738","properties":{"osm_id":"building-icon-710877738","source_osm_id":710877738,"kind":"building_icon","building_icon":"procedural-house-710877738","roof_style":"square","icon_width_z16":12.7443,"icon_height_z16":10.6669,"icon_rotate":48.06,"building_area_m2":87.3,"building_major_m":10.2,"building_minor_m":8.6,"building_aspect":1.19,"building_rectangularity":0.999},"geometry":{"type":"Point","coordinates":[34.7636872490616,50.86414438341782]}},{"type":"Feature","id":"building-icon/710877739","properties":{"osm_id":"building-icon-710877739","source_osm_id":710877739,"kind":"building_icon","building_icon":"procedural-house-710877739","roof_style":"cottage","icon_width_z16":16.5382,"icon_height_z16":10.4351,"icon_rotate":48.06,"building_area_m2":110.9,"building_major_m":13.3,"building_minor_m":8.4,"building_aspect":1.58,"building_rectangularity":0.999},"geometry":{"type":"Point","coordinates":[34.76337075,50.8643052]}},{"type":"Feature","id":"building-icon/710877740","properties":{"osm_id":"building-icon-710877740","source_osm_id":710877740,"kind":"building_icon","building_icon":"procedural-house-710877740","roof_style":"small","icon_width_z16":9.8296,"icon_height_z16":9.151,"icon_rotate":138.2,"building_area_m2":57.6,"building_major_m":7.9,"building_minor_m":7.3,"building_aspect":1.07,"building_rectangularity":0.995},"geometry":{"type":"Point","coordinates":[34.76316823330715,50.86435004981499]}},{"type":"Feature","id":"building-icon/710917053","properties":{"osm_id":"building-icon-710917053","source_osm_id":710917053,"kind":"building_icon","building_icon":"procedural-house-710917053","roof_style":"square","icon_width_z16":15.8529,"icon_height_z16":14.0287,"icon_rotate":39.58,"building_area_m2":142.9,"building_major_m":12.7,"building_minor_m":11.2,"building_aspect":1.13,"building_rectangularity":0.999},"geometry":{"type":"Point","coordinates":[34.76725728737446,50.873685417104156]}},{"type":"Feature","id":"building-icon/710917157","properties":{"osm_id":"building-icon-710917157","source_osm_id":710917157,"kind":"building_icon","building_icon":"procedural-house-710917157","roof_style":"compound","icon_width_z16":25.9887,"icon_height_z16":23.391,"icon_rotate":69.95,"building_area_m2":205,"building_major_m":20.8,"building_minor_m":18.8,"building_aspect":1.11,"building_rectangularity":0.525},"geometry":{"type":"Point","coordinates":[34.760757053186296,50.87392028976924]}},{"type":"Feature","id":"building-icon/710917159","properties":{"osm_id":"building-icon-710917159","source_osm_id":710917159,"kind":"building_icon","building_icon":"procedural-house-710917159","roof_style":"cottage","icon_width_z16":15.4251,"icon_height_z16":10.1471,"icon_rotate":37.54,"building_area_m2":100.6,"building_major_m":12.4,"building_minor_m":8.1,"building_aspect":1.52,"building_rectangularity":0.999},"geometry":{"type":"Point","coordinates":[34.76206225,50.8740673]}},{"type":"Feature","id":"building-icon/710917160","properties":{"osm_id":"building-icon-710917160","source_osm_id":710917160,"kind":"building_icon","building_icon":"procedural-house-710917160","roof_style":"square","icon_width_z16":15.3596,"icon_height_z16":14.7745,"icon_rotate":125.74,"building_area_m2":145.3,"building_major_m":12.3,"building_minor_m":11.8,"building_aspect":1.04,"building_rectangularity":0.996},"geometry":{"type":"Point","coordinates":[34.76182445373632,50.87386871710338]}},{"type":"Feature","id":"building-icon/710917161","properties":{"osm_id":"building-icon-710917161","source_osm_id":710917161,"kind":"building_icon","building_icon":"procedural-house-710917161","roof_style":"square","icon_width_z16":15.973,"icon_height_z16":14.6732,"icon_rotate":132.6,"building_area_m2":150.6,"building_major_m":12.8,"building_minor_m":11.8,"building_aspect":1.09,"building_rectangularity":0.999},"geometry":{"type":"Point","coordinates":[34.76164889997866,50.873688216665535]}},{"type":"Feature","id":"building-icon/710917162","properties":{"osm_id":"building-icon-710917162","source_osm_id":710917162,"kind":"building_icon","building_icon":"procedural-house-710917162","roof_style":"long","icon_width_z16":20.4439,"icon_height_z16":5.3349,"icon_rotate":46.38,"building_area_m2":70.1,"building_major_m":16.4,"building_minor_m":4.3,"building_aspect":3.83,"building_rectangularity":0.999},"geometry":{"type":"Point","coordinates":[34.761322107958755,50.87343805991465]}},{"type":"Feature","id":"building-icon/710917163","properties":{"osm_id":"building-icon-710917163","source_osm_id":710917163,"kind":"building_icon","building_icon":"procedural-house-710917163","roof_style":"square","icon_width_z16":15.3658,"icon_height_z16":14.7166,"icon_rotate":45.93,"building_area_m2":143.7,"building_major_m":12.3,"building_minor_m":11.8,"building_aspect":1.04,"building_rectangularity":0.988},"geometry":{"type":"Point","coordinates":[34.7614182,50.87353905]}},{"type":"Feature","id":"building-icon/710917164","properties":{"osm_id":"building-icon-710917164","source_osm_id":710917164,"kind":"building_icon","building_icon":"procedural-house-710917164","roof_style":"square","icon_width_z16":17.1946,"icon_height_z16":15.0599,"icon_rotate":127.07,"building_area_m2":166.5,"building_major_m":13.8,"building_minor_m":12.1,"building_aspect":1.14,"building_rectangularity":1},"geometry":{"type":"Point","coordinates":[34.7632809,50.8739698]}},{"type":"Feature","id":"building-icon/710917165","properties":{"osm_id":"building-icon-710917165","source_osm_id":710917165,"kind":"building_icon","building_icon":"procedural-house-710917165","roof_style":"square","icon_width_z16":13.3999,"icon_height_z16":11.9086,"icon_rotate":127.16,"building_area_m2":102.4,"building_major_m":10.7,"building_minor_m":9.5,"building_aspect":1.13,"building_rectangularity":0.998},"geometry":{"type":"Point","coordinates":[34.763118649999996,50.8738048]}},{"type":"Feature","id":"building-icon/710917166","properties":{"osm_id":"building-icon-710917166","source_osm_id":710917166,"kind":"building_icon","building_icon":"procedural-house-710917166","roof_style":"cottage","icon_width_z16":15.0291,"icon_height_z16":7.7982,"icon_rotate":37.12,"building_area_m2":75.3,"building_major_m":12.1,"building_minor_m":6.3,"building_aspect":1.93,"building_rectangularity":0.999},"geometry":{"type":"Point","coordinates":[34.76296978480754,50.873710848046805]}},{"type":"Feature","id":"building-icon/710917167","properties":{"osm_id":"building-icon-710917167","source_osm_id":710917167,"kind":"building_icon","building_icon":"procedural-house-710917167","roof_style":"long","icon_width_z16":17.2291,"icon_height_z16":6.8405,"icon_rotate":127.08,"building_area_m2":75.7,"building_major_m":13.8,"building_minor_m":5.5,"building_aspect":2.52,"building_rectangularity":0.999},"geometry":{"type":"Point","coordinates":[34.762680086690864,50.873654157675205]}},{"type":"Feature","id":"building-icon/710917168","properties":{"osm_id":"building-icon-710917168","source_osm_id":710917168,"kind":"building_icon","building_icon":"procedural-house-710917168","roof_style":"square","icon_width_z16":16.3438,"icon_height_z16":16.1817,"icon_rotate":127.09,"building_area_m2":170,"building_major_m":13.1,"building_minor_m":13,"building_aspect":1.01,"building_rectangularity":1},"geometry":{"type":"Point","coordinates":[34.762859799999994,50.8736059]}},{"type":"Feature","id":"building-icon/710917169","properties":{"osm_id":"building-icon-710917169","source_osm_id":710917169,"kind":"building_icon","building_icon":"procedural-house-710917169","roof_style":"square","icon_width_z16":12.95,"icon_height_z16":12.4205,"icon_rotate":37.4,"building_area_m2":102.4,"building_major_m":10.4,"building_minor_m":10,"building_aspect":1.04,"building_rectangularity":0.99},"geometry":{"type":"Point","coordinates":[34.76264923302579,50.873423101212985]}},{"type":"Feature","id":"building-icon/710917170","properties":{"osm_id":"building-icon-710917170","source_osm_id":710917170,"kind":"building_icon","building_icon":"procedural-house-710917170","roof_style":"long","icon_width_z16":16.672,"icon_height_z16":6.8551,"icon_rotate":37.11,"building_area_m2":73.4,"building_major_m":13.4,"building_minor_m":5.5,"building_aspect":2.43,"building_rectangularity":0.999},"geometry":{"type":"Point","coordinates":[34.7625138,50.8732564]}},{"type":"Feature","id":"building-icon/710917171","properties":{"osm_id":"building-icon-710917171","source_osm_id":710917171,"kind":"building_icon","building_icon":"procedural-house-710917171","roof_style":"cottage","icon_width_z16":14.2397,"icon_height_z16":9.8662,"icon_rotate":37.08,"building_area_m2":90.3,"building_major_m":11.4,"building_minor_m":7.9,"building_aspect":1.44,"building_rectangularity":0.999},"geometry":{"type":"Point","coordinates":[34.76223215879854,50.87307696643501]}},{"type":"Feature","id":"building-icon/710917172","properties":{"osm_id":"building-icon-710917172","source_osm_id":710917172,"kind":"building_icon","building_icon":"procedural-house-710917172","roof_style":"cottage","icon_width_z16":17.6264,"icon_height_z16":10.9752,"icon_rotate":127.1,"building_area_m2":124.3,"building_major_m":14.1,"building_minor_m":8.8,"building_aspect":1.61,"building_rectangularity":0.999},"geometry":{"type":"Point","coordinates":[34.762517802481774,50.87277063393471]}},{"type":"Feature","id":"building-icon/710917173","properties":{"osm_id":"building-icon-710917173","source_osm_id":710917173,"kind":"building_icon","building_icon":"procedural-house-710917173","roof_style":"cottage","icon_width_z16":22.8671,"icon_height_z16":16.113,"icon_rotate":127.09,"building_area_m2":236.9,"building_major_m":18.3,"building_minor_m":12.9,"building_aspect":1.42,"building_rectangularity":1},"geometry":{"type":"Point","coordinates":[34.76278335,50.8729086]}},{"type":"Feature","id":"building-icon/710917174","properties":{"osm_id":"building-icon-710917174","source_osm_id":710917174,"kind":"building_icon","building_icon":"procedural-house-710917174","roof_style":"square","icon_width_z16":19.1775,"icon_height_z16":18.3362,"icon_rotate":127.01,"building_area_m2":225.5,"building_major_m":15.4,"building_minor_m":14.7,"building_aspect":1.05,"building_rectangularity":0.997},"geometry":{"type":"Point","coordinates":[34.763345253011224,50.872315316974344]}},{"type":"Feature","id":"building-icon/710917175","properties":{"osm_id":"building-icon-710917175","source_osm_id":710917175,"kind":"building_icon","building_icon":"procedural-house-710917175","roof_style":"square","icon_width_z16":16.71,"icon_height_z16":14.9998,"icon_rotate":127.21,"building_area_m2":160.5,"building_major_m":13.4,"building_minor_m":12,"building_aspect":1.11,"building_rectangularity":0.996},"geometry":{"type":"Point","coordinates":[34.76358265,50.8724736]}},{"type":"Feature","id":"building-icon/710917176","properties":{"osm_id":"building-icon-710917176","source_osm_id":710917176,"kind":"building_icon","building_icon":"procedural-house-710917176","roof_style":"cottage","icon_width_z16":24.2437,"icon_height_z16":13.9128,"icon_rotate":127.11,"building_area_m2":216.8,"building_major_m":19.4,"building_minor_m":11.2,"building_aspect":1.74,"building_rectangularity":0.999},"geometry":{"type":"Point","coordinates":[34.76316555355605,50.873231034288075]}},{"type":"Feature","id":"building-icon/710917177","properties":{"osm_id":"building-icon-710917177","source_osm_id":710917177,"kind":"building_icon","building_icon":"procedural-house-710917177","roof_style":"cottage","icon_width_z16":21.5611,"icon_height_z16":15.124,"icon_rotate":127.09,"building_area_m2":209.7,"building_major_m":17.3,"building_minor_m":12.1,"building_aspect":1.43,"building_rectangularity":1},"geometry":{"type":"Point","coordinates":[34.76399035,50.8728214]}},{"type":"Feature","id":"building-icon/710917178","properties":{"osm_id":"building-icon-710917178","source_osm_id":710917178,"kind":"building_icon","building_icon":"procedural-house-710917178","roof_style":"square","icon_width_z16":14.7118,"icon_height_z16":14.3608,"icon_rotate":37.43,"building_area_m2":134.3,"building_major_m":11.8,"building_minor_m":11.5,"building_aspect":1.02,"building_rectangularity":0.988},"geometry":{"type":"Point","coordinates":[34.763758320899896,50.87371171567264]}},{"type":"Feature","id":"building-icon/710917179","properties":{"osm_id":"building-icon-710917179","source_osm_id":710917179,"kind":"building_icon","building_icon":"procedural-house-710917179","roof_style":"square","icon_width_z16":14.0608,"icon_height_z16":12.9966,"icon_rotate":127.16,"building_area_m2":117.3,"building_major_m":11.3,"building_minor_m":10.4,"building_aspect":1.08,"building_rectangularity":0.998},"geometry":{"type":"Point","coordinates":[34.76365505,50.87346205]}},{"type":"Feature","id":"building-icon/710917180","properties":{"osm_id":"building-icon-710917180","source_osm_id":710917180,"kind":"building_icon","building_icon":"procedural-house-710917180","roof_style":"square","icon_width_z16":17.2947,"icon_height_z16":15.8513,"icon_rotate":36.96,"building_area_m2":175.5,"building_major_m":13.9,"building_minor_m":12.7,"building_aspect":1.09,"building_rectangularity":0.995},"geometry":{"type":"Point","coordinates":[34.76342440476244,50.87336811695134]}},{"type":"Feature","id":"building-icon/710917181","properties":{"osm_id":"building-icon-710917181","source_osm_id":710917181,"kind":"building_icon","building_icon":"procedural-house-710917181","roof_style":"manor","icon_width_z16":53.0307,"icon_height_z16":15.5911,"icon_rotate":37.09,"building_area_m2":531.5,"building_major_m":42.5,"building_minor_m":12.5,"building_aspect":3.4,"building_rectangularity":1},"geometry":{"type":"Point","coordinates":[34.764470477174186,50.873389260182805]}},{"type":"Feature","id":"building-icon/710917194","properties":{"osm_id":"building-icon-710917194","source_osm_id":710917194,"kind":"building_icon","building_icon":"procedural-house-710917194","roof_style":"small","icon_width_z16":9.0465,"icon_height_z16":8.8762,"icon_rotate":37.53,"building_area_m2":50.7,"building_major_m":7.3,"building_minor_m":7.1,"building_aspect":1.02,"building_rectangularity":0.982},"geometry":{"type":"Point","coordinates":[34.76551785,50.873983349999996]}},{"type":"Feature","id":"building-icon/710917196","properties":{"osm_id":"building-icon-710917196","source_osm_id":710917196,"kind":"building_icon","building_icon":"procedural-house-710917196","roof_style":"square","icon_width_z16":16.0732,"icon_height_z16":13.7705,"icon_rotate":128.03,"building_area_m2":142.3,"building_major_m":12.9,"building_minor_m":11,"building_aspect":1.17,"building_rectangularity":1},"geometry":{"type":"Point","coordinates":[34.7641325,50.87406885]}},{"type":"Feature","id":"building-icon/710917197","properties":{"osm_id":"building-icon-710917197","source_osm_id":710917197,"kind":"building_icon","building_icon":"procedural-house-710917197","roof_style":"square","icon_width_z16":16.6872,"icon_height_z16":15.6109,"icon_rotate":37.99,"building_area_m2":167.2,"building_major_m":13.4,"building_minor_m":12.5,"building_aspect":1.07,"building_rectangularity":0.998},"geometry":{"type":"Point","coordinates":[34.7643672,50.873933449999996]}},{"type":"Feature","id":"building-icon/710917198","properties":{"osm_id":"building-icon-710917198","source_osm_id":710917198,"kind":"building_icon","building_icon":"procedural-house-710917198","roof_style":"manor","icon_width_z16":22.4164,"icon_height_z16":19.0201,"icon_rotate":128.02,"building_area_m2":274.2,"building_major_m":18,"building_minor_m":15.3,"building_aspect":1.18,"building_rectangularity":1},"geometry":{"type":"Point","coordinates":[34.764622,50.8738429]}},{"type":"Feature","id":"building-icon/710917199","properties":{"osm_id":"building-icon-710917199","source_osm_id":710917199,"kind":"building_icon","building_icon":"procedural-house-710917199","roof_style":"compound","icon_width_z16":28.7808,"icon_height_z16":22.2572,"icon_rotate":104.6,"building_area_m2":213.9,"building_major_m":23.1,"building_minor_m":17.8,"building_aspect":1.29,"building_rectangularity":0.519},"geometry":{"type":"Point","coordinates":[34.765044690607716,50.87361428810738]}},{"type":"Feature","id":"building-icon/710917200","properties":{"osm_id":"building-icon-710917200","source_osm_id":710917200,"kind":"building_icon","building_icon":"procedural-house-710917200","roof_style":"small","icon_width_z16":9.3605,"icon_height_z16":5.6529,"icon_rotate":38.88,"building_area_m2":34,"building_major_m":7.5,"building_minor_m":4.5,"building_aspect":1.66,"building_rectangularity":0.999},"geometry":{"type":"Point","coordinates":[34.76533421579896,50.873383101503755]}},{"type":"Feature","id":"building-icon/710917201","properties":{"osm_id":"building-icon-710917201","source_osm_id":710917201,"kind":"building_icon","building_icon":"procedural-house-710917201","roof_style":"square","icon_width_z16":17.1154,"icon_height_z16":16.8716,"icon_rotate":128.63,"building_area_m2":182.7,"building_major_m":13.7,"building_minor_m":13.5,"building_aspect":1.01,"building_rectangularity":0.984},"geometry":{"type":"Point","coordinates":[34.765573652937455,50.87335861690284]}},{"type":"Feature","id":"building-icon/710917202","properties":{"osm_id":"building-icon-710917202","source_osm_id":710917202,"kind":"building_icon","building_icon":"procedural-house-710917202","roof_style":"small","icon_width_z16":8.8237,"icon_height_z16":7.9024,"icon_rotate":131.74,"building_area_m2":44.8,"building_major_m":7.1,"building_minor_m":6.3,"building_aspect":1.12,"building_rectangularity":0.999},"geometry":{"type":"Point","coordinates":[34.76552446666943,50.873534348821245]}},{"type":"Feature","id":"building-icon/710917203","properties":{"osm_id":"building-icon-710917203","source_osm_id":710917203,"kind":"building_icon","building_icon":"procedural-house-710917203","roof_style":"square","icon_width_z16":16.0354,"icon_height_z16":13.1555,"icon_rotate":129.05,"building_area_m2":135.6,"building_major_m":12.9,"building_minor_m":10.5,"building_aspect":1.22,"building_rectangularity":1},"geometry":{"type":"Point","coordinates":[34.765759949999996,50.8734868]}},{"type":"Feature","id":"building-icon/710917204","properties":{"osm_id":"building-icon-710917204","source_osm_id":710917204,"kind":"building_icon","building_icon":"procedural-house-710917204","roof_style":"long","icon_width_z16":21.1187,"icon_height_z16":9.0023,"icon_rotate":34.57,"building_area_m2":122.2,"building_major_m":16.9,"building_minor_m":7.2,"building_aspect":2.35,"building_rectangularity":1},"geometry":{"type":"Point","coordinates":[34.7660311357935,50.87339394754861]}},{"type":"Feature","id":"building-icon/710917205","properties":{"osm_id":"building-icon-710917205","source_osm_id":710917205,"kind":"building_icon","building_icon":"procedural-house-710917205","roof_style":"long","icon_width_z16":15.5809,"icon_height_z16":7.04,"icon_rotate":33.95,"building_area_m2":70.5,"building_major_m":12.5,"building_minor_m":5.6,"building_aspect":2.21,"building_rectangularity":0.999},"geometry":{"type":"Point","coordinates":[34.76646566826785,50.87377926470974]}},{"type":"Feature","id":"building-icon/710917206","properties":{"osm_id":"building-icon-710917206","source_osm_id":710917206,"kind":"building_icon","building_icon":"procedural-house-710917206","roof_style":"cottage","icon_width_z16":17.7364,"icon_height_z16":13.2252,"icon_rotate":128.55,"building_area_m2":150.7,"building_major_m":14.2,"building_minor_m":10.6,"building_aspect":1.34,"building_rectangularity":0.999},"geometry":{"type":"Point","coordinates":[34.76633863347381,50.873657602795454]}},{"type":"Feature","id":"building-icon/710917207","properties":{"osm_id":"building-icon-710917207","source_osm_id":710917207,"kind":"building_icon","building_icon":"procedural-house-710917207","roof_style":"manor","icon_width_z16":30.5233,"icon_height_z16":15.4185,"icon_rotate":37.55,"building_area_m2":302.5,"building_major_m":24.5,"building_minor_m":12.4,"building_aspect":1.98,"building_rectangularity":0.999},"geometry":{"type":"Point","coordinates":[34.7665048,50.8740289]}},{"type":"Feature","id":"building-icon/710917209","properties":{"osm_id":"building-icon-710917209","source_osm_id":710917209,"kind":"building_icon","building_icon":"procedural-house-710917209","roof_style":"manor","icon_width_z16":52.0561,"icon_height_z16":16.2144,"icon_rotate":129.88,"building_area_m2":542.6,"building_major_m":41.7,"building_minor_m":13,"building_aspect":3.21,"building_rectangularity":1},"geometry":{"type":"Point","coordinates":[34.765930975558085,50.87378638016762]}},{"type":"Feature","id":"building-icon/858429330","properties":{"osm_id":"building-icon-858429330","source_osm_id":858429330,"kind":"building_icon","building_icon":"procedural-house-858429330","roof_style":"cottage","icon_width_z16":12.4922,"icon_height_z16":7.7504,"icon_rotate":33.14,"building_area_m2":62.2,"building_major_m":10,"building_minor_m":6.2,"building_aspect":1.61,"building_rectangularity":0.999},"geometry":{"type":"Point","coordinates":[34.771388550000005,50.87330505]}},{"type":"Feature","id":"building-icon/858440490","properties":{"osm_id":"building-icon-858440490","source_osm_id":858440490,"kind":"building_icon","building_icon":"procedural-house-858440490","roof_style":"compound","icon_width_z16":49.8302,"icon_height_z16":39.3578,"icon_rotate":146.76,"building_area_m2":549.3,"building_major_m":40,"building_minor_m":31.6,"building_aspect":1.27,"building_rectangularity":0.436},"geometry":{"type":"Point","coordinates":[34.77577076658341,50.87385459571908]}},{"type":"Feature","id":"building-icon/858440491","properties":{"osm_id":"building-icon-858440491","source_osm_id":858440491,"kind":"building_icon","building_icon":"procedural-house-858440491","roof_style":"square","icon_width_z16":12.9905,"icon_height_z16":12.8014,"icon_rotate":24.76,"building_area_m2":105.5,"building_major_m":10.4,"building_minor_m":10.3,"building_aspect":1.01,"building_rectangularity":0.986},"geometry":{"type":"Point","coordinates":[34.7754792,50.8740838]}},{"type":"Feature","id":"building-icon/858440497","properties":{"osm_id":"building-icon-858440497","source_osm_id":858440497,"kind":"building_icon","building_icon":"procedural-house-858440497","roof_style":"square","icon_width_z16":17.7053,"icon_height_z16":14.6026,"icon_rotate":129.64,"building_area_m2":166,"building_major_m":14.2,"building_minor_m":11.7,"building_aspect":1.21,"building_rectangularity":0.999},"geometry":{"type":"Point","coordinates":[34.771557066661764,50.87215079797684]}},{"type":"Feature","id":"building-icon/858440498","properties":{"osm_id":"building-icon-858440498","source_osm_id":858440498,"kind":"building_icon","building_icon":"procedural-house-858440498","roof_style":"manor","icon_width_z16":22.4552,"icon_height_z16":20.5144,"icon_rotate":127.49,"building_area_m2":295.3,"building_major_m":18,"building_minor_m":16.5,"building_aspect":1.09,"building_rectangularity":0.997},"geometry":{"type":"Point","coordinates":[34.77465448307455,50.87050435186104]}},{"type":"Feature","id":"building-icon/858440499","properties":{"osm_id":"building-icon-858440499","source_osm_id":858440499,"kind":"building_icon","building_icon":"procedural-house-858440499","roof_style":"manor","icon_width_z16":61.9905,"icon_height_z16":15.044,"icon_rotate":39,"building_area_m2":599.6,"building_major_m":49.7,"building_minor_m":12.1,"building_aspect":4.12,"building_rectangularity":1},"geometry":{"type":"Point","coordinates":[34.772709242784906,50.871487392187156]}},{"type":"Feature","id":"building-icon/858440500","properties":{"osm_id":"building-icon-858440500","source_osm_id":858440500,"kind":"building_icon","building_icon":"procedural-house-858440500","roof_style":"manor","icon_width_z16":21.8779,"icon_height_z16":17.6569,"icon_rotate":39.31,"building_area_m2":248.3,"building_major_m":17.5,"building_minor_m":14.2,"building_aspect":1.24,"building_rectangularity":0.999},"geometry":{"type":"Point","coordinates":[34.77345519449201,50.87107088335909]}},{"type":"Feature","id":"building-icon/858440501","properties":{"osm_id":"building-icon-858440501","source_osm_id":858440501,"kind":"building_icon","building_icon":"procedural-house-858440501","roof_style":"manor","icon_width_z16":22.2149,"icon_height_z16":18.3785,"icon_rotate":36.32,"building_area_m2":261.8,"building_major_m":17.8,"building_minor_m":14.7,"building_aspect":1.21,"building_rectangularity":0.997},"geometry":{"type":"Point","coordinates":[34.77371758310378,50.870942200580956]}},{"type":"Feature","id":"building-icon/858440502","properties":{"osm_id":"building-icon-858440502","source_osm_id":858440502,"kind":"building_icon","building_icon":"procedural-house-858440502","roof_style":"square","icon_width_z16":17.0122,"icon_height_z16":16.4932,"icon_rotate":123.68,"building_area_m2":178.9,"building_major_m":13.6,"building_minor_m":13.2,"building_aspect":1.03,"building_rectangularity":0.991},"geometry":{"type":"Point","coordinates":[34.773362604568284,50.87063476727716]}},{"type":"Feature","id":"building-icon/858440503","properties":{"osm_id":"building-icon-858440503","source_osm_id":858440503,"kind":"building_icon","building_icon":"procedural-house-858440503","roof_style":"cottage","icon_width_z16":14.7454,"icon_height_z16":8.3654,"icon_rotate":32.71,"building_area_m2":79.3,"building_major_m":11.8,"building_minor_m":6.7,"building_aspect":1.76,"building_rectangularity":1},"geometry":{"type":"Point","coordinates":[34.7725144,50.87079365]}},{"type":"Feature","id":"building-icon/858440504","properties":{"osm_id":"building-icon-858440504","source_osm_id":858440504,"kind":"building_icon","building_icon":"procedural-house-858440504","roof_style":"cottage","icon_width_z16":11.2828,"icon_height_z16":8.09,"icon_rotate":32.69,"building_area_m2":58.6,"building_major_m":9,"building_minor_m":6.5,"building_aspect":1.39,"building_rectangularity":0.999},"geometry":{"type":"Point","coordinates":[34.7721912,50.87091975]}},{"type":"Feature","id":"building-icon/858440505","properties":{"osm_id":"building-icon-858440505","source_osm_id":858440505,"kind":"building_icon","building_icon":"procedural-house-858440505","roof_style":"compound","icon_width_z16":35.8901,"icon_height_z16":27.9186,"icon_rotate":108.75,"building_area_m2":350.5,"building_major_m":28.8,"building_minor_m":22.4,"building_aspect":1.29,"building_rectangularity":0.544},"geometry":{"type":"Point","coordinates":[34.77221272067289,50.871243789600435]}},{"type":"Feature","id":"building-icon/858440506","properties":{"osm_id":"building-icon-858440506","source_osm_id":858440506,"kind":"building_icon","building_icon":"procedural-house-858440506","roof_style":"cottage","icon_width_z16":12.7905,"icon_height_z16":9.1479,"icon_rotate":35.99,"building_area_m2":75.1,"building_major_m":10.3,"building_minor_m":7.3,"building_aspect":1.4,"building_rectangularity":0.999},"geometry":{"type":"Point","coordinates":[34.77165729219984,50.871197716538575]}},{"type":"Feature","id":"building-icon/858440507","properties":{"osm_id":"building-icon-858440507","source_osm_id":858440507,"kind":"building_icon","building_icon":"procedural-house-858440507","roof_style":"small","icon_width_z16":9.3418,"icon_height_z16":8.2258,"icon_rotate":33.83,"building_area_m2":49.2,"building_major_m":7.5,"building_minor_m":6.6,"building_aspect":1.14,"building_rectangularity":0.996},"geometry":{"type":"Point","coordinates":[34.77190875,50.87107385]}},{"type":"Feature","id":"building-icon/858440508","properties":{"osm_id":"building-icon-858440508","source_osm_id":858440508,"kind":"building_icon","building_icon":"procedural-house-858440508","roof_style":"manor","icon_width_z16":22.2217,"icon_height_z16":18.3269,"icon_rotate":39.4,"building_area_m2":261.6,"building_major_m":17.8,"building_minor_m":14.7,"building_aspect":1.21,"building_rectangularity":0.999},"geometry":{"type":"Point","coordinates":[34.771723800000004,50.87154535]}},{"type":"Feature","id":"building-icon/858440509","properties":{"osm_id":"building-icon-858440509","source_osm_id":858440509,"kind":"building_icon","building_icon":"procedural-house-858440509","roof_style":"manor","icon_width_z16":21.8202,"icon_height_z16":19.1539,"icon_rotate":130.35,"building_area_m2":268,"building_major_m":17.5,"building_minor_m":15.4,"building_aspect":1.14,"building_rectangularity":0.997},"geometry":{"type":"Point","coordinates":[34.77114090046176,50.87179011670997]}},{"type":"Feature","id":"building-icon/858440510","properties":{"osm_id":"building-icon-858440510","source_osm_id":858440510,"kind":"building_icon","building_icon":"procedural-house-858440510","roof_style":"cottage","icon_width_z16":16.7079,"icon_height_z16":11.9482,"icon_rotate":35.21,"building_area_m2":128.1,"building_major_m":13.4,"building_minor_m":9.6,"building_aspect":1.4,"building_rectangularity":0.998},"geometry":{"type":"Point","coordinates":[34.77092295,50.8712274]}},{"type":"Feature","id":"building-icon/858440511","properties":{"osm_id":"building-icon-858440511","source_osm_id":858440511,"kind":"building_icon","building_icon":"procedural-house-858440511","roof_style":"manor","icon_width_z16":25.5262,"icon_height_z16":19.442,"icon_rotate":126.77,"building_area_m2":319.1,"building_major_m":20.5,"building_minor_m":15.6,"building_aspect":1.31,"building_rectangularity":1},"geometry":{"type":"Point","coordinates":[34.77070293328923,50.87140425299782]}},{"type":"Feature","id":"building-icon/863388438","properties":{"osm_id":"building-icon-863388438","source_osm_id":863388438,"kind":"building_icon","building_icon":"procedural-house-863388438","roof_style":"manor","icon_width_z16":68.3417,"icon_height_z16":17.538,"icon_rotate":151.67,"building_area_m2":770.7,"building_major_m":54.8,"building_minor_m":14.1,"building_aspect":3.9,"building_rectangularity":1},"geometry":{"type":"Point","coordinates":[34.7778807,50.870677099999995]}},{"type":"Feature","id":"building-icon/863388439","properties":{"osm_id":"building-icon-863388439","source_osm_id":863388439,"kind":"building_icon","building_icon":"procedural-house-863388439","roof_style":"manor","icon_width_z16":25.4241,"icon_height_z16":14.8645,"icon_rotate":146.32,"building_area_m2":242.9,"building_major_m":20.4,"building_minor_m":11.9,"building_aspect":1.71,"building_rectangularity":0.999},"geometry":{"type":"Point","coordinates":[34.77764936326225,50.87136458382746]}},{"type":"Feature","id":"building-icon/958689664","properties":{"osm_id":"building-icon-958689664","source_osm_id":958689664,"kind":"building_icon","building_icon":"procedural-house-958689664","roof_style":"manor","icon_width_z16":25.6095,"icon_height_z16":17.2206,"icon_rotate":43.83,"building_area_m2":283.4,"building_major_m":20.5,"building_minor_m":13.8,"building_aspect":1.49,"building_rectangularity":0.999},"geometry":{"type":"Point","coordinates":[34.77170446004134,50.86661538590492]}},{"type":"Feature","id":"building-icon/962044563","properties":{"osm_id":"building-icon-962044563","source_osm_id":962044563,"kind":"building_icon","building_icon":"procedural-house-962044563","roof_style":"manor","icon_width_z16":28.6356,"icon_height_z16":15.3697,"icon_rotate":127.07,"building_area_m2":282.9,"building_major_m":23,"building_minor_m":12.3,"building_aspect":1.86,"building_rectangularity":1},"geometry":{"type":"Point","coordinates":[34.76780984556796,50.87273406538007]}},{"type":"Feature","id":"building-icon/962044564","properties":{"osm_id":"building-icon-962044564","source_osm_id":962044564,"kind":"building_icon","building_icon":"procedural-house-962044564","roof_style":"manor","icon_width_z16":26.0969,"icon_height_z16":15.4664,"icon_rotate":125.57,"building_area_m2":259.5,"building_major_m":20.9,"building_minor_m":12.4,"building_aspect":1.69,"building_rectangularity":1},"geometry":{"type":"Point","coordinates":[34.76755861600941,50.87253964518233]}},{"type":"Feature","id":"building-icon/962044565","properties":{"osm_id":"building-icon-962044565","source_osm_id":962044565,"kind":"building_icon","building_icon":"procedural-house-962044565","roof_style":"manor","icon_width_z16":23.8951,"icon_height_z16":16.2296,"icon_rotate":37.76,"building_area_m2":249.1,"building_major_m":19.2,"building_minor_m":13,"building_aspect":1.47,"building_rectangularity":0.999},"geometry":{"type":"Point","coordinates":[34.76717335,50.87222215]}},{"type":"Feature","id":"building-icon/962044566","properties":{"osm_id":"building-icon-962044566","source_osm_id":962044566,"kind":"building_icon","building_icon":"procedural-house-962044566","roof_style":"manor","icon_width_z16":48.0635,"icon_height_z16":16.0347,"icon_rotate":37.59,"building_area_m2":495.5,"building_major_m":38.5,"building_minor_m":12.9,"building_aspect":3,"building_rectangularity":1},"geometry":{"type":"Point","coordinates":[34.76824646158083,50.8731725547662]}},{"type":"Feature","id":"building-icon/962044567","properties":{"osm_id":"building-icon-962044567","source_osm_id":962044567,"kind":"building_icon","building_icon":"procedural-house-962044567","roof_style":"manor","icon_width_z16":47.5321,"icon_height_z16":15.378,"icon_rotate":37.23,"building_area_m2":469.8,"building_major_m":38.1,"building_minor_m":12.3,"building_aspect":3.09,"building_rectangularity":1},"geometry":{"type":"Point","coordinates":[34.76798187431265,50.87295706128996]}},{"type":"Feature","id":"building-icon/962044569","properties":{"osm_id":"building-icon-962044569","source_osm_id":962044569,"kind":"building_icon","building_icon":"procedural-house-962044569","roof_style":"cottage","icon_width_z16":21.5711,"icon_height_z16":14.2495,"icon_rotate":39.95,"building_area_m2":197.5,"building_major_m":17.3,"building_minor_m":11.4,"building_aspect":1.51,"building_rectangularity":0.999},"geometry":{"type":"Point","coordinates":[34.7661788,50.8727906]}},{"type":"Feature","id":"building-icon/962044570","properties":{"osm_id":"building-icon-962044570","source_osm_id":962044570,"kind":"building_icon","building_icon":"procedural-house-962044570","roof_style":"cottage","icon_width_z16":19.1004,"icon_height_z16":14.5064,"icon_rotate":43.67,"building_area_m2":178,"building_major_m":15.3,"building_minor_m":11.6,"building_aspect":1.32,"building_rectangularity":0.999},"geometry":{"type":"Point","coordinates":[34.7648351663582,50.87173485121741]}},{"type":"Feature","id":"building-icon/962044571","properties":{"osm_id":"building-icon-962044571","source_osm_id":962044571,"kind":"building_icon","building_icon":"procedural-house-962044571","roof_style":"square","icon_width_z16":18.7461,"icon_height_z16":16.4228,"icon_rotate":137.08,"building_area_m2":197.8,"building_major_m":15,"building_minor_m":13.2,"building_aspect":1.14,"building_rectangularity":0.999},"geometry":{"type":"Point","coordinates":[34.765332619321974,50.872135933067106]}},{"type":"Feature","id":"building-icon/962044572","properties":{"osm_id":"building-icon-962044572","source_osm_id":962044572,"kind":"building_icon","building_icon":"procedural-house-962044572","roof_style":"cottage","icon_width_z16":20.3144,"icon_height_z16":9.9583,"icon_rotate":37.92,"building_area_m2":130,"building_major_m":16.3,"building_minor_m":8,"building_aspect":2.04,"building_rectangularity":1},"geometry":{"type":"Point","coordinates":[34.766548650000004,50.87252075]}},{"type":"Feature","id":"building-icon/962044573","properties":{"osm_id":"building-icon-962044573","source_osm_id":962044573,"kind":"building_icon","building_icon":"procedural-house-962044573","roof_style":"square","icon_width_z16":18.7477,"icon_height_z16":15.0658,"icon_rotate":125.28,"building_area_m2":181.5,"building_major_m":15,"building_minor_m":12.1,"building_aspect":1.24,"building_rectangularity":0.999},"geometry":{"type":"Point","coordinates":[34.76673405,50.872650750000005]}},{"type":"Feature","id":"building-icon/962866884","properties":{"osm_id":"building-icon-962866884","source_osm_id":962866884,"kind":"building_icon","building_icon":"procedural-house-962866884","roof_style":"square","icon_width_z16":18.1964,"icon_height_z16":17.8594,"icon_rotate":32.93,"building_area_m2":202.8,"building_major_m":14.6,"building_minor_m":14.3,"building_aspect":1.02,"building_rectangularity":0.97},"geometry":{"type":"Point","coordinates":[34.768584782705666,50.87404275190669]}},{"type":"Feature","id":"building-icon/962866885","properties":{"osm_id":"building-icon-962866885","source_osm_id":962866885,"kind":"building_icon","building_icon":"procedural-house-962866885","roof_style":"square","icon_width_z16":14.4295,"icon_height_z16":12.2549,"icon_rotate":33.08,"building_area_m2":113.5,"building_major_m":11.6,"building_minor_m":9.8,"building_aspect":1.18,"building_rectangularity":0.998},"geometry":{"type":"Point","coordinates":[34.76829540755218,50.87391311726957]}},{"type":"Feature","id":"building-icon/1083860836","properties":{"osm_id":"building-icon-1083860836","source_osm_id":1083860836,"kind":"building_icon","building_icon":"procedural-house-1083860836","roof_style":"square","icon_width_z16":19.0461,"icon_height_z16":18.9107,"icon_rotate":132.6,"building_area_m2":229.9,"building_major_m":15.3,"building_minor_m":15.2,"building_aspect":1.01,"building_rectangularity":0.992},"geometry":{"type":"Point","coordinates":[34.75784964909221,50.874091433309516]}},{"type":"Feature","id":"building-icon/1083860837","properties":{"osm_id":"building-icon-1083860837","source_osm_id":1083860837,"kind":"building_icon","building_icon":"procedural-house-1083860837","roof_style":"manor","icon_width_z16":21.412,"icon_height_z16":17.6571,"icon_rotate":44.58,"building_area_m2":243,"building_major_m":17.2,"building_minor_m":14.2,"building_aspect":1.21,"building_rectangularity":0.999},"geometry":{"type":"Point","coordinates":[34.75758508348773,50.873942099061345]}},{"type":"Feature","id":"building-icon/1083860839","properties":{"osm_id":"building-icon-1083860839","source_osm_id":1083860839,"kind":"building_icon","building_icon":"procedural-house-1083860839","roof_style":"square","icon_width_z16":18.013,"icon_height_z16":16.8074,"icon_rotate":130.76,"building_area_m2":193,"building_major_m":14.4,"building_minor_m":13.5,"building_aspect":1.07,"building_rectangularity":0.992},"geometry":{"type":"Point","coordinates":[34.758676766748636,50.8741243488141]}},{"type":"Feature","id":"building-icon/1083860841","properties":{"osm_id":"building-icon-1083860841","source_osm_id":1083860841,"kind":"building_icon","building_icon":"procedural-house-1083860841","roof_style":"square","icon_width_z16":17.0803,"icon_height_z16":13.8913,"icon_rotate":45.5,"building_area_m2":152.4,"building_major_m":13.7,"building_minor_m":11.1,"building_aspect":1.23,"building_rectangularity":0.999},"geometry":{"type":"Point","coordinates":[34.758070697502255,50.87370338351046]}},{"type":"Feature","id":"building-icon/1083860842","properties":{"osm_id":"building-icon-1083860842","source_osm_id":1083860842,"kind":"building_icon","building_icon":"procedural-house-1083860842","roof_style":"square","icon_width_z16":18.5267,"icon_height_z16":17.3705,"icon_rotate":135.04,"building_area_m2":206.6,"building_major_m":14.9,"building_minor_m":13.9,"building_aspect":1.07,"building_rectangularity":0.998},"geometry":{"type":"Point","coordinates":[34.75777885,50.87354135]}},{"type":"Feature","id":"building-icon/1083860843","properties":{"osm_id":"building-icon-1083860843","source_osm_id":1083860843,"kind":"building_icon","building_icon":"procedural-house-1083860843","roof_style":"square","icon_width_z16":17.969,"icon_height_z16":14.7646,"icon_rotate":42.39,"building_area_m2":170.2,"building_major_m":14.4,"building_minor_m":11.8,"building_aspect":1.22,"building_rectangularity":0.997},"geometry":{"type":"Point","coordinates":[34.75850387965806,50.873977482896684]}},{"type":"Feature","id":"building-icon/1083860845","properties":{"osm_id":"building-icon-1083860845","source_osm_id":1083860845,"kind":"building_icon","building_icon":"procedural-house-1083860845","roof_style":"cottage","icon_width_z16":17.3502,"icon_height_z16":13.6405,"icon_rotate":139.24,"building_area_m2":152.1,"building_major_m":13.9,"building_minor_m":10.9,"building_aspect":1.27,"building_rectangularity":1},"geometry":{"type":"Point","coordinates":[34.75754768348232,50.87340530048121]}},{"type":"Feature","id":"building-icon/1150096602","properties":{"osm_id":"building-icon-1150096602","source_osm_id":1150096602,"kind":"building_icon","building_icon":"procedural-house-1150096602","roof_style":"square","icon_width_z16":12.2282,"icon_height_z16":12.1656,"icon_rotate":43.51,"building_area_m2":92.4,"building_major_m":9.8,"building_minor_m":9.8,"building_aspect":1.01,"building_rectangularity":0.966},"geometry":{"type":"Point","coordinates":[34.76355415,50.86633945]}},{"type":"Feature","id":"building-icon/1150096603","properties":{"osm_id":"building-icon-1150096603","source_osm_id":1150096603,"kind":"building_icon","building_icon":"procedural-house-1150096603","roof_style":"square","icon_width_z16":13.6079,"icon_height_z16":12.9673,"icon_rotate":45.99,"building_area_m2":113.3,"building_major_m":10.9,"building_minor_m":10.4,"building_aspect":1.05,"building_rectangularity":0.999},"geometry":{"type":"Point","coordinates":[34.7628212166624,50.86589235044362]}},{"type":"Feature","id":"building-icon/1274701869","properties":{"osm_id":"building-icon-1274701869","source_osm_id":1274701869,"kind":"building_icon","building_icon":"procedural-house-1274701869","roof_style":"square","icon_width_z16":19.3924,"icon_height_z16":17.6721,"icon_rotate":125.95,"building_area_m2":219.9,"building_major_m":15.6,"building_minor_m":14.2,"building_aspect":1.1,"building_rectangularity":0.998},"geometry":{"type":"Point","coordinates":[34.7726875641336,50.87050638080964]}},{"type":"Feature","id":"building-icon/1274701870","properties":{"osm_id":"building-icon-1274701870","source_osm_id":1274701870,"kind":"building_icon","building_icon":"procedural-house-1274701870","roof_style":"manor","icon_width_z16":30.1812,"icon_height_z16":15.6229,"icon_rotate":37.24,"building_area_m2":303.1,"building_major_m":24.2,"building_minor_m":12.5,"building_aspect":1.93,"building_rectangularity":0.999},"geometry":{"type":"Point","coordinates":[34.77431413633438,50.87070413483544]}},{"type":"Feature","id":"building-icon/1274701871","properties":{"osm_id":"building-icon-1274701871","source_osm_id":1274701871,"kind":"building_icon","building_icon":"procedural-house-1274701871","roof_style":"square","icon_width_z16":13.9949,"icon_height_z16":12.4102,"icon_rotate":127.53,"building_area_m2":111.3,"building_major_m":11.2,"building_minor_m":10,"building_aspect":1.13,"building_rectangularity":0.996},"geometry":{"type":"Point","coordinates":[34.7717238,50.871881349999995]}},{"type":"Feature","id":"building-icon/1274701872","properties":{"osm_id":"building-icon-1274701872","source_osm_id":1274701872,"kind":"building_icon","building_icon":"procedural-house-1274701872","roof_style":"manor","icon_width_z16":22.6977,"icon_height_z16":18.602,"icon_rotate":34.74,"building_area_m2":271,"building_major_m":18.2,"building_minor_m":14.9,"building_aspect":1.22,"building_rectangularity":0.998},"geometry":{"type":"Point","coordinates":[34.77277075,50.87094295]}},{"type":"Feature","id":"building-icon/1362006365","properties":{"osm_id":"building-icon-1362006365","source_osm_id":1362006365,"kind":"building_icon","building_icon":"procedural-house-1362006365","roof_style":"cottage","icon_width_z16":12.9657,"icon_height_z16":6.9899,"icon_rotate":35.4,"building_area_m2":58.2,"building_major_m":10.4,"building_minor_m":5.6,"building_aspect":1.85,"building_rectangularity":0.999},"geometry":{"type":"Point","coordinates":[34.76978748442285,50.86999324860548]}},{"type":"Feature","id":"building-icon/1486339298","properties":{"osm_id":"building-icon-1486339298","source_osm_id":1486339298,"kind":"building_icon","building_icon":"procedural-house-1486339298","roof_style":"manor","icon_width_z16":33.3599,"icon_height_z16":15.7908,"icon_rotate":35.58,"building_area_m2":338.7,"building_major_m":26.8,"building_minor_m":12.7,"building_aspect":2.11,"building_rectangularity":1},"geometry":{"type":"Point","coordinates":[34.77403306480237,50.87033655211463]}},{"type":"Feature","id":"building-icon/1503331668","properties":{"osm_id":"building-icon-1503331668","source_osm_id":1503331668,"kind":"building_icon","building_icon":"procedural-house-1503331668","roof_style":"square","icon_width_z16":14.5752,"icon_height_z16":13.3611,"icon_rotate":29.04,"building_area_m2":125,"building_major_m":11.7,"building_minor_m":10.7,"building_aspect":1.09,"building_rectangularity":0.998},"geometry":{"type":"Point","coordinates":[34.76924605,50.873874]}},{"type":"Feature","id":"building-icon/1503331669","properties":{"osm_id":"building-icon-1503331669","source_osm_id":1503331669,"kind":"building_icon","building_icon":"procedural-house-1503331669","roof_style":"compound","icon_width_z16":17.1063,"icon_height_z16":17.0875,"icon_rotate":136.15,"building_area_m2":128.1,"building_major_m":13.7,"building_minor_m":13.7,"building_aspect":1,"building_rectangularity":0.681},"geometry":{"type":"Point","coordinates":[34.76903518820358,50.8736586197586]}},{"type":"Feature","id":"tree-decoration/581495729-1","properties":{"osm_id":"tree-decoration-581495729-1","kind":"tree_decoration","decorator_for":581495729,"tree_scale":1.02,"tree_rotate":169},"geometry":{"type":"Point","coordinates":[34.76641458023134,50.86769802325957]}},{"type":"Feature","id":"tree-decoration/581495732-1","properties":{"osm_id":"tree-decoration-581495732-1","kind":"tree_decoration","decorator_for":581495732,"tree_scale":0.99,"tree_rotate":55},"geometry":{"type":"Point","coordinates":[34.76586635178138,50.867265836112345]}},{"type":"Feature","id":"tree-decoration/581495733-1","properties":{"osm_id":"tree-decoration-581495733-1","kind":"tree_decoration","decorator_for":581495733,"tree_scale":0.96,"tree_rotate":199},"geometry":{"type":"Point","coordinates":[34.76546247874346,50.86722461632683]}},{"type":"Feature","id":"tree-decoration/581495733-2","properties":{"osm_id":"tree-decoration-581495733-2","kind":"tree_decoration","decorator_for":581495733,"tree_scale":0.94,"tree_rotate":22},"geometry":{"type":"Point","coordinates":[34.7654053355408,50.86709390523766]}},{"type":"Feature","id":"tree-decoration/581495736-1","properties":{"osm_id":"tree-decoration-581495736-1","kind":"tree_decoration","decorator_for":581495736,"tree_scale":0.89,"tree_rotate":240},"geometry":{"type":"Point","coordinates":[34.7650611282363,50.86671488836403]}},{"type":"Feature","id":"tree-decoration/581495736-2","properties":{"osm_id":"tree-decoration-581495736-2","kind":"tree_decoration","decorator_for":581495736,"tree_scale":0.88,"tree_rotate":230},"geometry":{"type":"Point","coordinates":[34.76494744880919,50.866861129599776]}},{"type":"Feature","id":"tree-decoration/581495737-1","properties":{"osm_id":"tree-decoration-581495737-1","kind":"tree_decoration","decorator_for":581495737,"tree_scale":0.86,"tree_rotate":147},"geometry":{"type":"Point","coordinates":[34.764723132742,50.8667699188013]}},{"type":"Feature","id":"tree-decoration/581495741-1","properties":{"osm_id":"tree-decoration-581495741-1","kind":"tree_decoration","decorator_for":581495741,"tree_scale":0.87,"tree_rotate":200},"geometry":{"type":"Point","coordinates":[34.7642070948118,50.86643564750475]}},{"type":"Feature","id":"tree-decoration/581495746-1","properties":{"osm_id":"tree-decoration-581495746-1","kind":"tree_decoration","decorator_for":581495746,"tree_scale":0.86,"tree_rotate":106},"geometry":{"type":"Point","coordinates":[34.76293205754993,50.865969563824514]}},{"type":"Feature","id":"tree-decoration/581495752-1","properties":{"osm_id":"tree-decoration-581495752-1","kind":"tree_decoration","decorator_for":581495752,"tree_scale":1.01,"tree_rotate":76},"geometry":{"type":"Point","coordinates":[34.76309516158423,50.86551978004504]}},{"type":"Feature","id":"tree-decoration/581495755-1","properties":{"osm_id":"tree-decoration-581495755-1","kind":"tree_decoration","decorator_for":581495755,"tree_scale":0.89,"tree_rotate":167},"geometry":{"type":"Point","coordinates":[34.76311138200649,50.86563381152471]}},{"type":"Feature","id":"tree-decoration/581495760-1","properties":{"osm_id":"tree-decoration-581495760-1","kind":"tree_decoration","decorator_for":581495760,"tree_scale":1.06,"tree_rotate":45},"geometry":{"type":"Point","coordinates":[34.762645946001655,50.86547441247446]}},{"type":"Feature","id":"tree-decoration/581495763-1","properties":{"osm_id":"tree-decoration-581495763-1","kind":"tree_decoration","decorator_for":581495763,"tree_scale":1.01,"tree_rotate":112},"geometry":{"type":"Point","coordinates":[34.76256181906612,50.86508652695542]}},{"type":"Feature","id":"tree-decoration/581495763-2","properties":{"osm_id":"tree-decoration-581495763-2","kind":"tree_decoration","decorator_for":581495763,"tree_scale":0.87,"tree_rotate":110},"geometry":{"type":"Point","coordinates":[34.76263072533549,50.86517892319895]}},{"type":"Feature","id":"tree-decoration/581495767-1","properties":{"osm_id":"tree-decoration-581495767-1","kind":"tree_decoration","decorator_for":581495767,"tree_scale":0.96,"tree_rotate":340},"geometry":{"type":"Point","coordinates":[34.762159649586195,50.86500089595071]}},{"type":"Feature","id":"tree-decoration/581495769-1","properties":{"osm_id":"tree-decoration-581495769-1","kind":"tree_decoration","decorator_for":581495769,"tree_scale":0.86,"tree_rotate":138},"geometry":{"type":"Point","coordinates":[34.7625768127818,50.86569005048451]}},{"type":"Feature","id":"tree-decoration/581495769-2","properties":{"osm_id":"tree-decoration-581495769-2","kind":"tree_decoration","decorator_for":581495769,"tree_scale":0.93,"tree_rotate":319},"geometry":{"type":"Point","coordinates":[34.76243339237218,50.86581413407538]}},{"type":"Feature","id":"tree-decoration/581495772-1","properties":{"osm_id":"tree-decoration-581495772-1","kind":"tree_decoration","decorator_for":581495772,"tree_scale":0.9,"tree_rotate":16},"geometry":{"type":"Point","coordinates":[34.76228753056607,50.865447058695075]}},{"type":"Feature","id":"tree-decoration/657649218-1","properties":{"osm_id":"tree-decoration-657649218-1","kind":"tree_decoration","decorator_for":657649218,"tree_scale":1.02,"tree_rotate":340},"geometry":{"type":"Point","coordinates":[34.762265751453945,50.86514767021333]}},{"type":"Feature","id":"tree-decoration/657649218-2","properties":{"osm_id":"tree-decoration-657649218-2","kind":"tree_decoration","decorator_for":657649218,"tree_scale":0.95,"tree_rotate":159},"geometry":{"type":"Point","coordinates":[34.76235423177411,50.86512029926191]}},{"type":"Feature","id":"tree-decoration/657649221-1","properties":{"osm_id":"tree-decoration-657649221-1","kind":"tree_decoration","decorator_for":657649221,"tree_scale":1.01,"tree_rotate":214},"geometry":{"type":"Point","coordinates":[34.76397035351883,50.866301084296985]}},{"type":"Feature","id":"tree-decoration/657649222-1","properties":{"osm_id":"tree-decoration-657649222-1","kind":"tree_decoration","decorator_for":657649222,"tree_scale":0.94,"tree_rotate":255},"geometry":{"type":"Point","coordinates":[34.7640777301563,50.86654277959311]}},{"type":"Feature","id":"tree-decoration/657649222-2","properties":{"osm_id":"tree-decoration-657649222-2","kind":"tree_decoration","decorator_for":657649222,"tree_scale":1.03,"tree_rotate":253},"geometry":{"type":"Point","coordinates":[34.764191170630866,50.86663223734134]}},{"type":"Feature","id":"tree-decoration/657649225-1","properties":{"osm_id":"tree-decoration-657649225-1","kind":"tree_decoration","decorator_for":657649225,"tree_scale":0.89,"tree_rotate":222},"geometry":{"type":"Point","coordinates":[34.764570449118345,50.86643771549088]}},{"type":"Feature","id":"tree-decoration/657649226-1","properties":{"osm_id":"tree-decoration-657649226-1","kind":"tree_decoration","decorator_for":657649226,"tree_scale":1.04,"tree_rotate":307},"geometry":{"type":"Point","coordinates":[34.76559131470089,50.866668859059864]}},{"type":"Feature","id":"tree-decoration/657649228-1","properties":{"osm_id":"tree-decoration-657649228-1","kind":"tree_decoration","decorator_for":657649228,"tree_scale":1.05,"tree_rotate":227},"geometry":{"type":"Point","coordinates":[34.76577596000915,50.867195481234795]}},{"type":"Feature","id":"tree-decoration/657649229-1","properties":{"osm_id":"tree-decoration-657649229-1","kind":"tree_decoration","decorator_for":657649229,"tree_scale":0.95,"tree_rotate":5},"geometry":{"type":"Point","coordinates":[34.76716612605473,50.86807018089838]}},{"type":"Feature","id":"tree-decoration/657649231-1","properties":{"osm_id":"tree-decoration-657649231-1","kind":"tree_decoration","decorator_for":657649231,"tree_scale":1,"tree_rotate":187},"geometry":{"type":"Point","coordinates":[34.766953624456285,50.86791059868563]}},{"type":"Feature","id":"tree-decoration/657649235-1","properties":{"osm_id":"tree-decoration-657649235-1","kind":"tree_decoration","decorator_for":657649235,"tree_scale":0.89,"tree_rotate":159},"geometry":{"type":"Point","coordinates":[34.76610836215874,50.86738284201751]}},{"type":"Feature","id":"tree-decoration/657649235-2","properties":{"osm_id":"tree-decoration-657649235-2","kind":"tree_decoration","decorator_for":657649235,"tree_scale":0.96,"tree_rotate":340},"geometry":{"type":"Point","coordinates":[34.76619259424729,50.86742222680089]}},{"type":"Feature","id":"tree-decoration/657649236-1","properties":{"osm_id":"tree-decoration-657649236-1","kind":"tree_decoration","decorator_for":657649236,"tree_scale":0.93,"tree_rotate":220},"geometry":{"type":"Point","coordinates":[34.76602758351588,50.867321983887656]}},{"type":"Feature","id":"tree-decoration/657649239-1","properties":{"osm_id":"tree-decoration-657649239-1","kind":"tree_decoration","decorator_for":657649239,"tree_scale":0.91,"tree_rotate":3},"geometry":{"type":"Point","coordinates":[34.765471611690714,50.86744908506356]}},{"type":"Feature","id":"tree-decoration/657649242-1","properties":{"osm_id":"tree-decoration-657649242-1","kind":"tree_decoration","decorator_for":657649242,"tree_scale":1.02,"tree_rotate":121},"geometry":{"type":"Point","coordinates":[34.76664768269604,50.86826452822092]}},{"type":"Feature","id":"tree-decoration/657649243-1","properties":{"osm_id":"tree-decoration-657649243-1","kind":"tree_decoration","decorator_for":657649243,"tree_scale":0.97,"tree_rotate":129},"geometry":{"type":"Point","coordinates":[34.76637364860962,50.8679638658731]}},{"type":"Feature","id":"tree-decoration/657649243-2","properties":{"osm_id":"tree-decoration-657649243-2","kind":"tree_decoration","decorator_for":657649243,"tree_scale":0.9,"tree_rotate":308},"geometry":{"type":"Point","coordinates":[34.766362606030135,50.86816344658204]}},{"type":"Feature","id":"tree-decoration/657649244-1","properties":{"osm_id":"tree-decoration-657649244-1","kind":"tree_decoration","decorator_for":657649244,"tree_scale":0.97,"tree_rotate":275},"geometry":{"type":"Point","coordinates":[34.766895543470625,50.868438606085896]}},{"type":"Feature","id":"tree-decoration/657649247-1","properties":{"osm_id":"tree-decoration-657649247-1","kind":"tree_decoration","decorator_for":657649247,"tree_scale":0.87,"tree_rotate":314},"geometry":{"type":"Point","coordinates":[34.76699949847597,50.86840328408288]}},{"type":"Feature","id":"tree-decoration/657649251-1","properties":{"osm_id":"tree-decoration-657649251-1","kind":"tree_decoration","decorator_for":657649251,"tree_scale":0.96,"tree_rotate":184},"geometry":{"type":"Point","coordinates":[34.76766349861416,50.867858564616476]}},{"type":"Feature","id":"tree-decoration/657649254-1","properties":{"osm_id":"tree-decoration-657649254-1","kind":"tree_decoration","decorator_for":657649254,"tree_scale":0.94,"tree_rotate":218},"geometry":{"type":"Point","coordinates":[34.76853216046773,50.86662941091159]}},{"type":"Feature","id":"tree-decoration/657649257-1","properties":{"osm_id":"tree-decoration-657649257-1","kind":"tree_decoration","decorator_for":657649257,"tree_scale":0.94,"tree_rotate":131},"geometry":{"type":"Point","coordinates":[34.76943039972449,50.86703176290948]}},{"type":"Feature","id":"tree-decoration/657649257-2","properties":{"osm_id":"tree-decoration-657649257-2","kind":"tree_decoration","decorator_for":657649257,"tree_scale":1.01,"tree_rotate":312},"geometry":{"type":"Point","coordinates":[34.769351414748684,50.86707450812066]}},{"type":"Feature","id":"tree-decoration/657649258-1","properties":{"osm_id":"tree-decoration-657649258-1","kind":"tree_decoration","decorator_for":657649258,"tree_scale":1.01,"tree_rotate":217},"geometry":{"type":"Point","coordinates":[34.76961279197617,50.86665416351967]}},{"type":"Feature","id":"tree-decoration/657649260-1","properties":{"osm_id":"tree-decoration-657649260-1","kind":"tree_decoration","decorator_for":657649260,"tree_scale":1.02,"tree_rotate":346},"geometry":{"type":"Point","coordinates":[34.770398719272094,50.86695238402347]}},{"type":"Feature","id":"tree-decoration/657649260-2","properties":{"osm_id":"tree-decoration-657649260-2","kind":"tree_decoration","decorator_for":657649260,"tree_scale":0.93,"tree_rotate":348},"geometry":{"type":"Point","coordinates":[34.77047444397303,50.86707855338097]}},{"type":"Feature","id":"tree-decoration/657649264-1","properties":{"osm_id":"tree-decoration-657649264-1","kind":"tree_decoration","decorator_for":657649264,"tree_scale":0.9,"tree_rotate":65},"geometry":{"type":"Point","coordinates":[34.77537516989878,50.86802724451017]}},{"type":"Feature","id":"tree-decoration/657649265-1","properties":{"osm_id":"tree-decoration-657649265-1","kind":"tree_decoration","decorator_for":657649265,"tree_scale":0.91,"tree_rotate":155},"geometry":{"type":"Point","coordinates":[34.775526177937294,50.86815455986516]}},{"type":"Feature","id":"tree-decoration/657649265-2","properties":{"osm_id":"tree-decoration-657649265-2","kind":"tree_decoration","decorator_for":657649265,"tree_scale":0.87,"tree_rotate":161},"geometry":{"type":"Point","coordinates":[34.77574817737094,50.86824543547047]}},{"type":"Feature","id":"tree-decoration/657649267-1","properties":{"osm_id":"tree-decoration-657649267-1","kind":"tree_decoration","decorator_for":657649267,"tree_scale":0.89,"tree_rotate":78},"geometry":{"type":"Point","coordinates":[34.77616544128452,50.868296490472616]}},{"type":"Feature","id":"tree-decoration/657649268-1","properties":{"osm_id":"tree-decoration-657649268-1","kind":"tree_decoration","decorator_for":657649268,"tree_scale":0.96,"tree_rotate":37},"geometry":{"type":"Point","coordinates":[34.77265458958909,50.86694427249018]}},{"type":"Feature","id":"tree-decoration/657649268-2","properties":{"osm_id":"tree-decoration-657649268-2","kind":"tree_decoration","decorator_for":657649268,"tree_scale":1.03,"tree_rotate":218},"geometry":{"type":"Point","coordinates":[34.772757628102326,50.86695287058179]}},{"type":"Feature","id":"tree-decoration/657649270-1","properties":{"osm_id":"tree-decoration-657649270-1","kind":"tree_decoration","decorator_for":657649270,"tree_scale":1.07,"tree_rotate":132},"geometry":{"type":"Point","coordinates":[34.77364454769059,50.86715319564443]}},{"type":"Feature","id":"tree-decoration/657649271-1","properties":{"osm_id":"tree-decoration-657649271-1","kind":"tree_decoration","decorator_for":657649271,"tree_scale":1.04,"tree_rotate":39},"geometry":{"type":"Point","coordinates":[34.77359324839046,50.86751733341483]}},{"type":"Feature","id":"tree-decoration/657649271-2","properties":{"osm_id":"tree-decoration-657649271-2","kind":"tree_decoration","decorator_for":657649271,"tree_scale":0.9,"tree_rotate":37},"geometry":{"type":"Point","coordinates":[34.77353478945208,50.86741958405312]}},{"type":"Feature","id":"tree-decoration/657649274-1","properties":{"osm_id":"tree-decoration-657649274-1","kind":"tree_decoration","decorator_for":657649274,"tree_scale":0.96,"tree_rotate":156},"geometry":{"type":"Point","coordinates":[34.7738805665394,50.867636594348895]}},{"type":"Feature","id":"tree-decoration/657649274-2","properties":{"osm_id":"tree-decoration-657649274-2","kind":"tree_decoration","decorator_for":657649274,"tree_scale":1.05,"tree_rotate":154},"geometry":{"type":"Point","coordinates":[34.77376732219672,50.8675533860848]}},{"type":"Feature","id":"tree-decoration/657649278-1","properties":{"osm_id":"tree-decoration-657649278-1","kind":"tree_decoration","decorator_for":657649278,"tree_scale":0.88,"tree_rotate":335},"geometry":{"type":"Point","coordinates":[34.77463944844499,50.867681396861045]}},{"type":"Feature","id":"tree-decoration/657649282-1","properties":{"osm_id":"tree-decoration-657649282-1","kind":"tree_decoration","decorator_for":657649282,"tree_scale":0.92,"tree_rotate":7},"geometry":{"type":"Point","coordinates":[34.7745489131959,50.86795910594873]}},{"type":"Feature","id":"tree-decoration/657649285-1","properties":{"osm_id":"tree-decoration-657649285-1","kind":"tree_decoration","decorator_for":657649285,"tree_scale":0.92,"tree_rotate":245},"geometry":{"type":"Point","coordinates":[34.775180730755224,50.86781434404103]}},{"type":"Feature","id":"tree-decoration/657649289-1","properties":{"osm_id":"tree-decoration-657649289-1","kind":"tree_decoration","decorator_for":657649289,"tree_scale":1.02,"tree_rotate":123},"geometry":{"type":"Point","coordinates":[34.77498031901713,50.86803956165789]}},{"type":"Feature","id":"tree-decoration/657649289-2","properties":{"osm_id":"tree-decoration-657649289-2","kind":"tree_decoration","decorator_for":657649289,"tree_scale":1.04,"tree_rotate":300},"geometry":{"type":"Point","coordinates":[34.775233457122646,50.86799307289226]}},{"type":"Feature","id":"tree-decoration/657649292-1","properties":{"osm_id":"tree-decoration-657649292-1","kind":"tree_decoration","decorator_for":657649292,"tree_scale":0.97,"tree_rotate":216},"geometry":{"type":"Point","coordinates":[34.7754786307805,50.86835095462828]}},{"type":"Feature","id":"tree-decoration/657649295-1","properties":{"osm_id":"tree-decoration-657649295-1","kind":"tree_decoration","decorator_for":657649295,"tree_scale":0.87,"tree_rotate":70},"geometry":{"type":"Point","coordinates":[34.77653983156539,50.86870898022695]}},{"type":"Feature","id":"tree-decoration/657649295-2","properties":{"osm_id":"tree-decoration-657649295-2","kind":"tree_decoration","decorator_for":657649295,"tree_scale":0.98,"tree_rotate":245},"geometry":{"type":"Point","coordinates":[34.77630884836218,50.86875386319598]}},{"type":"Feature","id":"tree-decoration/657649296-1","properties":{"osm_id":"tree-decoration-657649296-1","kind":"tree_decoration","decorator_for":657649296,"tree_scale":0.86,"tree_rotate":308},"geometry":{"type":"Point","coordinates":[34.77486702220268,50.868895432882546]}},{"type":"Feature","id":"tree-decoration/657649299-1","properties":{"osm_id":"tree-decoration-657649299-1","kind":"tree_decoration","decorator_for":657649299,"tree_scale":0.97,"tree_rotate":245},"geometry":{"type":"Point","coordinates":[34.774942151734976,50.868439428648365]}},{"type":"Feature","id":"tree-decoration/657649302-1","properties":{"osm_id":"tree-decoration-657649302-1","kind":"tree_decoration","decorator_for":657649302,"tree_scale":1,"tree_rotate":324},"geometry":{"type":"Point","coordinates":[34.77420197441683,50.86800252601344]}},{"type":"Feature","id":"tree-decoration/657649303-1","properties":{"osm_id":"tree-decoration-657649303-1","kind":"tree_decoration","decorator_for":657649303,"tree_scale":0.96,"tree_rotate":255},"geometry":{"type":"Point","coordinates":[34.773865059896046,50.86806910406786]}},{"type":"Feature","id":"tree-decoration/657649306-1","properties":{"osm_id":"tree-decoration-657649306-1","kind":"tree_decoration","decorator_for":657649306,"tree_scale":0.95,"tree_rotate":192},"geometry":{"type":"Point","coordinates":[34.77333015430176,50.8676571166928]}},{"type":"Feature","id":"tree-decoration/657649307-1","properties":{"osm_id":"tree-decoration-657649307-1","kind":"tree_decoration","decorator_for":657649307,"tree_scale":0.9,"tree_rotate":105},"geometry":{"type":"Point","coordinates":[34.77309771080834,50.867668915247975]}},{"type":"Feature","id":"tree-decoration/657649310-1","properties":{"osm_id":"tree-decoration-657649310-1","kind":"tree_decoration","decorator_for":657649310,"tree_scale":0.94,"tree_rotate":225},"geometry":{"type":"Point","coordinates":[34.7724156105579,50.867434081951394]}},{"type":"Feature","id":"tree-decoration/657649310-2","properties":{"osm_id":"tree-decoration-657649310-2","kind":"tree_decoration","decorator_for":657649310,"tree_scale":1.01,"tree_rotate":46},"geometry":{"type":"Point","coordinates":[34.772317433452514,50.86742383641852]}},{"type":"Feature","id":"tree-decoration/657649311-1","properties":{"osm_id":"tree-decoration-657649311-1","kind":"tree_decoration","decorator_for":657649311,"tree_scale":0.87,"tree_rotate":56},"geometry":{"type":"Point","coordinates":[34.77214020857751,50.86723059964198]}},{"type":"Feature","id":"tree-decoration/657649314-1","properties":{"osm_id":"tree-decoration-657649314-1","kind":"tree_decoration","decorator_for":657649314,"tree_scale":0.86,"tree_rotate":44},"geometry":{"type":"Point","coordinates":[34.771696801797795,50.867857284576566]}},{"type":"Feature","id":"tree-decoration/657649315-1","properties":{"osm_id":"tree-decoration-657649315-1","kind":"tree_decoration","decorator_for":657649315,"tree_scale":0.91,"tree_rotate":314},"geometry":{"type":"Point","coordinates":[34.772232126669195,50.86799031381411]}},{"type":"Feature","id":"tree-decoration/657649315-2","properties":{"osm_id":"tree-decoration-657649315-2","kind":"tree_decoration","decorator_for":657649315,"tree_scale":0.98,"tree_rotate":135},"geometry":{"type":"Point","coordinates":[34.772368590223536,50.868091592141205]}},{"type":"Feature","id":"tree-decoration/657649318-1","properties":{"osm_id":"tree-decoration-657649318-1","kind":"tree_decoration","decorator_for":657649318,"tree_scale":0.87,"tree_rotate":321},"geometry":{"type":"Point","coordinates":[34.773069159346626,50.86843540955838]}},{"type":"Feature","id":"tree-decoration/657649318-2","properties":{"osm_id":"tree-decoration-657649318-2","kind":"tree_decoration","decorator_for":657649318,"tree_scale":0.89,"tree_rotate":138},"geometry":{"type":"Point","coordinates":[34.7728290805068,50.86835141760415]}},{"type":"Feature","id":"tree-decoration/657649319-1","properties":{"osm_id":"tree-decoration-657649319-1","kind":"tree_decoration","decorator_for":657649319,"tree_scale":0.88,"tree_rotate":83},"geometry":{"type":"Point","coordinates":[34.77326966954853,50.868454697106415]}},{"type":"Feature","id":"tree-decoration/657649320-1","properties":{"osm_id":"tree-decoration-657649320-1","kind":"tree_decoration","decorator_for":657649320,"tree_scale":0.95,"tree_rotate":197},"geometry":{"type":"Point","coordinates":[34.77378565862227,50.86850470925808]}},{"type":"Feature","id":"tree-decoration/657649320-2","properties":{"osm_id":"tree-decoration-657649320-2","kind":"tree_decoration","decorator_for":657649320,"tree_scale":0.93,"tree_rotate":20},"geometry":{"type":"Point","coordinates":[34.773858654221776,50.86854338035898]}},{"type":"Feature","id":"tree-decoration/657649321-1","properties":{"osm_id":"tree-decoration-657649321-1","kind":"tree_decoration","decorator_for":657649321,"tree_scale":0.98,"tree_rotate":266},"geometry":{"type":"Point","coordinates":[34.7734833946409,50.868642705090096]}},{"type":"Feature","id":"tree-decoration/657649324-1","properties":{"osm_id":"tree-decoration-657649324-1","kind":"tree_decoration","decorator_for":657649324,"tree_scale":0.96,"tree_rotate":22},"geometry":{"type":"Point","coordinates":[34.772656865933364,50.86849253899639]}},{"type":"Feature","id":"tree-decoration/657649325-1","properties":{"osm_id":"tree-decoration-657649325-1","kind":"tree_decoration","decorator_for":657649325,"tree_scale":0.92,"tree_rotate":313},"geometry":{"type":"Point","coordinates":[34.771505654989696,50.86830696490967]}},{"type":"Feature","id":"tree-decoration/657649325-2","properties":{"osm_id":"tree-decoration-657649325-2","kind":"tree_decoration","decorator_for":657649325,"tree_scale":1.06,"tree_rotate":315},"geometry":{"type":"Point","coordinates":[34.771374261448,50.868324652958215]}},{"type":"Feature","id":"tree-decoration/657649326-1","properties":{"osm_id":"tree-decoration-657649326-1","kind":"tree_decoration","decorator_for":657649326,"tree_scale":1.06,"tree_rotate":252},"geometry":{"type":"Point","coordinates":[34.771296087492544,50.86811884179824]}},{"type":"Feature","id":"tree-decoration/657649328-1","properties":{"osm_id":"tree-decoration-657649328-1","kind":"tree_decoration","decorator_for":657649328,"tree_scale":0.96,"tree_rotate":50},"geometry":{"type":"Point","coordinates":[34.77179370355222,50.86830474782534]}},{"type":"Feature","id":"tree-decoration/657649329-1","properties":{"osm_id":"tree-decoration-657649329-1","kind":"tree_decoration","decorator_for":657649329,"tree_scale":0.94,"tree_rotate":87},"geometry":{"type":"Point","coordinates":[34.77036583570573,50.86810619369972]}},{"type":"Feature","id":"tree-decoration/657649332-1","properties":{"osm_id":"tree-decoration-657649332-1","kind":"tree_decoration","decorator_for":657649332,"tree_scale":0.95,"tree_rotate":205},"geometry":{"type":"Point","coordinates":[34.76985610741051,50.867950179165824]}},{"type":"Feature","id":"tree-decoration/657649333-1","properties":{"osm_id":"tree-decoration-657649333-1","kind":"tree_decoration","decorator_for":657649333,"tree_scale":1.08,"tree_rotate":140},"geometry":{"type":"Point","coordinates":[34.770202093983336,50.86818980309818]}},{"type":"Feature","id":"tree-decoration/657649335-1","properties":{"osm_id":"tree-decoration-657649335-1","kind":"tree_decoration","decorator_for":657649335,"tree_scale":1,"tree_rotate":293},"geometry":{"type":"Point","coordinates":[34.77097127210364,50.86837904720267]}},{"type":"Feature","id":"tree-decoration/657649336-1","properties":{"osm_id":"tree-decoration-657649336-1","kind":"tree_decoration","decorator_for":657649336,"tree_scale":1.04,"tree_rotate":230},"geometry":{"type":"Point","coordinates":[34.77116148219739,50.86858255008733]}},{"type":"Feature","id":"tree-decoration/657649337-1","properties":{"osm_id":"tree-decoration-657649337-1","kind":"tree_decoration","decorator_for":657649337,"tree_scale":1,"tree_rotate":142},"geometry":{"type":"Point","coordinates":[34.76954082758504,50.87058809487547]}},{"type":"Feature","id":"tree-decoration/657649341-1","properties":{"osm_id":"tree-decoration-657649341-1","kind":"tree_decoration","decorator_for":657649341,"tree_scale":0.99,"tree_rotate":159},"geometry":{"type":"Point","coordinates":[34.76868713860165,50.8696919206148]}},{"type":"Feature","id":"tree-decoration/657649342-1","properties":{"osm_id":"tree-decoration-657649342-1","kind":"tree_decoration","decorator_for":657649342,"tree_scale":0.96,"tree_rotate":102},"geometry":{"type":"Point","coordinates":[34.76842368641928,50.86980165341071]}},{"type":"Feature","id":"tree-decoration/657649344-1","properties":{"osm_id":"tree-decoration-657649344-1","kind":"tree_decoration","decorator_for":657649344,"tree_scale":0.91,"tree_rotate":307},"geometry":{"type":"Point","coordinates":[34.76811040781204,50.86959165883535]}},{"type":"Feature","id":"tree-decoration/657649345-1","properties":{"osm_id":"tree-decoration-657649345-1","kind":"tree_decoration","decorator_for":657649345,"tree_scale":1,"tree_rotate":159},"geometry":{"type":"Point","coordinates":[34.76860142229048,50.8695021851715]}},{"type":"Feature","id":"tree-decoration/657649348-1","properties":{"osm_id":"tree-decoration-657649348-1","kind":"tree_decoration","decorator_for":657649348,"tree_scale":0.86,"tree_rotate":279},"geometry":{"type":"Point","coordinates":[34.767832783558,50.86927656343184]}},{"type":"Feature","id":"tree-decoration/657649349-1","properties":{"osm_id":"tree-decoration-657649349-1","kind":"tree_decoration","decorator_for":657649349,"tree_scale":1,"tree_rotate":12},"geometry":{"type":"Point","coordinates":[34.76841953694522,50.86843653933846]}},{"type":"Feature","id":"tree-decoration/657649350-1","properties":{"osm_id":"tree-decoration-657649350-1","kind":"tree_decoration","decorator_for":657649350,"tree_scale":0.93,"tree_rotate":109},"geometry":{"type":"Point","coordinates":[34.76851355774705,50.86868020850344]}},{"type":"Feature","id":"tree-decoration/657649353-1","properties":{"osm_id":"tree-decoration-657649353-1","kind":"tree_decoration","decorator_for":657649353,"tree_scale":0.93,"tree_rotate":200},"geometry":{"type":"Point","coordinates":[34.76867138068765,50.869230239211795]}},{"type":"Feature","id":"tree-decoration/657649354-1","properties":{"osm_id":"tree-decoration-657649354-1","kind":"tree_decoration","decorator_for":657649354,"tree_scale":0.96,"tree_rotate":320},"geometry":{"type":"Point","coordinates":[34.76890662064709,50.869469254928134]}},{"type":"Feature","id":"tree-decoration/657649356-1","properties":{"osm_id":"tree-decoration-657649356-1","kind":"tree_decoration","decorator_for":657649356,"tree_scale":0.89,"tree_rotate":290},"geometry":{"type":"Point","coordinates":[34.769875253831096,50.86917960890146]}},{"type":"Feature","id":"tree-decoration/657649357-1","properties":{"osm_id":"tree-decoration-657649357-1","kind":"tree_decoration","decorator_for":657649357,"tree_scale":1.05,"tree_rotate":172},"geometry":{"type":"Point","coordinates":[34.769889620391005,50.86894043254037]}},{"type":"Feature","id":"tree-decoration/657649361-1","properties":{"osm_id":"tree-decoration-657649361-1","kind":"tree_decoration","decorator_for":657649361,"tree_scale":0.93,"tree_rotate":259},"geometry":{"type":"Point","coordinates":[34.76953294213919,50.87003681751394]}},{"type":"Feature","id":"tree-decoration/657649365-1","properties":{"osm_id":"tree-decoration-657649365-1","kind":"tree_decoration","decorator_for":657649365,"tree_scale":1.07,"tree_rotate":357},"geometry":{"type":"Point","coordinates":[34.77372935065206,50.87057013500871]}},{"type":"Feature","id":"tree-decoration/657649366-1","properties":{"osm_id":"tree-decoration-657649366-1","kind":"tree_decoration","decorator_for":657649366,"tree_scale":0.97,"tree_rotate":320},"geometry":{"type":"Point","coordinates":[34.773082193573835,50.871164767042934]}},{"type":"Feature","id":"tree-decoration/657649366-2","properties":{"osm_id":"tree-decoration-657649366-2","kind":"tree_decoration","decorator_for":657649366,"tree_scale":0.9,"tree_rotate":139},"geometry":{"type":"Point","coordinates":[34.773186805045384,50.871131792734104]}},{"type":"Feature","id":"tree-decoration/657649371-1","properties":{"osm_id":"tree-decoration-657649371-1","kind":"tree_decoration","decorator_for":657649371,"tree_scale":0.87,"tree_rotate":47},"geometry":{"type":"Point","coordinates":[34.772060454859776,50.871821712316674]}},{"type":"Feature","id":"tree-decoration/657649372-1","properties":{"osm_id":"tree-decoration-657649372-1","kind":"tree_decoration","decorator_for":657649372,"tree_scale":0.94,"tree_rotate":14},"geometry":{"type":"Point","coordinates":[34.772063235116185,50.87167435865163]}},{"type":"Feature","id":"tree-decoration/657649373-1","properties":{"osm_id":"tree-decoration-657649373-1","kind":"tree_decoration","decorator_for":657649373,"tree_scale":1.01,"tree_rotate":278},"geometry":{"type":"Point","coordinates":[34.7721336314364,50.87138820855677]}},{"type":"Feature","id":"tree-decoration/657649373-2","properties":{"osm_id":"tree-decoration-657649373-2","kind":"tree_decoration","decorator_for":657649373,"tree_scale":0.94,"tree_rotate":97},"geometry":{"type":"Point","coordinates":[34.77208481311267,50.87145602637413]}},{"type":"Feature","id":"tree-decoration/657649376-1","properties":{"osm_id":"tree-decoration-657649376-1","kind":"tree_decoration","decorator_for":657649376,"tree_scale":0.86,"tree_rotate":162},"geometry":{"type":"Point","coordinates":[34.77129555288173,50.87157899427395]}},{"type":"Feature","id":"tree-decoration/657649379-1","properties":{"osm_id":"tree-decoration-657649379-1","kind":"tree_decoration","decorator_for":657649379,"tree_scale":0.93,"tree_rotate":252},"geometry":{"type":"Point","coordinates":[34.76292729284025,50.86678912241235]}},{"type":"Feature","id":"tree-decoration/657649379-2","properties":{"osm_id":"tree-decoration-657649379-2","kind":"tree_decoration","decorator_for":657649379,"tree_scale":0.86,"tree_rotate":71},"geometry":{"type":"Point","coordinates":[34.762990156479766,50.86683682029169]}},{"type":"Feature","id":"tree-decoration/657649383-1","properties":{"osm_id":"tree-decoration-657649383-1","kind":"tree_decoration","decorator_for":657649383,"tree_scale":0.92,"tree_rotate":130},"geometry":{"type":"Point","coordinates":[34.771008014325695,50.87062187652849]}},{"type":"Feature","id":"tree-decoration/657649384-1","properties":{"osm_id":"tree-decoration-657649384-1","kind":"tree_decoration","decorator_for":657649384,"tree_scale":0.86,"tree_rotate":348},"geometry":{"type":"Point","coordinates":[34.771318112219895,50.87052569500108]}},{"type":"Feature","id":"tree-decoration/657649399-1","properties":{"osm_id":"tree-decoration-657649399-1","kind":"tree_decoration","decorator_for":657649399,"tree_scale":1.01,"tree_rotate":136},"geometry":{"type":"Point","coordinates":[34.77146210565984,50.87343206301077]}},{"type":"Feature","id":"tree-decoration/657649401-1","properties":{"osm_id":"tree-decoration-657649401-1","kind":"tree_decoration","decorator_for":657649401,"tree_scale":1.05,"tree_rotate":105},"geometry":{"type":"Point","coordinates":[34.771494308160406,50.87383137413566]}},{"type":"Feature","id":"tree-decoration/657649406-1","properties":{"osm_id":"tree-decoration-657649406-1","kind":"tree_decoration","decorator_for":657649406,"tree_scale":0.88,"tree_rotate":219},"geometry":{"type":"Point","coordinates":[34.77173661328911,50.873991616102856]}},{"type":"Feature","id":"tree-decoration/682417021-1","properties":{"osm_id":"tree-decoration-682417021-1","kind":"tree_decoration","decorator_for":682417021,"tree_scale":0.98,"tree_rotate":131},"geometry":{"type":"Point","coordinates":[34.776817801124096,50.87339901301545]}},{"type":"Feature","id":"tree-decoration/682417021-2","properties":{"osm_id":"tree-decoration-682417021-2","kind":"tree_decoration","decorator_for":682417021,"tree_scale":0.86,"tree_rotate":306},"geometry":{"type":"Point","coordinates":[34.77695453082032,50.87353819956386]}},{"type":"Feature","id":"tree-decoration/710877603-1","properties":{"osm_id":"tree-decoration-710877603-1","kind":"tree_decoration","decorator_for":710877603,"tree_scale":0.94,"tree_rotate":114},"geometry":{"type":"Point","coordinates":[34.77197761119671,50.86827971845445]}},{"type":"Feature","id":"tree-decoration/710877603-2","properties":{"osm_id":"tree-decoration-710877603-2","kind":"tree_decoration","decorator_for":710877603,"tree_scale":1.08,"tree_rotate":116},"geometry":{"type":"Point","coordinates":[34.771987716056316,50.868184295946804]}},{"type":"Feature","id":"tree-decoration/710877604-1","properties":{"osm_id":"tree-decoration-710877604-1","kind":"tree_decoration","decorator_for":710877604,"tree_scale":1.02,"tree_rotate":100},"geometry":{"type":"Point","coordinates":[34.7721337635045,50.867804388965645]}},{"type":"Feature","id":"tree-decoration/710877604-2","properties":{"osm_id":"tree-decoration-710877604-2","kind":"tree_decoration","decorator_for":710877604,"tree_scale":1,"tree_rotate":283},"geometry":{"type":"Point","coordinates":[34.77210232086297,50.86799320142095]}},{"type":"Feature","id":"tree-decoration/710877607-1","properties":{"osm_id":"tree-decoration-710877607-1","kind":"tree_decoration","decorator_for":710877607,"tree_scale":1.05,"tree_rotate":193},"geometry":{"type":"Point","coordinates":[34.77059720209167,50.86773547709265]}},{"type":"Feature","id":"tree-decoration/710877608-1","properties":{"osm_id":"tree-decoration-710877608-1","kind":"tree_decoration","decorator_for":710877608,"tree_scale":0.97,"tree_rotate":80},"geometry":{"type":"Point","coordinates":[34.77106694971684,50.86780526889993]}},{"type":"Feature","id":"tree-decoration/710877610-1","properties":{"osm_id":"tree-decoration-710877610-1","kind":"tree_decoration","decorator_for":710877610,"tree_scale":0.9,"tree_rotate":129},"geometry":{"type":"Point","coordinates":[34.77020629237786,50.86730732904008]}},{"type":"Feature","id":"tree-decoration/710877611-1","properties":{"osm_id":"tree-decoration-710877611-1","kind":"tree_decoration","decorator_for":710877611,"tree_scale":1.04,"tree_rotate":214},"geometry":{"type":"Point","coordinates":[34.77004167627101,50.86937446551547]}},{"type":"Feature","id":"tree-decoration/710877614-1","properties":{"osm_id":"tree-decoration-710877614-1","kind":"tree_decoration","decorator_for":710877614,"tree_scale":1.05,"tree_rotate":277},"geometry":{"type":"Point","coordinates":[34.767459792753925,50.868313969881]}},{"type":"Feature","id":"tree-decoration/710877615-1","properties":{"osm_id":"tree-decoration-710877615-1","kind":"tree_decoration","decorator_for":710877615,"tree_scale":1.05,"tree_rotate":352},"geometry":{"type":"Point","coordinates":[34.76767936149947,50.86839048518706]}},{"type":"Feature","id":"tree-decoration/710877621-1","properties":{"osm_id":"tree-decoration-710877621-1","kind":"tree_decoration","decorator_for":710877621,"tree_scale":0.95,"tree_rotate":66},"geometry":{"type":"Point","coordinates":[34.77291630346734,50.86452892538242]}},{"type":"Feature","id":"tree-decoration/710877628-1","properties":{"osm_id":"tree-decoration-710877628-1","kind":"tree_decoration","decorator_for":710877628,"tree_scale":0.91,"tree_rotate":338},"geometry":{"type":"Point","coordinates":[34.7688093,50.86601388201378]}},{"type":"Feature","id":"tree-decoration/710877629-1","properties":{"osm_id":"tree-decoration-710877629-1","kind":"tree_decoration","decorator_for":710877629,"tree_scale":0.88,"tree_rotate":245},"geometry":{"type":"Point","coordinates":[34.770415026577574,50.865673396896845]}},{"type":"Feature","id":"tree-decoration/710877629-2","properties":{"osm_id":"tree-decoration-710877629-2","kind":"tree_decoration","decorator_for":710877629,"tree_scale":0.86,"tree_rotate":68},"geometry":{"type":"Point","coordinates":[34.77052898891629,50.86577445843563]}},{"type":"Feature","id":"tree-decoration/710877632-1","properties":{"osm_id":"tree-decoration-710877632-1","kind":"tree_decoration","decorator_for":710877632,"tree_scale":0.91,"tree_rotate":109},"geometry":{"type":"Point","coordinates":[34.76872117926538,50.86654887734117]}},{"type":"Feature","id":"tree-decoration/710877632-2","properties":{"osm_id":"tree-decoration-710877632-2","kind":"tree_decoration","decorator_for":710877632,"tree_scale":1.05,"tree_rotate":111},"geometry":{"type":"Point","coordinates":[34.768833802833505,50.86658704577449]}},{"type":"Feature","id":"tree-decoration/710877633-1","properties":{"osm_id":"tree-decoration-710877633-1","kind":"tree_decoration","decorator_for":710877633,"tree_scale":0.86,"tree_rotate":223},"geometry":{"type":"Point","coordinates":[34.76870416533506,50.86647300462777]}},{"type":"Feature","id":"tree-decoration/710877636-1","properties":{"osm_id":"tree-decoration-710877636-1","kind":"tree_decoration","decorator_for":710877636,"tree_scale":0.92,"tree_rotate":337},"geometry":{"type":"Point","coordinates":[34.76944327830175,50.865940518340004]}},{"type":"Feature","id":"tree-decoration/710877637-1","properties":{"osm_id":"tree-decoration-710877637-1","kind":"tree_decoration","decorator_for":710877637,"tree_scale":0.96,"tree_rotate":46},"geometry":{"type":"Point","coordinates":[34.769726732470275,50.865955999712774]}},{"type":"Feature","id":"tree-decoration/710877642-1","properties":{"osm_id":"tree-decoration-710877642-1","kind":"tree_decoration","decorator_for":710877642,"tree_scale":1,"tree_rotate":166},"geometry":{"type":"Point","coordinates":[34.76800810997193,50.866411889074264]}},{"type":"Feature","id":"tree-decoration/710877642-2","properties":{"osm_id":"tree-decoration-710877642-2","kind":"tree_decoration","decorator_for":710877642,"tree_scale":0.91,"tree_rotate":168},"geometry":{"type":"Point","coordinates":[34.76786080191864,50.86635327359623]}},{"type":"Feature","id":"tree-decoration/710877643-1","properties":{"osm_id":"tree-decoration-710877643-1","kind":"tree_decoration","decorator_for":710877643,"tree_scale":0.95,"tree_rotate":256},"geometry":{"type":"Point","coordinates":[34.768551925381324,50.86639288358377]}},{"type":"Feature","id":"tree-decoration/710877646-1","properties":{"osm_id":"tree-decoration-710877646-1","kind":"tree_decoration","decorator_for":710877646,"tree_scale":0.87,"tree_rotate":341},"geometry":{"type":"Point","coordinates":[34.768600448844346,50.86618881253462]}},{"type":"Feature","id":"tree-decoration/710877647-1","properties":{"osm_id":"tree-decoration-710877647-1","kind":"tree_decoration","decorator_for":710877647,"tree_scale":0.95,"tree_rotate":229},"geometry":{"type":"Point","coordinates":[34.76928557589759,50.865639048577805]}},{"type":"Feature","id":"tree-decoration/710877650-1","properties":{"osm_id":"tree-decoration-710877650-1","kind":"tree_decoration","decorator_for":710877650,"tree_scale":0.89,"tree_rotate":13},"geometry":{"type":"Point","coordinates":[34.76792415790983,50.865993810392894]}},{"type":"Feature","id":"tree-decoration/710877653-1","properties":{"osm_id":"tree-decoration-710877653-1","kind":"tree_decoration","decorator_for":710877653,"tree_scale":0.95,"tree_rotate":155},"geometry":{"type":"Point","coordinates":[34.76866092228764,50.865690248042064]}},{"type":"Feature","id":"tree-decoration/710877653-2","properties":{"osm_id":"tree-decoration-710877653-2","kind":"tree_decoration","decorator_for":710877653,"tree_scale":0.88,"tree_rotate":334},"geometry":{"type":"Point","coordinates":[34.768580860838135,50.865720866006924]}},{"type":"Feature","id":"tree-decoration/710877654-1","properties":{"osm_id":"tree-decoration-710877654-1","kind":"tree_decoration","decorator_for":710877654,"tree_scale":0.91,"tree_rotate":94},"geometry":{"type":"Point","coordinates":[34.76871608911166,50.86542452894285]}},{"type":"Feature","id":"tree-decoration/710877657-1","properties":{"osm_id":"tree-decoration-710877657-1","kind":"tree_decoration","decorator_for":710877657,"tree_scale":0.87,"tree_rotate":74},"geometry":{"type":"Point","coordinates":[34.768853286005275,50.86492568800257]}},{"type":"Feature","id":"tree-decoration/710877658-1","properties":{"osm_id":"tree-decoration-710877658-1","kind":"tree_decoration","decorator_for":710877658,"tree_scale":0.87,"tree_rotate":196},"geometry":{"type":"Point","coordinates":[34.76897591585002,50.86484184804105]}},{"type":"Feature","id":"tree-decoration/710877661-1","properties":{"osm_id":"tree-decoration-710877661-1","kind":"tree_decoration","decorator_for":710877661,"tree_scale":0.98,"tree_rotate":161},"geometry":{"type":"Point","coordinates":[34.76818191289896,50.86529375766342]}},{"type":"Feature","id":"tree-decoration/710877661-2","properties":{"osm_id":"tree-decoration-710877661-2","kind":"tree_decoration","decorator_for":710877661,"tree_scale":1,"tree_rotate":338},"geometry":{"type":"Point","coordinates":[34.76840101937695,50.86537041240436]}},{"type":"Feature","id":"tree-decoration/710877662-1","properties":{"osm_id":"tree-decoration-710877662-1","kind":"tree_decoration","decorator_for":710877662,"tree_scale":1.05,"tree_rotate":196},"geometry":{"type":"Point","coordinates":[34.7685520500181,50.86526707743655]}},{"type":"Feature","id":"tree-decoration/710877665-1","properties":{"osm_id":"tree-decoration-710877665-1","kind":"tree_decoration","decorator_for":710877665,"tree_scale":1,"tree_rotate":314},"geometry":{"type":"Point","coordinates":[34.76756641620986,50.86571923204163]}},{"type":"Feature","id":"tree-decoration/710877666-1","properties":{"osm_id":"tree-decoration-710877666-1","kind":"tree_decoration","decorator_for":710877666,"tree_scale":0.93,"tree_rotate":224},"geometry":{"type":"Point","coordinates":[34.76735467770836,50.86599052518057]}},{"type":"Feature","id":"tree-decoration/710877671-1","properties":{"osm_id":"tree-decoration-710877671-1","kind":"tree_decoration","decorator_for":710877671,"tree_scale":0.99,"tree_rotate":188},"geometry":{"type":"Point","coordinates":[34.76622311013893,50.86541443745125]}},{"type":"Feature","id":"tree-decoration/710877672-1","properties":{"osm_id":"tree-decoration-710877672-1","kind":"tree_decoration","decorator_for":710877672,"tree_scale":1.02,"tree_rotate":281},"geometry":{"type":"Point","coordinates":[34.76634435112863,50.865165643427765]}},{"type":"Feature","id":"tree-decoration/710877675-1","properties":{"osm_id":"tree-decoration-710877675-1","kind":"tree_decoration","decorator_for":710877675,"tree_scale":1.06,"tree_rotate":342},"geometry":{"type":"Point","coordinates":[34.76678077066251,50.86488976035004]}},{"type":"Feature","id":"tree-decoration/710877676-1","properties":{"osm_id":"tree-decoration-710877676-1","kind":"tree_decoration","decorator_for":710877676,"tree_scale":1.07,"tree_rotate":21},"geometry":{"type":"Point","coordinates":[34.76696235127637,50.86463138556767]}},{"type":"Feature","id":"tree-decoration/710877678-1","properties":{"osm_id":"tree-decoration-710877678-1","kind":"tree_decoration","decorator_for":710877678,"tree_scale":1.08,"tree_rotate":225},"geometry":{"type":"Point","coordinates":[34.76735748839272,50.86460882264137]}},{"type":"Feature","id":"tree-decoration/710877679-1","properties":{"osm_id":"tree-decoration-710877679-1","kind":"tree_decoration","decorator_for":710877679,"tree_scale":1.04,"tree_rotate":343},"geometry":{"type":"Point","coordinates":[34.767618673622245,50.86445176387873]}},{"type":"Feature","id":"tree-decoration/710877680-1","properties":{"osm_id":"tree-decoration-710877680-1","kind":"tree_decoration","decorator_for":710877680,"tree_scale":1.08,"tree_rotate":278},"geometry":{"type":"Point","coordinates":[34.76726900940177,50.86439035441268]}},{"type":"Feature","id":"tree-decoration/710877680-2","properties":{"osm_id":"tree-decoration-710877680-2","kind":"tree_decoration","decorator_for":710877680,"tree_scale":1.03,"tree_rotate":274},"geometry":{"type":"Point","coordinates":[34.76752038485751,50.86447413528167]}},{"type":"Feature","id":"tree-decoration/710877682-1","properties":{"osm_id":"tree-decoration-710877682-1","kind":"tree_decoration","decorator_for":710877682,"tree_scale":0.9,"tree_rotate":274},"geometry":{"type":"Point","coordinates":[34.76780022479034,50.86433617713684]}},{"type":"Feature","id":"tree-decoration/710877683-1","properties":{"osm_id":"tree-decoration-710877683-1","kind":"tree_decoration","decorator_for":710877683,"tree_scale":0.88,"tree_rotate":34},"geometry":{"type":"Point","coordinates":[34.765854895782226,50.86518590752119]}},{"type":"Feature","id":"tree-decoration/710877684-1","properties":{"osm_id":"tree-decoration-710877684-1","kind":"tree_decoration","decorator_for":710877684,"tree_scale":1.02,"tree_rotate":274},"geometry":{"type":"Point","coordinates":[34.76572599530913,50.86502328030883]}},{"type":"Feature","id":"tree-decoration/710877687-1","properties":{"osm_id":"tree-decoration-710877687-1","kind":"tree_decoration","decorator_for":710877687,"tree_scale":0.93,"tree_rotate":185},"geometry":{"type":"Point","coordinates":[34.76627968152162,50.864554172703514]}},{"type":"Feature","id":"tree-decoration/710877690-1","properties":{"osm_id":"tree-decoration-710877690-1","kind":"tree_decoration","decorator_for":710877690,"tree_scale":1.05,"tree_rotate":256},"geometry":{"type":"Point","coordinates":[34.767419201750585,50.86409990241435]}},{"type":"Feature","id":"tree-decoration/710877690-2","properties":{"osm_id":"tree-decoration-710877690-2","kind":"tree_decoration","decorator_for":710877690,"tree_scale":0.86,"tree_rotate":250},"geometry":{"type":"Point","coordinates":[34.76729600323962,50.86402102171988]}},{"type":"Feature","id":"tree-decoration/710877693-1","properties":{"osm_id":"tree-decoration-710877693-1","kind":"tree_decoration","decorator_for":710877693,"tree_scale":0.86,"tree_rotate":12},"geometry":{"type":"Point","coordinates":[34.766156413552544,50.86338461975026]}},{"type":"Feature","id":"tree-decoration/710877694-1","properties":{"osm_id":"tree-decoration-710877694-1","kind":"tree_decoration","decorator_for":710877694,"tree_scale":0.86,"tree_rotate":69},"geometry":{"type":"Point","coordinates":[34.76610464836741,50.863432642772615]}},{"type":"Feature","id":"tree-decoration/710877695-1","properties":{"osm_id":"tree-decoration-710877695-1","kind":"tree_decoration","decorator_for":710877695,"tree_scale":1.02,"tree_rotate":191},"geometry":{"type":"Point","coordinates":[34.766275235125846,50.863494208431284]}},{"type":"Feature","id":"tree-decoration/710877695-2","properties":{"osm_id":"tree-decoration-710877695-2","kind":"tree_decoration","decorator_for":710877695,"tree_scale":0.93,"tree_rotate":193},"geometry":{"type":"Point","coordinates":[34.76634116063773,50.86358711123368]}},{"type":"Feature","id":"tree-decoration/710877697-1","properties":{"osm_id":"tree-decoration-710877697-1","kind":"tree_decoration","decorator_for":710877697,"tree_scale":1.03,"tree_rotate":40},"geometry":{"type":"Point","coordinates":[34.76573688040542,50.86363780561387]}},{"type":"Feature","id":"tree-decoration/710877699-1","properties":{"osm_id":"tree-decoration-710877699-1","kind":"tree_decoration","decorator_for":710877699,"tree_scale":1.04,"tree_rotate":341},"geometry":{"type":"Point","coordinates":[34.76583145090002,50.86379587905846]}},{"type":"Feature","id":"tree-decoration/710877700-1","properties":{"osm_id":"tree-decoration-710877700-1","kind":"tree_decoration","decorator_for":710877700,"tree_scale":0.98,"tree_rotate":11},"geometry":{"type":"Point","coordinates":[34.765534253898224,50.863888236141975]}},{"type":"Feature","id":"tree-decoration/710877700-2","properties":{"osm_id":"tree-decoration-710877700-2","kind":"tree_decoration","decorator_for":710877700,"tree_scale":0.86,"tree_rotate":186},"geometry":{"type":"Point","coordinates":[34.76572114190564,50.863855005725775]}},{"type":"Feature","id":"tree-decoration/710877704-1","properties":{"osm_id":"tree-decoration-710877704-1","kind":"tree_decoration","decorator_for":710877704,"tree_scale":1.02,"tree_rotate":15},"geometry":{"type":"Point","coordinates":[34.76509849707346,50.86435003274775]}},{"type":"Feature","id":"tree-decoration/710877707-1","properties":{"osm_id":"tree-decoration-710877707-1","kind":"tree_decoration","decorator_for":710877707,"tree_scale":0.88,"tree_rotate":334},"geometry":{"type":"Point","coordinates":[34.76470687139183,50.8644569900136]}},{"type":"Feature","id":"tree-decoration/710877708-1","properties":{"osm_id":"tree-decoration-710877708-1","kind":"tree_decoration","decorator_for":710877708,"tree_scale":0.98,"tree_rotate":43},"geometry":{"type":"Point","coordinates":[34.76417842919007,50.864330301779425]}},{"type":"Feature","id":"tree-decoration/710877710-1","properties":{"osm_id":"tree-decoration-710877710-1","kind":"tree_decoration","decorator_for":710877710,"tree_scale":1.06,"tree_rotate":29},"geometry":{"type":"Point","coordinates":[34.764421697988794,50.864386458151316]}},{"type":"Feature","id":"tree-decoration/710877710-2","properties":{"osm_id":"tree-decoration-710877710-2","kind":"tree_decoration","decorator_for":710877710,"tree_scale":0.88,"tree_rotate":33},"geometry":{"type":"Point","coordinates":[34.76425756695995,50.86449674909372]}},{"type":"Feature","id":"tree-decoration/710877713-1","properties":{"osm_id":"tree-decoration-710877713-1","kind":"tree_decoration","decorator_for":710877713,"tree_scale":0.99,"tree_rotate":70},"geometry":{"type":"Point","coordinates":[34.7646382203695,50.864057881980116]}},{"type":"Feature","id":"tree-decoration/710877714-1","properties":{"osm_id":"tree-decoration-710877714-1","kind":"tree_decoration","decorator_for":710877714,"tree_scale":0.93,"tree_rotate":212},"geometry":{"type":"Point","coordinates":[34.76456477550352,50.86424072220393]}},{"type":"Feature","id":"tree-decoration/710877717-1","properties":{"osm_id":"tree-decoration-710877717-1","kind":"tree_decoration","decorator_for":710877717,"tree_scale":1.06,"tree_rotate":123},"geometry":{"type":"Point","coordinates":[34.76489083435857,50.86387743284157]}},{"type":"Feature","id":"tree-decoration/710877718-1","properties":{"osm_id":"tree-decoration-710877718-1","kind":"tree_decoration","decorator_for":710877718,"tree_scale":1.05,"tree_rotate":65},"geometry":{"type":"Point","coordinates":[34.765095706094364,50.86363527411738]}},{"type":"Feature","id":"tree-decoration/710877725-1","properties":{"osm_id":"tree-decoration-710877725-1","kind":"tree_decoration","decorator_for":710877725,"tree_scale":0.9,"tree_rotate":250},"geometry":{"type":"Point","coordinates":[34.765787788907055,50.863332545387635]}},{"type":"Feature","id":"tree-decoration/710877725-2","properties":{"osm_id":"tree-decoration-710877725-2","kind":"tree_decoration","decorator_for":710877725,"tree_scale":1.04,"tree_rotate":252},"geometry":{"type":"Point","coordinates":[34.76583979326531,50.86342281854126]}},{"type":"Feature","id":"tree-decoration/710877726-1","properties":{"osm_id":"tree-decoration-710877726-1","kind":"tree_decoration","decorator_for":710877726,"tree_scale":0.86,"tree_rotate":209},"geometry":{"type":"Point","coordinates":[34.765776706292996,50.86324695337994]}},{"type":"Feature","id":"tree-decoration/710877729-1","properties":{"osm_id":"tree-decoration-710877729-1","kind":"tree_decoration","decorator_for":710877729,"tree_scale":1.08,"tree_rotate":273},"geometry":{"type":"Point","coordinates":[34.76508038229989,50.863128075340086]}},{"type":"Feature","id":"tree-decoration/710877731-1","properties":{"osm_id":"tree-decoration-710877731-1","kind":"tree_decoration","decorator_for":710877731,"tree_scale":0.97,"tree_rotate":67},"geometry":{"type":"Point","coordinates":[34.764620500534846,50.8635686155803]}},{"type":"Feature","id":"tree-decoration/710877732-1","properties":{"osm_id":"tree-decoration-710877732-1","kind":"tree_decoration","decorator_for":710877732,"tree_scale":0.97,"tree_rotate":154},"geometry":{"type":"Point","coordinates":[34.76443769117785,50.86352093703149]}},{"type":"Feature","id":"tree-decoration/710877735-1","properties":{"osm_id":"tree-decoration-710877735-1","kind":"tree_decoration","decorator_for":710877735,"tree_scale":0.9,"tree_rotate":67},"geometry":{"type":"Point","coordinates":[34.76390988926551,50.86382023540829]}},{"type":"Feature","id":"tree-decoration/710877735-2","properties":{"osm_id":"tree-decoration-710877735-2","kind":"tree_decoration","decorator_for":710877735,"tree_scale":0.97,"tree_rotate":248},"geometry":{"type":"Point","coordinates":[34.76397927594082,50.86377989890336]}},{"type":"Feature","id":"tree-decoration/710877736-1","properties":{"osm_id":"tree-decoration-710877736-1","kind":"tree_decoration","decorator_for":710877736,"tree_scale":0.98,"tree_rotate":122},"geometry":{"type":"Point","coordinates":[34.76391104074431,50.864063378054205]}},{"type":"Feature","id":"tree-decoration/710877739-1","properties":{"osm_id":"tree-decoration-710877739-1","kind":"tree_decoration","decorator_for":710877739,"tree_scale":0.97,"tree_rotate":35},"geometry":{"type":"Point","coordinates":[34.76344092693371,50.86436616283844]}},{"type":"Feature","id":"tree-decoration/710877740-1","properties":{"osm_id":"tree-decoration-710877740-1","kind":"tree_decoration","decorator_for":710877740,"tree_scale":0.89,"tree_rotate":332},"geometry":{"type":"Point","coordinates":[34.763105954409376,50.86428463155193]}},{"type":"Feature","id":"tree-decoration/710917157-1","properties":{"osm_id":"tree-decoration-710917157-1","kind":"tree_decoration","decorator_for":710917157,"tree_scale":0.9,"tree_rotate":344},"geometry":{"type":"Point","coordinates":[34.76077853876158,50.87379126930452]}},{"type":"Feature","id":"tree-decoration/710917159-1","properties":{"osm_id":"tree-decoration-710917159-1","kind":"tree_decoration","decorator_for":710917159,"tree_scale":0.86,"tree_rotate":216},"geometry":{"type":"Point","coordinates":[34.761896116781706,50.87407096161025]}},{"type":"Feature","id":"tree-decoration/710917161-1","properties":{"osm_id":"tree-decoration-710917161-1","kind":"tree_decoration","decorator_for":710917161,"tree_scale":0.93,"tree_rotate":99},"geometry":{"type":"Point","coordinates":[34.76173141343074,50.87376542588305]}},{"type":"Feature","id":"tree-decoration/710917162-1","properties":{"osm_id":"tree-decoration-710917162-1","kind":"tree_decoration","decorator_for":710917162,"tree_scale":1.02,"tree_rotate":164},"geometry":{"type":"Point","coordinates":[34.76146839842344,50.87336329169134]}},{"type":"Feature","id":"tree-decoration/710917166-1","properties":{"osm_id":"tree-decoration-710917166-1","kind":"tree_decoration","decorator_for":710917166,"tree_scale":1.08,"tree_rotate":168},"geometry":{"type":"Point","coordinates":[34.7630589944438,50.873627373097726]}},{"type":"Feature","id":"tree-decoration/710917167-1","properties":{"osm_id":"tree-decoration-710917167-1","kind":"tree_decoration","decorator_for":710917167,"tree_scale":1,"tree_rotate":225},"geometry":{"type":"Point","coordinates":[34.76278535950779,50.87372540887955]}},{"type":"Feature","id":"tree-decoration/710917169-1","properties":{"osm_id":"tree-decoration-710917169-1","kind":"tree_decoration","decorator_for":710917169,"tree_scale":1.02,"tree_rotate":283},"geometry":{"type":"Point","coordinates":[34.76264634785114,50.87352742479043]}},{"type":"Feature","id":"tree-decoration/710917170-1","properties":{"osm_id":"tree-decoration-710917170-1","kind":"tree_decoration","decorator_for":710917170,"tree_scale":0.93,"tree_rotate":321},"geometry":{"type":"Point","coordinates":[34.7625493962659,50.87332164758201]}},{"type":"Feature","id":"tree-decoration/710917170-2","properties":{"osm_id":"tree-decoration-710917170-2","kind":"tree_decoration","decorator_for":710917170,"tree_scale":1.07,"tree_rotate":323},"geometry":{"type":"Point","coordinates":[34.76238200220717,50.87331908366453]}},{"type":"Feature","id":"tree-decoration/710917171-1","properties":{"osm_id":"tree-decoration-710917171-1","kind":"tree_decoration","decorator_for":710917171,"tree_scale":1.02,"tree_rotate":105},"geometry":{"type":"Point","coordinates":[34.76228768679962,50.87298566734526]}},{"type":"Feature","id":"tree-decoration/710917175-1","properties":{"osm_id":"tree-decoration-710917175-1","kind":"tree_decoration","decorator_for":710917175,"tree_scale":1.08,"tree_rotate":101},"geometry":{"type":"Point","coordinates":[34.763676097033056,50.87240076700994]}},{"type":"Feature","id":"tree-decoration/710917175-2","properties":{"osm_id":"tree-decoration-710917175-2","kind":"tree_decoration","decorator_for":710917175,"tree_scale":0.99,"tree_rotate":103},"geometry":{"type":"Point","coordinates":[34.7637560843971,50.87251561888182]}},{"type":"Feature","id":"tree-decoration/710917176-1","properties":{"osm_id":"tree-decoration-710917176-1","kind":"tree_decoration","decorator_for":710917176,"tree_scale":0.97,"tree_rotate":219},"geometry":{"type":"Point","coordinates":[34.76320611374655,50.87336273240024]}},{"type":"Feature","id":"tree-decoration/710917179-1","properties":{"osm_id":"tree-decoration-710917179-1","kind":"tree_decoration","decorator_for":710917179,"tree_scale":0.96,"tree_rotate":129},"geometry":{"type":"Point","coordinates":[34.763762415611424,50.87341634281537]}},{"type":"Feature","id":"tree-decoration/710917180-1","properties":{"osm_id":"tree-decoration-710917180-1","kind":"tree_decoration","decorator_for":710917180,"tree_scale":1.05,"tree_rotate":161},"geometry":{"type":"Point","coordinates":[34.7632794356989,50.87341078273367]}},{"type":"Feature","id":"tree-decoration/710917194-1","properties":{"osm_id":"tree-decoration-710917194-1","kind":"tree_decoration","decorator_for":710917194,"tree_scale":0.88,"tree_rotate":35},"geometry":{"type":"Point","coordinates":[34.76555695274203,50.87404443428407]}},{"type":"Feature","id":"tree-decoration/710917197-1","properties":{"osm_id":"tree-decoration-710917197-1","kind":"tree_decoration","decorator_for":710917197,"tree_scale":0.99,"tree_rotate":226},"geometry":{"type":"Point","coordinates":[34.76434153749312,50.8738311870312]}},{"type":"Feature","id":"tree-decoration/710917202-1","properties":{"osm_id":"tree-decoration-710917202-1","kind":"tree_decoration","decorator_for":710917202,"tree_scale":1.07,"tree_rotate":105},"geometry":{"type":"Point","coordinates":[34.76549031204221,50.87345389828762]}},{"type":"Feature","id":"tree-decoration/710917202-2","properties":{"osm_id":"tree-decoration-710917202-2","kind":"tree_decoration","decorator_for":710917202,"tree_scale":1.05,"tree_rotate":288},"geometry":{"type":"Point","coordinates":[34.76565538599696,50.87353867925456]}},{"type":"Feature","id":"tree-decoration/710917203-1","properties":{"osm_id":"tree-decoration-710917203-1","kind":"tree_decoration","decorator_for":710917203,"tree_scale":0.95,"tree_rotate":292},"geometry":{"type":"Point","coordinates":[34.76582320526967,50.87340118379065]}},{"type":"Feature","id":"tree-decoration/858440491-1","properties":{"osm_id":"tree-decoration-858440491-1","kind":"tree_decoration","decorator_for":858440491,"tree_scale":0.91,"tree_rotate":3},"geometry":{"type":"Point","coordinates":[34.77538056475399,50.87402154647265]}},{"type":"Feature","id":"tree-decoration/858440491-2","properties":{"osm_id":"tree-decoration-858440491-2","kind":"tree_decoration","decorator_for":858440491,"tree_scale":1,"tree_rotate":1},"geometry":{"type":"Point","coordinates":[34.77555371192443,50.87399150211883]}},{"type":"Feature","id":"tree-decoration/858440504-1","properties":{"osm_id":"tree-decoration-858440504-1","kind":"tree_decoration","decorator_for":858440504,"tree_scale":1.06,"tree_rotate":130},"geometry":{"type":"Point","coordinates":[34.77219343364669,50.87100051530584]}},{"type":"Feature","id":"tree-decoration/962044570-1","properties":{"osm_id":"tree-decoration-962044570-1","kind":"tree_decoration","decorator_for":962044570,"tree_scale":0.97,"tree_rotate":275},"geometry":{"type":"Point","coordinates":[34.76474515691706,50.87166714845845]}},{"type":"Feature","id":"tree-decoration/962044570-2","properties":{"osm_id":"tree-decoration-962044570-2","kind":"tree_decoration","decorator_for":962044570,"tree_scale":1.06,"tree_rotate":273},"geometry":{"type":"Point","coordinates":[34.76492932791678,50.87163974339326]}},{"type":"Feature","id":"tree-decoration/962044571-1","properties":{"osm_id":"tree-decoration-962044571-1","kind":"tree_decoration","decorator_for":962044571,"tree_scale":1,"tree_rotate":8},"geometry":{"type":"Point","coordinates":[34.76543016016825,50.87222066698947]}},{"type":"Feature","id":"tree-decoration/1083860836-1","properties":{"osm_id":"tree-decoration-1083860836-1","kind":"tree_decoration","decorator_for":1083860836,"tree_scale":0.9,"tree_rotate":45},"geometry":{"type":"Point","coordinates":[34.75777138519089,50.87419271047788]}},{"type":"Feature","id":"tree-decoration/1083860842-1","properties":{"osm_id":"tree-decoration-1083860842-1","kind":"tree_decoration","decorator_for":1083860842,"tree_scale":0.95,"tree_rotate":252},"geometry":{"type":"Point","coordinates":[34.75769600021914,50.87345078011353]}},{"type":"Feature","id":"tree-decoration/1083860843-1","properties":{"osm_id":"tree-decoration-1083860843-1","kind":"tree_decoration","decorator_for":1083860843,"tree_scale":0.98,"tree_rotate":321},"geometry":{"type":"Point","coordinates":[34.75839655871618,50.87406418037643]}},{"type":"Feature","id":"tree-decoration/1150096602-1","properties":{"osm_id":"tree-decoration-1150096602-1","kind":"tree_decoration","decorator_for":1150096602,"tree_scale":1.01,"tree_rotate":184},"geometry":{"type":"Point","coordinates":[34.763441202443616,50.86638936550317]}},{"type":"Feature","id":"tree-decoration/1150096603-1","properties":{"osm_id":"tree-decoration-1150096603-1","kind":"tree_decoration","decorator_for":1150096603,"tree_scale":1.01,"tree_rotate":275},"geometry":{"type":"Point","coordinates":[34.76293587558859,50.86583162744184]}},{"type":"Feature","id":"tree-decoration/1274701871-1","properties":{"osm_id":"tree-decoration-1274701871-1","kind":"tree_decoration","decorator_for":1274701871,"tree_scale":1,"tree_rotate":60},"geometry":{"type":"Point","coordinates":[34.77184709164636,50.871853027515215]}},{"type":"Feature","id":"tree-decoration/1274701871-2","properties":{"osm_id":"tree-decoration-1274701871-2","kind":"tree_decoration","decorator_for":1274701871,"tree_scale":0.86,"tree_rotate":58},"geometry":{"type":"Point","coordinates":[34.77180697164296,50.871948538860856]}},{"type":"Feature","id":"tree-decoration/1503331669-1","properties":{"osm_id":"tree-decoration-1503331669-1","kind":"tree_decoration","decorator_for":1503331669,"tree_scale":0.9,"tree_rotate":69},"geometry":{"type":"Point","coordinates":[34.7691238963584,50.87374483380233]}},{"type":"Feature","id":"tree-decoration/1503331669-2","properties":{"osm_id":"tree-decoration-1503331669-2","kind":"tree_decoration","decorator_for":1503331669,"tree_scale":0.97,"tree_rotate":250},"geometry":{"type":"Point","coordinates":[34.76902508128961,50.87378033771261]}}]}
